{"balcony_0": [[11.181677624678674, -0.15355879234302527], [11.252435443005314, 3.7830569418441335], [11.248352972173272, 3.783130321302272], [11.251511705784576, 3.9503832254974256], [12.564977171479518, 3.9319961028463837], [12.754603312430515, 3.787787506038363], [12.819445483903081, 3.649884322516389], [12.76886135405379, 0.08205160843384185], [12.625748116070383, -0.10052344608584107], [12.471082933967761, -0.1705006949504888], [12.471272674749322, -0.1569467545790424], [11.716140878514313, -0.14637571078861722], [11.715970886778797, -0.1585188980774772], [11.522471937533389, -0.15504089452783099], [11.522442115419532, -0.15670004973384977], [11.181677624678674, -0.15355879234302527]], "kitchen_1": [[1.6792547978381664, -1.0215885305532657], [1.713512982747364, 0.8843677712038289], [4.810553056187555, 0.8135567353357365], [4.781754252507668, -1.074068391429627], [1.6792547978381664, -1.0215885305532657]], "room_2": [[1.4218345974389273, 0.9679716547574371], [1.4754412866224857, 3.950383225497429], [6.460237058165275, 3.8562405137469824], [6.420677996232856, 1.2633314427686129], [6.223199183651537, 1.2668809814809219], [6.215954874712304, 0.8638433917427566], [1.69013578116361, 0.9673221748925549], [1.6900404075591808, 0.9631508494596739], [1.4218345974389273, 0.9679716547574371]], "room_3": [[6.484990465111195, -0.24696193247421228], [6.512107356810101, 1.2616880661928231], [6.4903708871251595, 1.2620787635016004], [6.529928979950247, 3.8549243140861265], [10.975126426962866, 3.770972441009011], [10.901407760564696, -0.33037026442416106], [6.484990465111195, -0.24696193247421228]], "bathroom_4": [[1.6492167298035438, -2.6927583609148655], [1.6780781682787467, -1.0870503911145857], [4.780755479030231, -1.1395332604886352], [4.761192005688116, -2.421826242442277], [4.160637983550224, -2.4104714197098587], [4.1586003861540615, -2.518239488010007], [4.159223186543633, -2.518251263450284], [4.157209811205817, -2.6247382325287347], [2.35868024609871, -2.5907712541042374], [2.3565015620069287, -2.70613116934667], [1.6492167298035438, -2.6927583609148655]], "corridor_5": [[4.827615086376488, -2.637399487566844], [4.880240749645917, 0.8119633889004243], [6.214474045149182, 0.7814573445794268], [6.152572795952826, -2.662422601341385], [4.827615086376488, -2.637399487566844]], "balcony_6": [[0.2331276043304893, -2.537466098264929], [0.2789895880019593, 0.6973011333407584], [1.0953639166993296, 0.6858727590873315], [1.0948544730819503, 0.657529830951848], [1.4026192614790371, 0.6519979816540769], [1.345923869595766, -2.5022537607230912], [1.04234104841849, -2.496797079259011], [1.0414066724209166, -2.548781147460671], [0.2331276043304893, -2.537466098264929]]}