{"room_0": [[9.054384382551559, -3.1839084782067957], [12.391304557735165, -3.191907144026599], [12.391304557735168, -7.1476024651042165], [9.556899007809186, -7.147602465104221], [9.556899007809182, -7.143963366492274], [9.054384382551563, -7.143963366492278], [9.054384382551559, -3.1839084782067957]], "bathroom_1": [[4.922489084855911, -3.1740042407801745], [6.250792638431138, -3.177188211530007], [6.25079263843114, -4.943456158739718], [6.265628988456136, -4.943456158739721], [6.2656289884561325, -4.9442812574689885], [6.4742748066073705, -4.9442812574689885], [6.474274806607374, -6.5641203351451045], [4.9983171916333475, -6.564120335145107], [4.998317191633344, -6.558606066562873], [4.922489084855918, -6.558606066562873], [4.922489084855911, -3.1740042407801745]], "kitchen_2": [[6.337353458822143, -3.177395699584575], [8.882794987658704, -3.1834971749223477], [8.882794987658707, -6.555190588917732], [7.610844166129198, -6.555190588917736], [7.610844166129198, -6.5641203351451045], [6.59707597859453, -6.564120335145104], [6.597075978594528, -4.878930414250721], [6.474274806607374, -4.878930414250721], [6.474274806607372, -4.887193567713972], [6.33735345882215, -4.887193567713972], [6.337353458822143, -3.177395699584575]], "shaft_3": [[5.064024547342573, -8.083829193639637], [5.228804380558092, -8.083829193639637], [5.228804380558092, -8.284857515459944], [5.064024547342575, -8.284857515459944], [5.064024547342573, -8.083829193639637]], "corridor_4": [[4.922489084855917, -6.7484119060751375], [7.772775818647439, -6.748411906075137], [7.772775818647439, -6.7394821598477685], [8.882794987658707, -6.739482159847764], [8.88279498765871, -7.361050806463081], [9.05438438255156, -7.361050806463081], [9.054384382551563, -7.248389240205822], [9.55689900780919, -7.248389240205824], [9.556899007809188, -7.24254940188268], [12.39130455773517, -7.242549401882673], [12.391304557735172, -9.544560783327949], [9.478096442061382, -9.544560783327952], [9.478096442061378, -9.546416276939052], [9.05498210057165, -9.546416276939059], [9.05498210057165, -8.323751793323034], [8.879089149951128, -8.32375179332303], [8.879089149951131, -8.424913463428904], [8.752211593681196, -8.424913463428904], [8.7522115936812, -8.419101106520666], [5.411735058425926, -8.419101106520667], [5.411735058425924, -7.915358201259241], [5.234686035249501, -7.915358201259242], [5.234686035249503, -7.905282826839377], [4.924033705681744, -7.905282826839375], [4.924033705681742, -6.802977118800275], [4.922489084855918, -6.802977118800277], [4.922489084855917, -6.7484119060751375]], "balcony_5": [[5.42450873824124, -12.9648080561268], [8.727809607648645, -12.967176952678805], [8.727809607648648, -13.598004699613519], [8.722459954058104, -13.598004699613515], [8.722459954058108, -13.945841868413067], [8.824713594570984, -13.945841868413066], [8.82471359457098, -14.056099743776494], [5.424508738241244, -14.0560997437765], [5.42450873824124, -12.9648080561268]], "room_6": [[9.051320925418063, -12.659664367285217], [9.054982100571651, -12.659664367285224], [9.054982100571646, -9.62261433790173], [9.523048364380642, -9.62261433790173], [9.523048364380639, -9.618539159485401], [12.391304557735173, -9.618539159485401], [12.391304557735175, -13.598004699613512], [9.051320925418064, -13.598004699613513], [9.051320925418063, -12.659664367285217]], "living_dining_7": [[5.014443768172061, -8.601698536253739], [5.23468603524949, -8.601698536253735], [5.23468603524949, -8.598756096807069], [5.406289962603086, -8.598756096807069], [5.406289962603086, -8.603392677450701], [8.693970983772648, -8.6033926774507], [8.693970983772648, -8.609205034358933], [8.879089149951131, -8.609205034358933], [8.879089149951138, -12.651596140275714], [8.732016015566836, -12.651596140275712], [8.732018266531234, -12.648457289548068], [5.014443768172063, -12.645791304898431], [5.014443768172061, -8.601698536253739]]}