{"bathroom_0": [[-7.647809763293415, 8.142408185617636], [-4.037178542766094, 8.142408185617635], [-4.037178542766096, 6.569808264597677], [-7.558860881415146, 6.569808264597678], [-7.558860881415146, 7.382332015826405], [-7.647809763293413, 7.382332015826403], [-7.647809763293415, 8.142408185617636]], "balcony_1": [[-8.852389638341808, 7.466068927366219], [-8.852389638341807, 10.546292618015137], [-7.954614703142003, 10.546292618015135], [-7.954614703142003, 7.382332015826403], [-7.972146358831303, 7.382332015826405], [-7.972146358831303, 7.34536685795808], [-8.700377792650706, 7.345366857958079], [-8.852389638341808, 7.466068927366219]], "kitchen_2": [[-7.647809763293415, 8.230769585241395], [-7.647809763293413, 10.596678658646535], [-4.037178542766096, 10.596678658646535], [-4.037178542766094, 8.230769585241395], [-7.647809763293415, 8.230769585241395]], "corridor_3": [[-3.778428435776519, 6.569808264597677], [-3.7784284357765183, 9.693929943352556], [-2.475918686858135, 9.693929943352558], [-2.475918686858134, 9.202733336527588], [-2.764732322387879, 9.202733336527587], [-2.764732322387879, 9.137299742113678], [-1.52128101984038, 9.137299742113676], [-1.5212810198403792, 7.926418846512632], [-1.5289236215769937, 7.926418846512632], [-1.5289236215769941, 7.838057446888869], [-1.2339878859921685, 7.838057446888869], [-1.2339878859921694, 6.569808264597675], [-3.778428435776519, 6.569808264597677]], "balcony_4": [[-9.225835353354219, 0.09622031892202987], [-9.225835353354219, 3.2616474157720887], [-9.110878522534538, 3.391676632996443], [-7.972146358831305, 3.3916766329964423], [-7.972146358831305, 1.0770417779527408], [-7.947786266928992, 1.0770417779527435], [-7.948390396359805, 1.0617536262989473], [-4.0607972629653375, 0.908130776389207], [-4.060527781082589, 0.047967396958101816], [-4.2890813311553035, -0.14251432493340221], [-9.088323819280191, -0.012968058172940111], [-9.225835353354219, 0.09622031892202987]], "living_room_5": [[-7.558860881415146, 1.470306147354167], [-7.558860881415146, 6.308724065726379], [-2.7296701885355703, 6.308724065726377], [-2.729670188535571, 1.2794749539802908], [-7.558860881415146, 1.470306147354167]], "room_6": [[-2.644094640512575, 1.2760933347833232], [-2.6440946405125723, 6.308724065726377], [1.1572978016851894, 6.308724065726376], [1.157297801685189, 1.2899645019854367], [1.1521159635494018, 1.2899645019854367], [1.1521159635494018, 1.126081573818932], [-2.644094640512575, 1.2760933347833232]]}