{"bathroom_0": [[-19.609504152332363, -0.5016095150736799], [-19.609504152332363, 0.7106014549591073], [-18.405900008159076, 0.7106014549591073], [-18.405900008159076, -0.5016095150736799], [-19.609504152332363, -0.5016095150736799]], "dining_1": [[-13.945240096803172, 5.1050303142468145], [-13.945240096803172, 5.717585565979888], [-11.364332416434342, 5.717585565979888], [-11.364332416434342, 1.4665284063683721], [-13.941042270684068, 1.4665284063791795], [-13.941042270684068, 4.077488287623243], [-13.945240096803172, 5.1050303142468145]], "room_2": [[-19.609504152332363, -4.488940854426202], [-19.609504152332363, -0.6784048731133492], [-17.188504329285433, -0.6784048731133492], [-17.188504329285433, -4.488940854426202], [-19.609504152332363, -4.488940854426202]], "balcony_3": [[-18.585769270381174, -5.63277914678657], [-18.585769270381174, -4.8363098928981], [-13.747091639520814, -4.8363098928981], [-13.747091639520814, -5.553039683200691], [-13.788455474682227, -5.553039683200691], [-13.788455474682227, -5.947447872758509], [-13.563180377499556, -5.947447872758509], [-13.563180377499556, -6.531514332267433], [-14.248892244159727, -6.531514332267433], [-14.248892244159727, -6.367436503948554], [-14.339926724642837, -6.367436503948554], [-14.339926724642837, -6.377611873146627], [-15.398708963541615, -6.377611873146627], [-15.398708963541615, -6.367436503948557], [-15.497374970923278, -6.367436503948557], [-15.497374970923278, -6.531514332267429], [-18.557637367304157, -6.531514332267429], [-18.557637367304157, -5.952777463998524], [-18.557107609608696, -5.952777463998524], [-18.557107609608696, -5.63277914678657], [-18.585769270381174, -5.63277914678657]], "bathroom_4": [[-16.846263810469686, 0.8526900839813916], [-16.846263810469686, 3.344181669793471], [-14.10136276766889, 3.344181669793471], [-14.10136276766889, 0.8526900839813916], [-16.846263810469686, 0.8526900839813916]], "corridor_5": [[-18.291182100396743, -0.5016095150736799], [-18.291182100396743, 0.7106014549591073], [-14.10136276766889, 0.7106014549591073], [-14.10136276766889, -0.5016095150736799], [-18.291182100396743, -0.5016095150736799]], "corridor_6": [[-13.941042270684068, -0.5016095150736799], [-13.941042270684068, 1.4545284063791808], [-11.349389339166063, 1.4545284063683077], [-11.349389339166063, 1.4298193934310017], [-9.97049633230169, 1.4298193934310017], [-9.97049633230169, -0.7446375628198556], [-11.413847520930046, -0.7446375628198556], [-11.413847520930046, -0.0765152730138823], [-11.554053549894249, -0.0765152730138823], [-11.554053549894249, -0.5016095151025954], [-13.408940691655147, -0.5016095150749695], [-13.408940691655147, -0.5016095150736799], [-13.495585731071596, -0.5016095150736799], [-13.496778474461372, -0.5016095150736621], [-13.582616257481778, -0.5016095150736799], [-13.941042270684068, -0.5016095150736799]], "room_7": [[-17.0190449790032, -4.488940854426202], [-17.0190449790032, -0.6784048731133492], [-13.582616257481778, -0.6784048731133492], [-13.582616257481778, -4.488940854426202], [-17.0190449790032, -4.488940854426202]], "shaft_8": [[-15.398708963541615, -6.6905044759872725], [-15.398708963541615, -6.468646353629733], [-14.339926724642837, -6.468646353629733], [-14.339926724642837, -6.6905044759872725], [-15.398708963541615, -6.6905044759872725]], "room_9": [[-19.609504152332363, 0.8526900839813916], [-19.609504152332363, 5.717585565979888], [-17.002037800121943, 5.717585565979888], [-17.002037800121943, 0.8526900839813916], [-19.609504152332363, 0.8526900839813916]], "living_room_10": [[-13.428607729904378, -5.553039683200691], [-13.428607729904378, -4.8363098928981], [-13.4139180188242, -4.8363098928981], [-13.4139180188242, -4.673112977258343], [-13.408940691441003, -4.673112977258343], [-13.408940691441003, -0.51360951507497], [-11.554053549894249, -0.5136095151025941], [-11.554053549894249, -0.7446375628198556], [-11.556620471408182, -0.7446375628198556], [-11.556620471408182, -0.9015687816941362], [-11.554053549894249, -0.9015687816941362], [-11.554053549894249, -0.9034971782760337], [-11.413847520930046, -0.9034971782760337], [-11.413847520930046, -0.9015687816941362], [-7.972642326683813, -0.9015687816941362], [-7.972642326683813, -5.553039683200691], [-13.428607729904378, -5.553039683200691]], "kitchen_11": [[-16.846263810469686, 3.46947852624821], [-16.846263810469686, 5.717585565979888], [-14.08039185217988, 5.717585565979888], [-14.08039185217988, 5.10402827358239], [-13.957236107073744, 5.10402827358239], [-13.953046443643847, 4.077488287623243], [-14.10136276766889, 4.077488287623243], [-14.10136276766889, 3.46947852624821], [-16.846263810469686, 3.46947852624821]]}