{"bathroom_0": [[-2.3398618338894535, 6.6765056774928775], [-2.3398618338894526, 7.465161205265097], [-0.7625657297369903, 7.464046001007443], [-0.7625657297369879, 4.3741077417021685], [-1.911135700700312, 4.374107741702168], [-1.9111357007003111, 4.660600977030156], [-1.9071200412219584, 4.660600977030157], [-1.9071200412219593, 4.740272232695384], [-2.0387390498202205, 4.740272232695386], [-2.0387390498202205, 6.676505677492876], [-2.3398618338894535, 6.6765056774928775]], "room_1": [[-4.461047295937314, 2.621370865793454], [-1.8277866684877038, 2.6213708657934567], [-1.8277866684877038, 2.31942528660933], [-1.0285058373351663, 2.319425286609329], [-1.0285058373351619, -1.9042107565617705], [-1.1829108541767945, -1.904210756561767], [-1.6149378133934016, -1.4172051758841313], [-1.614937813393403, -1.38645686435121], [-1.9031815547007167, -1.38645686435121], [-1.9031815547007158, -1.575131745382258], [-3.460164253313277, -1.5751317453822598], [-3.4601642533132786, -1.3735116550736723], [-3.7900044924182748, -1.3735116550736732], [-3.806198744532293, -1.3592873809219643], [-4.288169777422873, -1.9080085553760968], [-4.461047295937312, -1.9080085553760986], [-4.461047295937314, 2.621370865793454]], "kitchen_2": [[-5.561050691511832, 7.467438699972192], [-2.413985466000711, 7.4652136133005325], [-2.4139854660007094, 6.665409783826416], [-2.4250623937307214, 6.665409783826419], [-2.4250623937307205, 4.758707997209035], [-2.9465717336120623, 4.7587079972090365], [-2.9465717336120596, 4.610696545115226], [-2.9354757902103312, 4.610696545115227], [-2.9354757902103312, 4.379682778119541], [-5.258075932872899, 4.379682778119543], [-5.258075932872899, 4.72365548177984], [-5.2691718762746325, 4.72365548177984], [-5.269171876274633, 4.751395215945993], [-5.561050691511831, 4.751395215945992], [-5.561050691511832, 7.467438699972192]], "room_3": [[-9.148984847415143, 2.6213708657934545], [-4.557362814852032, 2.621370865793455], [-4.55736281485203, -1.9080085553760977], [-9.14898484741514, -1.9080085553760977], [-9.148984847415143, 2.6213708657934545]], "room_4": [[-9.148984847415145, 7.469975496605571], [-5.733185839668986, 7.467560405623791], [-5.73318583966898, 3.1351759649841258], [-6.343462726764158, 3.1351759649841244], [-6.343462726764159, 2.800905164456832], [-9.148984847415143, 2.8009051644568315], [-9.148984847415145, 7.469975496605571]], "corridor_5": [[-5.563195360748798, 2.8009051644568337], [-5.563195360748798, 3.0518079661586777], [-5.561050691511827, 3.0518079661586777], [-5.561050691511829, 4.281602847524804], [-2.8058724410904237, 4.281602847524803], [-2.8058724410904246, 4.327751256620466], [-2.8043401288679153, 4.327751256620467], [-2.8043401288679135, 4.610696545115225], [-2.4250623937307196, 4.6106965451152275], [-2.4250623937307187, 4.28336768195462], [-2.397341550898112, 4.283367681954619], [-2.3973415508981137, 4.272244698704011], [-0.7625657297369874, 4.272244698704013], [-0.7625657297369879, 2.800905164456837], [-5.563195360748798, 2.8009051644568337]], "balcony_6": [[-4.1559088523897145, -3.106365071353917], [-4.1559088523897145, -2.2872689400357844], [-4.0295590095399305, -2.2872689400357835], [-3.999819770325489, -2.313390497775603], [-3.4652048097346473, -1.7047345225465644], [-3.4601642533132777, -1.7047345225465653], [-3.4601642533132786, -1.6989958788300576], [-3.4424296567486463, -1.6788051453806805], [-3.4601642533132777, -1.6632279046579077], [-3.4601642533132777, -1.6178294127215338], [-1.9031815547007158, -1.6178294127215338], [-1.9031815547007163, -1.6782857290206579], [-1.911744597438277, -1.6858820799914245], [-1.9031815547007171, -1.6955348331629754], [-1.9031815547007163, -1.7176924557196855], [-1.8835253316994829, -1.7176924557196873], [-1.3588200276703928, -2.309170385098634], [-1.3298503651982236, -2.2834711412214546], [-1.2138428263780954, -2.2834711412214546], [-1.2138428263780952, -3.106365071353917], [-4.1559088523897145, -3.106365071353917]]}