{"room_0": [[5.169415743010756, -6.72903683183752], [5.178368917359235, -2.7893231892851555], [8.562336843236267, -2.7754740020696964], [8.563830093041412, -6.740996470095006], [5.169415743010756, -6.72903683183752]], "room_1": [[5.178577380258331, -2.6975921344032576], [5.18758643077251, 1.2667089989893712], [8.560815029145955, 1.2659047052737575], [8.562302301534414, -2.683743941705563], [5.178577380258331, -2.6975921344032576]], "room_2": [[5.187754832642684, 1.3408117830435722], [5.194537010227414, 4.325209999448015], [8.559663022803475, 4.325209999448015], [8.56078712512104, 1.3400075361340358], [5.187754832642684, 1.3408117830435722]], "bathroom_3": [[1.8982543989721654, 2.3905623204384066], [3.586575634460388, 2.375187545918757], [3.591769479152818, 1.1061019614908756], [3.6504628262311574, 1.1063421691907713], [3.650456393799309, 1.1079138963049764], [4.050548885571663, 1.109551310117229], [4.053977122905928, 0.27188156091433235], [2.223056230607291, 0.28084822561142575], [2.2174669119064427, 1.64656557182939], [2.2003454748725355, 1.6464955008381534], [2.2003259127929837, 1.6512753806050067], [1.9012850047007086, 1.6500515293120968], [1.8982543989721654, 2.3905623204384066]], "kitchen_4": [[1.890336682702552, 4.3252099994480115], [5.060541962222636, 4.3252099994480115], [5.056272065417265, 2.4463042570108775], [1.897908560051753, 2.4750660386702994], [1.890336682702552, 4.3252099994480115]], "corridor_5": [[2.950673640581897, 0.1105445015869635], [4.121660667611327, 0.10480976554228705], [4.122477234146827, 0.2715460917349741], [4.113986030835778, 0.27158767614929036], [4.110359017404959, 1.1578272023878697], [4.102361502359185, 1.157794471852132], [4.102254800841673, 1.1838663638185145], [3.6501531240034772, 1.182016097828972], [3.645272152190489, 2.3746530233964926], [5.056080038093074, 2.361805436882534], [5.047397774827276, -1.4586977394326444], [2.973630112903332, -1.467184816503242], [2.9719584614160217, -1.0587265490030784], [2.9789810764309133, -1.0238081630545044], [2.971809652176212, -1.0223658812799852], [2.971154205852798, -0.8622114042647195], [2.9546550062770383, -0.8622789286942758], [2.950673640581897, 0.1105445015869635]], "balcony_6": [[5.132345000287874, -7.0628850485457875], [8.418135666146737, -7.074461969835063], [8.422116547513623, -10.305102002257698], [5.136321743945567, -10.29016716904974], [5.132345000287874, -7.0628850485457875]], "room_7": [[0.9023990946815752, -6.714002728663809], [0.9158824109181889, -2.704678029794275], [1.4978694696251444, -2.707528225471993], [1.4978886548751296, -2.7036107515610537], [2.9106687116028143, -2.697828824566335], [2.9106833635419447, -2.701408940229604], [2.9786801450959226, -2.70113065740352], [2.9739162532689427, -1.5371015419009062], [5.047238881822377, -1.5286162861686308], [5.0354217678852216, -6.728564726989399], [0.9023990946815752, -6.714002728663809]]}