{"bathroom_0": [[-1.3190897340603946, 2.7208016222088354], [-1.1780137151746253, 2.9701526414248], [-1.1745186630746858, 2.9681752360883067], [-1.1352866597221016, 3.037517567259222], [-1.2498420135495607, 3.102329868050468], [-0.2963950474709787, 4.7875416753992965], [-0.5584789777629151, 4.935821628758937], [-0.1701264150820396, 5.622232459489975], [1.2021330805000723, 4.8445640721681045], [-0.3194253176469406, 2.15521870807914], [-1.3190897340603946, 2.7208016222088354]], "room_1": [[-6.631881887109406, -1.4912375338343864], [-4.401508747477713, 2.4509336444534995], [-2.1096353614826704, 1.1542540716044734], [-2.2583204785420214, 0.891454016897697], [-1.5626618544928341, 0.4978693044991047], [-3.6424797514524663, -3.1781963832519224], [-3.776867037342276, -3.102163715160927], [-3.9130711402685066, -2.4655553807455117], [-3.897929947236296, -2.4387934126622977], [-4.148804529302144, -2.2968554033902073], [-4.24171248592155, -2.4610696607763636], [-5.596841246138869, -1.6943746973060634], [-5.497558763480733, -1.518893503290066], [-5.784637094335945, -1.3564723984846054], [-5.791727486187195, -1.336117789176857], [-6.481416954170408, -1.576366496963118], [-6.631881887109406, -1.4912375338343864]], "kitchen_2": [[-4.310028794760036, 4.84648005827415], [-2.97258499296003, 7.210403975016803], [-0.2346145335424392, 5.658778295934155], [-0.6284567826364693, 4.962664477316814], [-0.6380976497797981, 4.9681190175046375], [-1.5770025316015719, 3.308610257063414], [-2.0309011560531545, 3.565413742834995], [-2.10378548222927, 3.4365911324408103], [-2.094128064687748, 3.4311272284882257], [-2.207884686264677, 3.2300630805429975], [-4.229372949821865, 4.373766111489722], [-4.059992686507046, 4.673144713368309], [-4.069650104048572, 4.678608617320897], [-4.055990405394152, 4.702752052956267], [-4.310028794760036, 4.84648005827415]], "room_3": [[-10.712055037248678, 0.8172133648070599], [-8.481681897616987, 4.759384543094946], [-4.485337507972545, 2.498361675170699], [-6.715710647604238, -1.443809503117187], [-10.712055037248678, 0.8172133648070599]], "room_4": [[-8.393274979108487, 4.915643242553191], [-6.094114743778327, 8.979395200882845], [-3.122343868899822, 7.295273304698384], [-5.255712038896473, 3.5245578297862536], [-5.786870003680232, 3.8250725471785216], [-5.951472821314518, 3.534138051953203], [-8.393274979108487, 4.915643242553191]], "corridor_5": [[-5.272362674947026, 3.1499160177473655], [-5.148812224093069, 3.3682907003358444], [-5.146945599006765, 3.3672346146749312], [-4.541365625327437, 4.437593594509671], [-2.14338054174344, 3.0808789117175195], [-2.120655977843443, 3.1210444424324955], [-2.119322321172623, 3.1202898957926983], [-1.9799933948975301, 3.3665529392734683], [-1.6498868577776875, 3.179787646669233], [-1.8110713018998545, 2.894895106171866], [-1.786944308444241, 2.8812447100551637], [-1.7924215274554776, 2.871563758227154], [-0.3695850799230644, 2.066561628399924], [-1.0941073314980372, 0.7859728841063358], [-5.272362674947026, 3.1499160177473655]], "balcony_6": [[-6.956401886588505, -2.684491311978512], [-6.5530596535378525, -1.9715863285634398], [-6.443090348132431, -2.0338039679980433], [-6.430069502346914, -2.071183316612462], [-5.665047784061459, -1.804693123882732], [-5.660660707069413, -1.8071752126206455], [-5.657834863700366, -1.802180551375013], [-5.632457063718899, -1.7933403646894988], [-5.640221870520826, -1.7710496913220517], [-5.617866583498188, -1.7315368552781472], [-4.262737823280869, -2.498231818748449], [-4.2925079377836255, -2.550850317994936], [-4.303701452993659, -2.5532452013405535], [-4.301001803053982, -2.565863174035062], [-4.311912738436785, -2.585148187035781], [-4.294804832786998, -2.594827374344238], [-4.129382250442811, -3.368000813017119], [-4.091513426538734, -3.359898674056808], [-3.9905456043546668, -3.4170235193214573], [-4.395757963018028, -4.133233938566615], [-6.956401886588505, -2.684491311978512]]}