{"corridor_0": [[3.157465273317344, 3.30782932972384], [3.157465273317346, 4.510446855351739], [5.358675602335288, 4.5104468553517405], [5.358675602335287, 2.7133586921258948], [5.351877645309396, 2.713358692125893], [5.351877645309397, 2.6361308943468886], [4.769382221705786, 2.6361308943468904], [4.769382221705786, 2.507527359526639], [5.192435137013916, 2.507527359526639], [5.1924351370163695, -1.493706592811895], [3.9072927654361, -1.4937065928118978], [3.9072927654361, 0.3543068003596481], [3.9101634523599382, 0.3543068003596499], [3.9101634523599387, 0.5032672350536034], [3.168482378707895, 0.5032672350536016], [3.1684823787078953, 3.1131905727212983], [3.1584823787078964, 3.1131905727213], [3.1584823787078973, 3.307829329723842], [3.157465273317344, 3.30782932972384]], "storeroom_1": [[3.9072927654361, -3.9364877450006164], [5.127594072960331, -3.9364877450006173], [5.127594072960332, -5.172118642669574], [3.9072927654361003, -5.172118642669573], [3.9072927654361, -3.9364877450006164]], "balcony_2": [[9.343152712177694, -5.172118642669574], [9.343152712177694, -1.836178434010065], [10.537529279793286, -1.8361784340100642], [10.537529279793286, -1.661487595704894], [11.152081067443206, -1.6614875957048936], [11.152081067443207, -5.172118642669572], [9.343152712177694, -5.172118642669574]], "room_3": [[-1.1349235721942836, -5.172118642669574], [-1.1349235721942836, -2.5326524786112907], [3.7719531985983936, -2.5326524786112885], [3.7719531985983945, -5.172118642669571], [-1.1349235721942836, -5.172118642669574]], "kitchen_4": [[-1.1349235721942863, 0.3842513476184184], [-0.5100082234621395, 0.38425134761842106], [-0.5100082234621377, 0.4869330570227577], [0.5188653772860086, 0.4869330570371604], [0.5188653772860095, 0.3808320694204754], [1.1412939839863916, 0.38083206942047454], [1.1412939839863903, 0.3543068003596481], [1.1465021649479827, 0.35430680035964723], [1.1465021649479823, -2.39362285077182], [-1.1349235721942854, -2.3936228507718194], [-1.1349235721942863, 0.3842513476184184]], "living_room_5": [[5.204435137013915, 2.50752735952664], [5.351877645309396, 2.507527359526639], [5.351877645309396, 2.5022629869530606], [10.197291648749633, 2.5022629869530597], [10.197291648749633, -1.5040694609141219], [9.343152712177694, -1.5040694609141232], [9.343152712177694, -1.4925664780580803], [9.004364341547022, -1.4925664780580798], [9.004364341547024, -1.4937065928118964], [5.204435137016368, -1.493706592811895], [5.204435137013915, 2.50752735952664]], "dining_6": [[-1.1349235721942836, 3.111190572721296], [3.156482378707899, 3.111190572721296], [3.1564823787078966, 0.5032672350536016], [1.141293983986389, 0.5032672350536025], [1.1412939839863911, 0.4989330570371786], [0.5188653772861471, 0.4989330570371786], [-0.5100082234621377, 0.4989330570227599], [-0.5100082234621359, 0.5023523352351287], [-1.1349235721942827, 0.502352335235126], [-1.1349235721942836, 3.111190572721296]], "corridor_7": [[3.907292765436099, -3.8587295438406177], [3.9072927654361, -1.6426670275058517], [5.127594072960332, -1.6426670275058526], [5.127594072960331, -3.858729543840618], [3.907292765436099, -3.8587295438406177]], "shaft_8": [[1.2684882257346026, -2.190841647461791], [3.771953198598394, -2.1908416474617898], [3.771953198598393, -2.3936228507718167], [1.268488225734604, -2.393622850771819], [1.2684882257346026, -2.190841647461791]], "room_9": [[5.259276201072544, -1.6426670275058521], [9.004364341547022, -1.6426670275058508], [9.004364341547024, -5.172118642669572], [5.259276201072545, -5.172118642669574], [5.259276201072544, -1.6426670275058521]], "bathroom_10": [[1.268488225734603, -2.1462580437140697], [1.2684882257346044, 0.3543068003596481], [2.920305719621325, 0.354306800359649], [2.9203057196213233, 0.1751180636334757], [2.9244949513144194, 0.1751180636334766], [2.924494951314421, 0.13035127771971666], [3.771953198598393, 0.13035127771971755], [3.7719531985983945, -2.146258043714068], [1.268488225734603, -2.1462580437140697]]}