{"room_0": [[-25.901069864872994, -2.4413571966006486], [-25.901069864872994, 0.36120791062618096], [-21.835828818047098, 0.3279656559116475], [-21.832597088379753, -2.4230418813056644], [-25.901069864872994, -2.4413571966006486]], "living_dining_1": [[-20.0932837134025, -2.4023076453768404], [-20.07063664731688, 0.367233212547152], [-19.957582509981485, 0.36630874721126006], [-19.935887739102085, 3.019392114683752], [-13.773472262460292, 3.041773505031795], [-13.79310186204266, -0.043518637188881826], [-14.743589188753644, -0.03574632025772928], [-14.74355951256197, -0.03211717796418867], [-15.007560303707125, -0.029958392927092348], [-15.027155936567318, -2.426335285104411], [-20.0932837134025, -2.4023076453768404]], "kitchen_2": [[-25.901069864872987, 0.5282436865237656], [-25.901069864872987, 3.1148653008684626], [-25.88419264221868, 3.11472729258608], [-25.882937350495308, 3.268238643829207], [-21.839284101109577, 3.2692728587202833], [-21.83602504421178, 0.49500303638816234], [-25.901069864872987, 0.5282436865237656]], "bathroom_3": [[-19.848652381284502, -6.466262158764355], [-19.83078598380012, -4.281355838897358], [-18.15119577193436, -4.295090169776081], [-18.15742901195923, -6.464493457894903], [-19.848652381284502, -6.466262158764355]], "bathroom_4": [[-21.70626123901151, -6.468204867493046], [-21.688254753261674, -4.266166960981504], [-19.954010194522922, -4.2803482109233535], [-19.960313717799163, -5.0512147415560875], [-20.240424184453992, -5.0489242246166235], [-20.241711685160567, -5.206374456712336], [-20.235333458215862, -5.206426612695779], [-20.245638769739273, -6.466677331699611], [-21.70626123901151, -6.468204867493046]], "balcony_5": [[-14.768501248929049, -3.082276420448423], [-14.745700852816107, -0.29398462260938274], [-13.447818247414464, -0.3045976572760516], [-13.447833656620457, -0.30648207026886354], [-12.218738657840408, -0.31653261550029654], [-12.241311477325539, -3.076993754540066], [-13.442381508706696, -3.067172374835078], [-13.442524856956268, -3.08470262942064], [-13.775900228617687, -3.0819765551503373], [-13.775969047789939, -3.090392546371241], [-14.768501248929049, -3.082276420448423]], "room_6": [[-17.999283559739812, -6.464328067560359], [-17.988271971128587, -2.631878740196054], [-15.02895147550061, -2.645914210645987], [-15.034612860233674, -3.3382527357055487], [-13.778079867949408, -3.3485276466654668], [-13.803522483491559, -6.459940092324107], [-17.999283559739812, -6.464328067560359]], "corridor_7": [[-21.705934463609267, 4.6402608697367], [-20.25239062779221, 4.628374963372869], [-20.265350853435628, 3.039489034380475], [-20.09185613854537, 3.0380703348648535], [-20.113693206239034, 0.3675852942767044], [-20.08104407067344, 0.3673183160414233], [-20.103691429026295, -2.4022582836448763], [-20.435949674617714, -2.400682448653491], [-20.43699111089476, -2.6202649507544713], [-18.146414793086784, -2.6311287001420105], [-18.1507518127261, -4.1405755734582215], [-21.695653281164745, -4.111588235144353], [-21.705934463609267, 4.6402608697367]], "shaft_8": [[-20.10480686587633, -6.466530048073256], [-20.094512174940267, -5.207578135302668], [-19.96160121850574, -5.208664973651796], [-19.971885885442664, -6.466391037781694], [-20.10480686587633, -6.466530048073256]], "room_9": [[-25.901069864873, -2.6334478855539523], [-21.832371432183997, -2.615131554407416], [-21.830547856424115, -4.167449098416057], [-21.822412056664845, -4.167439540933902], [-21.84122700963953, -6.468346016249733], [-25.901069864872998, -6.472591846645724], [-25.901069864873, -2.6334478855539523]]}