{"dining_0": [[1.3137888093356627, -3.673071577197966], [5.472948161638216, -3.6730715771979656], [5.472948161638216, -7.19243848163648], [5.4522554247770945, -7.19243848163648], [5.452255424777096, -7.95886432289834], [1.3225552192163135, -7.958864322898342], [1.3225552192163148, -7.9186623630260495], [1.313788809335663, -7.9186623630260495], [1.3137888093356627, -3.673071577197966]], "kitchen_1": [[1.3475893191417443, -0.8358332042833281], [1.3475893191417443, 1.8716878438847395], [2.4072472442935684, 1.8716878438847395], [2.4072472442935684, 2.028628782573774], [3.2982098207424415, 2.028628782573775], [3.2982098207424415, 1.8491486453604162], [3.6972710842285443, 1.8491486453604162], [3.6972710842285452, 0.7055395864708656], [3.688377931901567, 0.7055395864708647], [3.688377931901567, -0.8358332042833283], [1.3475893191417443, -0.8358332042833281]], "bathroom_2": [[3.8159638877095294, 0.6654583921264332], [3.939580182776227, 0.752015453777692], [3.9444533006238616, 0.7520154537776924], [3.9444533006238616, 0.7609929909224009], [3.9769786406098677, 0.7609929909224009], [3.976978640609865, 1.272101285619398], [3.958022737024201, 1.272101285619399], [3.958022737024201, 1.8491486453604162], [4.401716734523715, 1.8491486453604162], [4.401716734523717, 1.8531385378813212], [5.439018229793392, 1.853138537881322], [5.439018229793392, 1.8519868596469822], [5.581676736548069, 1.8519868596469822], [5.581676736548069, -0.8358332042833283], [3.8159638877095303, -0.8358332042833274], [3.8159638877095294, 0.6654583921264332]], "room_3": [[5.704944117468246, -3.4643611042435016], [5.746531936195952, -3.4643611042435016], [5.74653193619595, -2.315031824774045], [9.581156438019018, -2.315031824774043], [9.581156438019018, -4.403792713853067], [9.54598262385989, -4.403792713853065], [9.54598262385989, -6.914578261730628], [5.704944117468248, -6.91457826173063], [5.704944117468246, -3.4643611042435016]], "balcony_4": [[5.809127317564693, -8.974021178962996], [5.809127317564695, -8.486786131246374], [5.845758169066746, -8.486786131246376], [5.845758169066745, -7.964029121288142], [5.85817815060574, -7.964029121288143], [5.858178150605738, -7.222266514510277], [9.545982623859892, -7.222266514510278], [9.54598262385989, -8.01775711449125], [9.05875727504138, -8.01775711449125], [9.058757275041382, -8.431839889368655], [9.079915293004468, -8.431839889368657], [9.079915293004468, -8.974021178962996], [5.809127317564693, -8.974021178962996]], "balcony_5": [[1.4720500387416426, 2.2711392834924693], [1.4720500387416426, 3.2127418276357647], [3.403024562102232, 3.2127418276357647], [3.403024562102233, 2.248600084968145], [3.332044818174342, 2.248600084968146], [3.332044818174342, 2.2989638299174215], [2.3970988396967288, 2.2989638299174224], [2.3970988396967283, 2.2711392834924693], [1.4720500387416426, 2.2711392834924693]], "room_6": [[5.74653193619595, 1.8519868596469822], [6.515490849133016, 1.8519868596469822], [6.515490849133018, 1.846216887382762], [8.826061092892362, 1.846216887382763], [8.826061092892363, 1.8394447781091827], [9.581156438019018, 1.8394447781091827], [9.58115643801902, -1.813852187514795], [8.819868451180426, -1.8138521875147955], [8.819868451180428, -1.941021475270051], [8.830710791275138, -1.9410214752700514], [8.830710791275136, -2.187862537018788], [5.746531936195952, -2.1878625370187885], [5.74653193619595, 1.8519868596469822]], "corridor_7": [[1.247432072805525, -1.0330971159942046], [5.581676736548069, -1.0330971159942042], [5.58167673654807, -3.4288643306540214], [5.472948161638216, -3.428864330654022], [5.4729481616382145, -3.4758076654870877], [1.3137888093356636, -3.4758076654870877], [1.313788809335663, -2.260102464156233], [1.2474320728055253, -2.2601024641562324], [1.247432072805525, -1.0330971159942046]]}