{"corridor_0": [[-3.563427445489948, -2.2627614405438745], [-3.563427445489948, -0.8311083874046229], [-3.396762380414742, -0.8311083874046201], [-3.3967623804147413, -0.8395416406583819], [-3.108031769786893, -0.8395416406583813], [-3.1080317697868916, -0.8311083874046227], [0.12833747965706022, -0.8311083874046183], [0.12833747965706288, -0.8479748939121409], [0.887330272495493, -0.8479748939121385], [0.8873302724954939, -2.26276144054387], [-3.563427445489948, -2.2627614405438745]], "balcony_1": [[-3.5634274454899453, -6.386622281632664], [-3.563427445489945, -5.292299358643823], [-0.0740605984331777, -5.292299358643821], [-0.07406059843317836, -6.386622281632662], [-3.5634274454899453, -6.386622281632664]], "bathroom_2": [[-3.5634274454899475, -2.382826986096518], [-1.963109327275486, -2.382826986096518], [-1.9631093272754856, -4.877069949209568], [-3.5634274454899453, -4.877069949209571], [-3.5634274454899475, -2.382826986096518]], "living_room_3": [[4.693567478454914, -0.847974893912139], [4.693567478454914, -4.877069949209567], [1.0158290713019031, -4.877069949209566], [1.0158290713019034, -0.8479748939121388]], "kitchen_4": [[-1.843043781722843, -2.382826986096517], [0.8873302724954935, -2.3828269860965134], [0.8873302724954957, -4.877069949209567], [-1.8430437817228429, -4.877069949209567], [-1.843043781722843, -2.382826986096517]]}