{"room_0": [[-2.098191672820142, 7.086305116277549], [-2.0487570463598304, 7.086477430772636], [-2.050079174811757, 7.465777652266176], [-2.0467991998113813, 7.4657776522661745], [-2.046799199811381, 8.000870342726255], [1.4765073735439924, 7.991029447673375], [1.4710465943301982, 3.4940460447819457], [-2.057757437037828, 3.4821201617868223], [-2.098191672820142, 7.086305116277549]], "balcony_1": [[-2.0423816587699943, -3.815494641576968], [1.2795628074152585, -3.78047125435343], [1.3045685497303072, -5.136843851824789], [-1.9243304631418021, -5.164825982010655], [-2.0423816587699943, -3.815494641576968]], "balcony_2": [[-5.983608521604525, 7.571943833658285], [-5.983608521604525, 8.909992565695282], [-2.4540380578988668, 8.914758070873319], [-2.4540380578988628, 8.374326886395536], [-2.4552689117661983, 8.374330324275121], [-2.456308822554508, 8.00201413794721], [-2.443907086446687, 8.001979498843012], [-2.443907086446685, 7.584282186534345], [-5.983608521604525, 7.571943833658285]], "kitchen_3": [[-4.375986489213945, 7.078365396858057], [-2.282553550642145, 7.085662485268372], [-2.2480183268914886, 4.00729754442435], [-4.34153312924027, 4.007297544424348], [-4.375986489213945, 7.078365396858057]], "shaft_4": [[1.2202971082811511, 3.277262823464692], [1.4707843779903431, 3.278109365761673], [1.4688450591546254, 1.6810690395187982], [1.220297108281153, 1.6776906481507647], [1.2202971082811511, 3.277262823464692]], "corridor_5": [[-4.340661184366869, 3.929575027031731], [-2.2471463820180904, 3.9295750270317313], [-2.240141153447661, 3.3051502313650474], [-2.0912621887879923, 3.3068204584028043], [-2.091124474682679, 3.2660716023045167], [-1.081433411365298, 3.269483936164745], [-1.0814334113652961, 1.646404345078108], [-2.1301894856678607, 1.6321491140204973], [-2.1302254656308457, 1.6347961566802076], [-4.314583677054198, 1.6051052382870625], [-4.340661184366869, 3.929575027031731]], "bathroom_6": [[-0.967992725391237, 3.269867318278283], [1.1068564223070838, 3.2768794413511504], [1.1068564223070863, 1.6761487040995968], [-0.9679927253912317, 1.6479462891292738], [-0.967992725391237, 3.269867318278283]], "room_7": [[-2.1371645144427904, 1.4417549772026874], [-2.127603317292785, 1.4418849379036565], [-2.128123221041698, 1.4801342102250226], [1.4686604271854025, 1.5290235403810493], [1.4626674810129896, -3.4062024441601904], [-2.082357477907743, -3.443577777528114], [-2.1371645144427904, 1.4417549772026874]]}