{"living_room_0": [[-1.081782826478067, -6.824530569025797], [-1.0817828264780658, -6.27270216981321], [-0.593140264294431, -6.272702169813211], [-0.5931402642944326, -6.272783085228775], [-0.47059813994731803, -6.272783085228774], [-0.4705981399473169, -2.892267633346443], [-0.558852027128039, -2.8922676333464423], [-0.5608882067145449, -0.4559734961998445], [2.795015528533332, -0.4387673081604744], [2.7950155285333294, -3.2746389930527524], [2.993138212937186, -3.27463899305275], [2.993138212937186, -3.2556786822006787], [3.032272803454629, -3.256320246677098], [3.03227280345463, -5.252792954687296], [2.7809179878467196, -5.252792954687294], [2.7809179878467187, -6.841028454278214], [-0.6659974782681215, -6.841028454278214], [-0.6659974782681217, -6.824530569025801], [-1.081782826478067, -6.824530569025797]], "kitchen_1": [[-3.130580961529387, -3.4768239422836618], [-3.130580961529385, -1.5940349221009424], [-0.9115420304697626, -1.5940349221009404], [-0.9115420304697626, -1.5652919527836813], [-0.9094001944451497, -1.5652919527836833], [-0.9094001944451529, -0.457760365927923], [-0.5717205075264675, -0.45602903492185964], [-0.5696843743575155, -2.8922676333464468], [-0.5931402642944319, -2.892267633346444], [-0.5931402642944308, -3.4768239422836618], [-3.130580961529387, -3.4768239422836618]], "bathroom_2": [[-3.130580961529385, -3.5951217611800796], [-0.5931402642944337, -3.5951217611800814], [-0.593140264294431, -3.901211278075991], [-1.1441668892603531, -3.9012112780759884], [-1.1441668892603571, -4.015741839657075], [-0.5931402642944317, -4.015741839657076], [-0.5931402642944321, -4.869107268458115], [-1.5190402266005603, -4.869107268458116], [-1.5190402266005592, -3.986471801607957], [-1.6415823509476763, -3.986471801607955], [-1.6415823509476768, -4.869107268458121], [-3.130580961529384, -4.869107268458121], [-3.130580961529385, -3.5951217611800796]], "balcony_3": [[2.9931382129371853, -3.0353272678812546], [2.993138212937187, -0.43775150543439967], [3.716966743541657, -0.43404033527327934], [3.716966743535088, -0.5272048169385166], [3.7264460048153056, -0.5272048169391836], [3.726358155046033, -0.5325635374946853], [4.592198443031289, -0.5467579461668901], [4.592198443031289, -3.004081106603285], [3.755018592181081, -2.9903565512782437], [3.7529467466631132, -3.116736406992203], [3.469210072654791, -3.1120848859645323], [3.46921007265479, -3.0201313020830667], [3.032272803454628, -3.0201313020830725], [3.032272803454627, -3.035968832357675], [2.9931382129371853, -3.0353272678812546]], "balcony_4": [[3.469210072654789, -3.3784049625115298], [3.7757134524941227, -3.3834297162602556], [3.777145053302249, -5.174230743767904], [3.469210072654792, -5.169182520648201], [3.469210072654789, -3.3784049625115298]]}