{"bathroom_0": [[-7.753380401572103, 3.2811714002434558], [-7.550386542167664, 4.537129856150429], [-6.1154223688338325, 4.3052042583871], [-6.3155324275479074, 3.067088380934653], [-7.753380401572103, 3.2811714002434558]], "corridor_1": [[-4.476978961975186, -0.014375729926885517], [-4.461754657863632, 0.07981969815307222], [-3.9303584672326495, 0.551528311993093], [-3.9261384196550995, 0.5508462482348485], [-3.6212431653626416, 2.4372864288295326], [-3.5711827052157195, 2.429195423939208], [-3.522194145489545, 2.7322961975848155], [-0.7319860932138454, 2.2813297675974713], [-0.7421411820908567, 2.218498459384556], [-0.7365303801257316, 2.2175916154201727], [-0.7829461233420872, 1.9304093067984995], [-0.7927235676532391, 1.9319895829187002], [-0.8151665415698311, 1.793130984195861], [0.035386321656187686, 1.6556606661915403], [-0.04100766357697852, 0.85427001562496], [-0.043405625690251554, 0.8523630429091059], [-0.04142666800766673, 0.8498745618169793], [-0.04380998308004655, 0.8248730330901942], [-0.019717889774461955, 0.82257641156245], [0.2154747087181685, 0.526828635089957], [0.26134004474342987, 0.5633029162804459], [3.257881283645951, 0.244484448654112], [3.3235090206944258, -4.574536299450331], [0.467412050223164, -4.392733912952752], [0.5144914876822292, -3.6531207467630114], [0.5087041747550902, -3.6527523603558123], [0.6269380182542984, -1.7953107242431061], [0.6121040514304761, -1.7943664808936393], [-0.45414562506123324, -0.7350614898353568], [-0.453885217060379, -0.733450300060363], [-0.45613306748658455, -0.7330869919977171], [-0.4583425081689866, -0.7308919418195857], [-0.45991585235655896, -0.7324756006762593], [-1.7381059306830406, -0.5258885628394192], [-1.7409639210484305, -0.5435714483062297], [-1.749709010039445, -0.540196194442927], [-1.9788043185527315, -1.133768986746625], [-3.0868118026057676, -0.9546876529818815], [-3.138750530411254, -0.2375111248191536], [-3.152785165775866, -0.23852752883884543], [-3.1511896789250393, -0.22865597308114316], [-4.476978961975186, -0.014375729926885517]], "storeroom_2": [[-1.4842717621359574, -4.268501165099991], [-1.3770082901816156, -3.4910576525505816], [0.3057030848484026, -3.763025307750153], [0.2664338606156633, -4.379940819832182], [-1.4842717621359574, -4.268501165099991]], "room_3": [[-4.4754305519473405, 4.2170011273497785], [-3.9398730467577807, 7.530588933605179], [-2.7566020272224487, 7.203062736621545], [-2.7252346998838695, 7.191225892116862], [-2.7241569067636884, 7.1940820156040495], [-2.72094474426887, 7.193192897769968], [-2.7111800228661345, 7.228470417419098], [-2.5418707110376886, 7.6771356510877276], [-0.9120990198791379, 7.215629339123731], [-0.9084445365469291, 7.228534847296084], [-0.8723528641266591, 7.215114395720689], [-0.9283128988260338, 6.691022880276774], [-0.9356206360684061, 6.665653453400347], [-0.2784076579941077, 6.4763413424315885], [-0.27339386408455946, 6.493747151335638], [0.46984902631385683, 6.213275358890757], [0.10621811656495758, 2.3987026482204166], [-0.5630789275633796, 2.50687755594655], [-0.5624054954075628, 2.511044198292575], [-3.4816947020949462, 2.982873326076309], [-3.312605157233636, 4.029059867369194], [-4.4754305519473405, 4.2170011273497785]], "kitchen_4": [[-2.1733933408468413, -6.690824585514166], [-1.960313395562514, -5.191083460548903], [-1.589649015335483, -5.192013970102183], [-1.5892405736497157, -5.029313024389136], [-1.5114302989653818, -4.4653457001842005], [1.9257823951453008, -4.684138506293297], [1.7744619947588536, -8.386601956682394], [0.7416227860478797, -8.275246314525768], [0.7423288829183239, -8.257969742110095], [0.5474468557162795, -8.250004875804331], [0.535874009767499, -8.533165897272166], [0.5336176268850155, -8.554094165169138], [0.535012520899977, -8.554244555779285], [0.5241480264646197, -8.820073838884127], [0.520800944046448, -8.81966015743055], [0.5186349874878773, -8.837184837478349], [-1.8707214928988791, -8.63516826433135], [-1.7322730428679995, -6.8845331067206725], [-1.8278195317041082, -6.876976841654397], [-2.1733933408468413, -6.690824585514166]], "dining_5": [[3.4595771483289557, 0.22302491869004126], [6.603847938574151, -0.11151130665333453], [6.794914323840763, -1.9424050040232066], [6.762338905626671, -2.143954804991235], [7.265700069825905, -2.2253103824106546], [7.265700069825907, -4.56485913471473], [6.7922889261307295, -4.621367917563804], [6.67053156367585, -4.622534232288324], [6.6721135808678325, -4.787688831304231], [3.525087381954083, -4.587367595979184], [3.4595771483289557, 0.22302491869004126]], "bathroom_6": [[-6.260753126930971, 3.058932220976464], [-6.060752935593549, 4.296368329783965], [-5.038101278208113, 4.131082602550967], [-5.236046279868762, 2.9063623111608154], [-6.260753126930971, 3.058932220976464]], "living_room_7": [[0.21027364520805805, 0.8085788562865718], [0.7166092872334118, 6.120157357254478], [1.5657923952452568, 5.7997077283447105], [1.576282361813164, 5.827505864492916], [1.589211115229769, 5.820981249630021], [1.7864431343691867, 6.211803419964468], [5.064396460559695, 4.929994233274224], [5.025173110727745, 4.562649485104442], [4.9836919763587275, 4.452725567491612], [6.028990247097427, 4.058269483994522], [6.151952186647142, 3.0043404158167193], [6.148912229542061, 2.9704688265375916], [6.649141200195083, 2.9255735427358274], [7.01647098894069, 0.5548034818025608], [6.575150276408134, 0.4914118710366938], [6.577061209166387, 0.47810830931480874], [6.542691364997991, 0.47452157902191117], [6.582514473839145, 0.09291662593086591], [0.2430122190214216, 0.7674110624349036], [0.21027364520805805, 0.8085788562865718]], "room_8": [[-7.910567397280722, 5.935332276347208], [-7.5278359383148095, 8.55356253847878], [-6.505832526328866, 8.27067477624532], [-6.501889518882291, 8.284919885443655], [-6.483013143742128, 8.277796654479976], [-6.307310462707934, 8.743404148781806], [-4.688594570627186, 8.285028533642334], [-4.746118633423104, 7.746289174255489], [-4.7022046436597025, 7.74160024432907], [-4.010227259582932, 7.5500627881896065], [-4.363856593648914, 5.362096345854893], [-7.910567397280722, 5.935332276347208]], "bathroom_9": [[-5.419499954590679, -1.8659451941779244], [-5.25141041520348, -0.8259458613791723], [-4.5294128830572955, -0.9426384676047467], [-4.499920623267099, -0.7601647062014453], [-4.415372381518676, -0.23704997028007246], [-3.629931629584476, -0.3639965653834182], [-3.622115196374334, -0.4719268645863447], [-3.664632644367461, -0.7349897399226719], [-3.681041679188962, -0.7323376352357255], [-3.903853147052551, -2.1109110953263057], [-5.419499954590679, -1.8659451941779244]], "bathroom_10": [[-8.074413585251772, 4.814475765519006], [-7.912303301607525, 5.92345711653439], [-4.365771243051724, 5.350250075654348], [-4.547061050009548, 4.228578382301423], [-4.8420531121188235, 4.2762563742760795], [-4.839565992034238, 4.291644620552358], [-8.074413585251772, 4.814475765519006]], "balcony_11": [[-3.9042052092350326, -6.67315720800211], [-3.6042470946747365, -4.7116077879528975], [-2.2042605316007866, -4.903319435937804], [-2.4833590335282305, -6.867725333913056], [-3.9042052092350326, -6.67315720800211]], "room_12": [[1.9556086818353522, -8.730639121657967], [2.1204834221753526, -4.696532032050147], [6.674016876467111, -4.986383272237629], [6.677715597607571, -5.372511065235339], [6.715671572124321, -5.372147484659432], [7.265700069825905, -5.481689277816943], [7.265700069825908, -8.720650463449857], [6.731080128979499, -8.879391131539201], [6.634690567975729, -8.884203015024582], [6.655217601136855, -9.295391631939792], [1.9556086818353522, -8.730639121657967]], "bathroom_13": [[-1.3605269418265258, -3.371601167287953], [-1.0011870945770922, -0.7671130973559716], [-0.5180286710315912, -0.8452034136701675], [0.4924505607846127, -1.8491012034876548], [0.3781696101529205, -3.644443295358912], [0.3135132980747344, -3.640327653642446], [0.3133973860985386, -3.6421486189798244], [-1.3605269418265258, -3.371601167287953]]}