{"kitchen_0": [[0.7787415045613653, 2.877826896826228], [0.894256747401565, 2.8786825652917125], [0.8942325581504544, 2.881948114192074], [4.316288417381285, 2.9072966761123054], [4.333256350326537, 0.6166257285038481], [0.9277582178691137, 0.5913998164115661], [0.9276067240056918, 0.6021846094901198], [0.7956118483971046, 0.6003304790017256], [0.7787415045613653, 2.877826896826228]], "corridor_1": [[4.5530671304102, 2.909050592505113], [7.04568747596932, 2.9275144469166676], [7.064182480066069, 1.6108618270427029], [7.04730592875616, 1.61062476232198], [7.050575391256488, 1.3778729151681295], [7.1898446693961775, 1.3798292291046], [7.204644235618233, 0.32625348847050906], [7.060509532143199, 0.3242288299607272], [7.062572365240569, 0.17737649146943668], [6.766982576245917, 0.17322434512810636], [6.766914950227626, 0.17803861679241595], [6.695866667987376, 0.1770406023949478], [6.703104038425064, -0.338185168733786], [4.577341917944402, -0.3680457246112978], [4.5530671304102, 2.909050592505113]], "living_room_2": [[0.8657553614864444, 6.726369663832496], [1.488400541809133, 6.735115953466578], [1.4867980888530319, 6.8491939970204045], [3.9346270254498252, 6.883578621732462], [3.9366059176179373, 6.742702007487725], [5.7840048274529705, 6.768652398570382], [5.835258015708721, 3.11995655396301], [0.8927407270349299, 3.0833453147876417], [0.8657553614864444, 6.726369663832496]], "balcony_3": [[7.248528034852419, 9.740085981508766], [10.698158509574307, 9.740085981508766], [10.716767645074214, 7.227852689022124], [10.028822552377699, 7.221450732303217], [10.028713921259511, 7.229184142126376], [7.463411348755088, 7.1931493666117605], [7.463296993266134, 7.201290292309197], [7.280157027921141, 7.1987177273378355], [7.248528034852419, 9.740085981508766]], "bathroom_4": [[7.283363396704199, 3.04815348305216], [10.62804201643928, 3.0802275543539688], [10.647975033425338, 1.6612033195182512], [7.303505793174217, 1.6142235988491545], [7.283363396704199, 3.04815348305216]], "room_5": [[5.859961876320925, 6.769719366355802], [7.469041764824872, 6.792322092906963], [7.467306018747183, 6.915889225342691], [9.885868033242389, 6.949862737939074], [9.887161523654287, 6.810866112315515], [10.575547793955815, 6.817272174594529], [10.626581451374218, 3.1842046505122346], [7.202176377219424, 3.1513660358044886], [7.20220527045755, 3.1483530539193927], [7.042616848265065, 3.146111317201836], [7.0428585909487404, 3.1289017434092345], [5.911222148058672, 3.120519251239677], [5.859961876320925, 6.769719366355802]]}