{"room_0": [[5.701688027594821, 2.008222187051186], [8.124985226211445, 2.019441155563295], [8.132171291921617, 0.46725096216586937], [8.133153762431037, 0.4672555106404508], [9.043716947949829, 0.4714710809437721], [9.049987022152104, -0.8828649467481913], [8.1530846698352, -0.887017272453362], [8.153211781846583, -0.9144734669120431], [8.129416413315726, -0.9145836306552406], [8.133611109691355, -1.8206380477917048], [6.343636796588283, -1.8289249659079225], [6.342128400719874, -1.503111458331573], [5.717957580025875, -1.5060011380570077], [5.701688027594821, 2.008222187051186]], "balcony_1": [[1.9618557685899183, -6.844684601346166], [3.3251208499495, -6.838373188932465], [3.2969112684177824, -6.958273788494648], [3.2276194383339325, -7.0908412806467265], [3.1577298412663044, -7.195140539299415], [3.028018841870686, -7.311190016128339], [2.8962731821507988, -7.385389347947552], [2.7373467232488244, -7.428068936539419], [2.7379090848675394, -7.430163008755957], [2.627171321227043, -7.439263857755482], [2.4797069937133442, -7.414168643015388], [2.3589527355084905, -7.379798594148477], [2.2256040747730754, -7.302050559695379], [2.138791946013749, -7.224922158523088], [2.055092910219865, -7.1009464790572885], [1.9965487876883339, -6.989881287161791], [1.9618557685899183, -6.844684601346166]], "bathroom_2": [[0.7821478829874267, -0.24413007920888474], [0.7953378317110751, 2.625910459481685], [1.212934469214922, 2.6278437772479064], [1.2122734867557312, 2.770615988433047], [2.2865563309691534, 2.775589520119218], [2.287217313428342, 2.6328173089340767], [2.3598678144902325, 2.6331536538463993], [2.357563581377666, 2.13176865362992], [2.3499420689527573, 2.131733368850174], [2.3511540617563997, 1.8699429232633855], [2.2900348741337027, 1.870223810916334], [2.2899651733880955, 1.8550574164392117], [2.0492035241551894, 1.853942779174244], [2.049227027362401, 1.8488660864164441], [2.0438575123596716, 1.8488907632900313], [2.0358971978929157, 0.11678204179431262], [1.9878593503829611, 0.11655964435213706], [1.9878254538465923, 0.12388129620778399], [1.892474414120203, 0.12343985620905173], [1.894152292670456, -0.23898191064553864], [0.7821478829874267, -0.24413007920888474]], "kitchen_3": [[2.428565358410469, 0.11310859335681456], [2.4366374997690556, 1.8695500639469753], [2.4300347537317912, 1.8695804084248666], [2.4296865195823307, 1.94479898470878], [2.503308485177405, 1.9444606375885793], [2.5071328272401328, 2.7766107076019555], [3.496459300115026, 2.781190922754152], [3.498110971237063, 2.424429960394261], [3.496280558273132, 2.4244214862601696], [3.4966711534673127, 2.3400529243172565], [5.532090369337537, 2.3494761614277664], [5.542214992114442, 0.16255764161588826], [5.221339342766314, 0.16107210620224177], [5.223279919473425, -0.2580924625336203], [2.9579516164167607, -0.2685800935662881], [2.9562240754992724, 0.10456874461169186], [2.932428706968415, 0.10445858086849547], [2.93237786216386, 0.11544105865196963], [2.428565358410469, 0.11310859335681456]], "room_4": [[4.5248511296766445, -1.9766292060558286], [8.1342559289083, -1.9599189986519818], [8.13758626360653, -2.679271293469423], [8.143077502498269, -2.6792458710671463], [8.143153769705098, -2.6957195877423548], [9.04371694794983, -2.6915503137690022], [9.049987022152106, -4.045886341460965], [8.153084669835202, -4.050038667166135], [8.153135514639755, -4.061021144949609], [8.143983449820189, -4.061063515620069], [8.151203412066728, -5.620575360873144], [6.562404959391059, -5.62793090926516], [6.566226793866633, -6.453447155989501], [5.189925810607713, -6.459818919800884], [5.186477623058133, -5.715010409091636], [5.191968861949865, -5.714984986689358], [5.1915274219511325, -5.619633946962971], [4.541730819762334, -5.622642264565695], [4.5248511296766445, -1.9766292060558286]], "room_5": [[1.0136965406260268, -2.296995027848226], [1.8031579087356375, -2.2933401141069796], [1.8015767916538548, -1.9518188244416006], [4.434816607589979, -1.9393054332180537], [4.45187101892768, -5.623058282162152], [3.4176876943173857, -5.627846167924235], [3.4181291343161195, -5.723197207650625], [3.4236203732078607, -5.723171785248349], [3.428034612043949, -6.676647373843573], [1.8741835712855561, -6.683841128661896], [1.8692855217802729, -5.6258624355207205], [1.8546422180689737, -5.625930228593458], [1.85459137326442, -5.614947750809986], [1.0290751265400861, -5.618769585285561], [1.0136965406260268, -2.296995027848226]], "room_6": [[-2.0974259066671017, -2.2986703444509584], [-2.082782602955799, -2.2986025513782202], [-2.0829097149671845, -2.271146356919532], [-1.9273246130346526, -2.2704260555217], [-1.9277491047652004, -2.178735841723139], [-1.9881527325743058, -2.1790154881481767], [-1.991236532357922, -1.512914734887151], [-1.061556312293561, -1.5086106597942606], [-1.058506409046315, -2.1673897611996438], [-1.1628399479893017, -2.1678727868429], [-1.1623222407837392, -2.2796975432444957], [0.9108971311783738, -2.27009930541134], [0.9264024349580424, -5.6192449218206635], [0.19487576554343888, -5.62263161936425], [0.19487734212652497, -5.622972161311036], [0.17840362545131205, -5.623048428517866], [0.18229325299962307, -6.463207978953504], [-1.384370678506144, -6.470461052710472], [-1.3882942025908245, -5.622979850419186], [-1.4909668941728602, -5.623455186954288], [-1.490958420038768, -5.625285599918202], [-2.0820122417793603, -5.628021960204036], [-2.0974259066671017, -2.2986703444509584]], "corridor_7": [[0.9741418446312189, -0.3550683714695615], [2.4091856083382783, -0.34842465034128955], [2.4090945648110433, -0.3287592484579984], [2.4265342821068283, -0.32883939679520324], [2.427916820132397, -0.028008797465662427], [2.8102239213298326, -0.02623885718233998], [2.811596731052767, -0.32276575733609203], [2.817087969944506, -0.3227403349338147], [2.8172054253844814, -0.3481107099685057], [5.223645092265329, -0.3369697855848022], [5.223695937069883, -0.347952263368271], [5.544571586418009, -0.3464667279546225], [5.551451798274922, -1.8325924890482594], [4.572306075627381, -1.8371255710975534], [4.572178842270487, -1.810351378929543], [1.8009828172370068, -1.8235203504028246], [1.8009284264434537, -1.8117719389951457], [0.9809034186108434, -1.8155683510684437], [0.9741418446312189, -0.3550683714695615]]}