{"kitchen_0": [[-1.4775794308260068, -1.5325740796916838], [1.2513135530997617, -1.536112011776824], [1.2605291355699282, -4.106161437626214], [-1.4683469367093933, -4.107339839793213], [-1.4775794308260068, -1.5325740796916838]], "corridor_1": [[-3.220110891725433, 0.12629529885586677], [0.45211567848722, 0.1262952988558661], [0.45210476057082527, 0.11787404465122842], [1.2453864425816872, 0.11684557752852975], [1.2507824498777391, -1.3879974964713304], [-3.2147017592965117, -1.382208123288734], [-3.220110891725433, 0.12629529885586677]], "room_2": [[-7.448170772489011, 0.126295298855867], [-3.3474177356391275, 0.12629529885586444], [-3.332234046647247, -4.108144716435176], [-7.4317289558126465, -4.109914988721868], [-7.448170772489011, 0.126295298855867]], "bathroom_3": [[-3.214170656074488, -1.5303226385942263], [-1.604886866571198, -1.5324090292246062], [-1.5956535834979042, -4.107394814231215], [-3.204927399858737, -4.108089741997176], [-3.214170656074488, -1.5303226385942263]], "room_4": [[1.3726938783268814, 0.11668052706145038], [1.714079851409362, 0.11623792986372128], [1.7143810134452653, 0.08304320022147249], [1.8781692310685707, 0.08452918289424804], [1.8778834774535853, 0.1160255631246605], [1.9761643989062088, 0.1158981447072267], [1.9761744389894864, 0.12364230489727746], [5.073571705034084, 0.11962661749857473], [5.096130101148992, -4.1045051218500985], [1.3878357823584442, -4.106106463188213], [1.3726938783268814, 0.11668052706145038]], "balcony_5": [[-4.951903286666667, -5.543341556148829], [-4.95048242207978, -4.447394175319294], [0.2937813694077407, -4.445129561004637], [0.2923487540723797, -5.550140579660112], [-4.951903286666667, -5.543341556148829]]}