{"room_0": [[-2.0487570463598304, 7.086305116277549], [-2.0487570463598304, 7.465777652266176], [-2.0467991998113813, 7.465777652266176], [-2.0467991998113813, 8.000870342726255], [1.4765073735439924, 8.000870342726255], [1.4765073735439924, 3.494046044781946], [-2.057757437037828, 3.4940460447819457], [-2.057757437037828, 7.086305116277549]], "balcony_1": [[1.2795628074152585, -3.815494641576968], [1.2795628074152585, -5.136843851824789], [-1.9243304631418021, -5.136843851824789], [-1.9243304631418021, -3.815494641576968]], "balcony_2": [[-5.983608521604525, 8.909992565695282], [-2.4540380578988668, 8.909992565695282], [-2.4540380578988668, 8.374326886395536], [-2.4552689117661983, 8.374326886395536], [-2.4552689117661983, 8.00201413794721], [-2.443907086446687, 8.00201413794721], [-2.443907086446687, 7.584282186534345], [-5.983608521604525, 7.584282186534345]], "kitchen_3": [[-2.282553550642145, 7.078365396858057], [-2.282553550642145, 4.00729754442435], [-4.34153312924027, 4.00729754442435], [-4.34153312924027, 7.078365396858057]], "shaft_4": [[1.4707843779903431, 3.277262823464692], [1.4707843779903431, 1.6810690395187982], [1.220297108281153, 1.6810690395187982], [1.220297108281153, 3.277262823464692]], "corridor_5": [[-2.2471463820180904, 3.929575027031731], [-2.2471463820180904, 3.3051502313650474], [-2.0912621887879923, 3.3051502313650474], [-2.0912621887879923, 3.2660716023045167], [-1.081433411365298, 3.2660716023045167], [-1.081433411365298, 1.646404345078108], [-2.1301894856678607, 1.646404345078108], [-2.1301894856678607, 1.6347961566802076], [-4.314583677054198, 1.6347961566802076], [-4.314583677054198, 3.929575027031731]], "bathroom_6": [[1.1068564223070836, 3.269867318278283], [1.1068564223070838, 1.6761487040995968], [-0.9679927253912317, 1.6761487040995968], [-0.9679927253912317, 3.269867318278283]], "room_7": [[-2.127603317292785, 1.4417549772026874], [-2.127603317292785, 1.4801342102250226], [1.4686604271854025, 1.4801342102250226], [1.4686604271854025, -3.4062024441601904], [-2.082357477907743, -3.4062024441601904], [-2.082357477907743, 1.4417549772026876]]}