{"kitchen_0": [[-10.670388288220071, 3.140057047458691], [-7.565126796520607, 3.1869846264338904], [-7.5362151398069726, 1.273861123908187], [-10.629248149134366, 1.2271183451740608], [-10.633397387867834, 1.5016790947433805], [-10.645625870239902, 1.5014942945023066], [-10.670388288220071, 3.140057047458691]], "balcony_1": [[-1.0729756513143318, -1.04158471227084], [1.2593911782890492, -1.0063373333019765], [1.3208265951208942, -5.071602115345294], [-1.0115402344824869, -5.106849494314159], [-1.0729756513143318, -1.04158471227084]], "room_2": [[-6.291270275473824, -3.569567992768664], [-5.80028278138933, -3.56214805262318], [-5.800379273862735, -3.5557630149022943], [-5.800090485774523, -3.5557586506560446], [-5.824247999153733, -1.957223254842881], [-5.827777987723403, -1.957276601016086], [-5.849023425689324, -0.551437181413247], [-1.4030303466850924, -0.4477581847161112], [-1.3347885454481716, -4.963410646080361], [-6.269079237818451, -5.037979025191668], [-6.291270275473824, -3.569567992768664]], "corridor_3": [[-7.518361747542892, 4.758812730744212], [-6.472375502335461, 4.774619967030159], [-6.462608052903169, 4.128294602360277], [-6.464923490930131, 4.128259610814102], [-6.463136011442424, 4.009979670923936], [-6.137223990623052, 4.01490494441116], [-6.052483684783671, -1.5924759233921728], [-7.422066512783514, -1.6131734416191694], [-7.518361747542892, 4.758812730744212]], "room_4": [[-10.920744547811768, 1.140589481729108], [-10.628007356390459, 1.145013407928599], [-10.628121589465067, 1.1525723652710194], [-7.535088580137673, 1.1993151440051455], [-7.492569365580767, -1.614238900422384], [-10.878339566329473, -1.6654056053560016], [-10.920744547811768, 1.140589481729108]], "bathroom_5": [[-10.695701513054452, 4.815067436349115], [-10.03067694697441, 4.825117473335885], [-10.029101525959566, 4.720869729952566], [-7.588864600340145, 4.757747271940996], [-7.566253356189909, 3.2615306063369314], [-10.671514847889373, 3.2146030273617323], [-10.695701513054452, 4.815067436349115]], "balcony_6": [[-12.08069162474856, 4.622823463265767], [-11.304185529916769, 4.634558240252295], [-11.303890030910503, 4.615004670581213], [-11.014912626329856, 4.6193717778318435], [-10.967720830600886, 1.49662670549885], [-11.238005811722223, 1.4925420833724092], [-11.237735336644317, 1.474644380950457], [-12.032933854935418, 1.4626271188397393], [-12.08069162474856, 4.622823463265767]], "room_7": [[-10.87721300666017, -1.7399515852590417], [-6.051357125114372, -1.6670219032952138], [-6.0456792782103514, -2.0427327269055775], [-5.91663739350492, -2.0407826099019664], [-5.894157666645473, -3.5282965981572447], [-6.305641364284218, -3.5345150547250936], [-6.305622173716514, -3.5357849205949963], [-6.366329954980759, -3.536702353541398], [-6.343625217721497, -5.039105584860972], [-10.826331505069739, -5.106849494314157], [-10.87721300666017, -1.7399515852590417]]}