{"room_0": [[-10.906443600876244, 13.240706422559011], [-6.634721073194502, 16.068097885065917], [-4.86838127425991, 13.399449552952866], [-9.140103801941653, 10.57205809044596], [-10.906443600876244, 13.240706422559011]], "living_dining_1": [[-12.769025730912862, 16.05476105561654], [-9.72208305480612, 18.789628336767837], [-8.805879871859315, 17.40539632346981], [-8.814104945219992, 17.399952266172605], [-8.72136768865137, 17.259841555189432], [-8.713142615290693, 17.265285612486643], [-8.708614149448014, 17.258443846918443], [-8.568503438464841, 17.351181103487068], [-8.57303190430752, 17.35802286905527], [-7.671616237698071, 17.95465688341965], [-6.586290189545366, 16.3149080931716], [-11.0052848831841, 13.390039310451746], [-12.769025730912862, 16.05476105561654]], "balcony_2": [[-13.80850413743319, 13.565152239268377], [-13.804963319536865, 14.104289922419296], [-12.679194192075279, 15.155212214303141], [-11.45204749574794, 13.301195797763537], [-11.816974564354133, 13.397158199468565], [-11.817563862474405, 13.398046850090019], [-11.818356094193458, 13.397521491021353], [-11.822448947452752, 13.398597760945883], [-11.823656205271757, 13.3940067852188], [-12.979067710426175, 12.627809348691379], [-13.230816511199034, 12.694010027201731], [-13.80850413743319, 13.565152239268377]], "bathroom_3": [[-9.59568385140361, 18.903081421546844], [-7.6382683808983, 20.660013564669576], [-6.4960175653015, 18.934260832530605], [-8.665769160876142, 17.498133580038434], [-9.59568385140361, 18.903081421546844]], "kitchen_4": [[-7.335052100531897, 20.91735330155283], [-5.633933122306054, 22.04329939111648], [-5.623447898825514, 22.027457946469163], [-5.5651770705760555, 22.066026566326393], [-5.575662294056595, 22.08186801097371], [-5.562075090070593, 22.09086118510907], [-5.600643709927823, 22.149132013358525], [-5.614230913913826, 22.14013883922317], [-5.7539932031240575, 22.35129662450217], [-5.299225721405225, 22.75948569744974], [-3.551805041278559, 20.119421035863883], [-5.880403438582839, 18.57815537869545], [-6.139101843443626, 18.969006033301227], [-6.1219600428257195, 18.980351943623116], [-6.139207806171871, 19.006410471497627], [-6.091240673800282, 19.03815922382634], [-7.335052100531897, 20.91735330155283]], "corridor_5": [[-7.661609607833263, 17.961280127243395], [-6.149108473308434, 18.96238278947748], [-5.890410068169302, 18.571532134451168], [-5.890410068169867, 18.57153213445079], [-5.884414498966091, 18.56247381749297], [-5.883786825279319, 18.56152550599687], [-5.883015319518545, 18.562036153095846], [-5.873780194759252, 18.56814874882971], [-3.5451817974548128, 20.109414405999075], [-2.8766259653519164, 19.099336725961525], [-3.9479157633239055, 18.062711134586632], [-4.0562358331096995, 17.99681096682187], [-3.7378712280259947, 17.473515239213246], [-6.141255993408112, 15.882749565009128], [-6.469746267851622, 16.3790442323986], [-6.496870948264668, 16.361090798081158], [-6.5028554263704805, 16.37013235821884], [-6.5762835596805616, 16.321531336995342], [-7.661609607833263, 17.961280127243395]]}