{"bathroom_0": [[2.449703281200758, 1.9251483785419448], [4.1167054442313065, 1.923176099155864], [4.117884414830045, 0.6693254464073359], [4.119815110827103, 0.6693272618020238], [4.119756906666698, 0.6638272275559112], [4.5916400868637615, 0.6588335196840032], [4.5924116784143765, -0.16176418684913885], [2.7696360632888672, -0.16094190893209426], [2.768338046114582, 1.219516334045131], [2.7207276321987606, 1.2194715669286673], [2.7207583485491766, 1.2223741254062495], [2.4503613951329255, 1.22523560352516], [2.449703281200758, 1.9251483785419448]], "room_1": [[5.744818955539391, -3.2687277440446656], [9.120371827130368, -3.2655537794410074], [9.124079225053213, -7.208419963312784], [5.748516667815302, -7.2012931157202456], [5.744818955539391, -3.2687277440446656]], "room_2": [[5.738106783556434, 3.869754955339233], [9.113662639562618, 3.869754955339231], [9.116440079446107, 0.9159113102098895], [5.740880468221369, 0.9199050342645749], [5.738106783556434, 3.869754955339233]], "shaft_3": [[2.4504382774581717, 1.1434702450021261], [2.674977200706084, 1.1410940598876176], [2.6762014393578375, -0.16089975935136347], [2.4516646551467454, -0.16079846787166185], [2.4504382774581717, 1.1434702450021261]], "room_4": [[1.458126062784788, -3.169680694059286], [1.9952423081203414, -3.169726492045221], [1.9967353037119473, -3.1753688360062933], [1.999162101085183, -3.1747266919248687], [3.499097731529827, -3.1733163325615577], [3.4990972301273233, -3.172783084438845], [3.5174213532521033, -3.172765854633712], [3.5163367762038455, -2.0193039774969503], [5.586498409701288, -2.0173574460697967], [5.591372448382416, -7.200961336088566], [1.4619083971563112, -7.192242771276648], [1.458126062784788, -3.169680694059286]], "room_5": [[5.740975885232155, 0.8184277952337189], [9.116535496456894, 0.814434071179033], [9.120269733746138, -3.1569761299204515], [5.7447168621551565, -3.160150094524109], [5.740975885232155, 0.8184277952337189]], "kitchen_6": [[2.4478748066730054, 3.869754955339231], [5.580962876089267, 3.869754955339231], [5.582699419085654, 2.0229187646211546], [2.4496078641899737, 2.0266256175728], [2.4478748066730054, 3.869754955339231]], "corridor_7": [[3.5111717990396185, -0.32440594743400086], [4.68551215168774, -0.32493570772433067], [4.685585741533456, -0.16180621888747937], [4.661047220752761, -0.16179514923985594], [4.660276283054711, 0.6581071765389199], [4.67174564495285, 0.6579858019165543], [4.672682332608659, 0.7464986186875613], [4.201250772379989, 0.7514875472872149], [4.200149149984228, 1.9230773744484788], [5.582794836096443, 1.9214415255902992], [5.586396316317052, -1.90877979654924], [3.5162346828196114, -1.910726327976395], [3.5159704890632364, -1.6297528124077707], [3.512399193650444, -1.6297561704251562], [3.5123856963172395, -1.6154015800136698], [3.5150820511854897, -1.6028365445934556], [3.512373335111526, -1.6022552760551299], [3.5111717990396185, -0.32440594743400086]]}