{"corridor_0": [[-11.87688497097092, -0.5510755345821785], [-11.876884970970918, 0.9518843965458661], [-11.874294081624008, 0.9518843965458679], [-11.87429408162401, 0.9682816264789835], [-11.2562868882437, 0.9682816264789826], [-11.2562868882437, 1.0030607213860243], [-9.871266409433314, 1.0030607213860208], [-9.871266409433314, -0.5510755345821838], [-11.87688497097092, -0.5510755345821785]], "corridor_1": [[-15.529263314912104, 0.951884396545867], [-12.01688954019031, 0.9518843965458679], [-12.01688954019031, -0.5670121527670666], [-12.007730038552504, -0.5670121527670684], [-12.007730038552506, -0.7436268582951087], [-11.790740482236503, -0.7436268582951069], [-11.792336991036096, -2.014649604456533], [-11.845170702258729, -2.014583240982601], [-11.8461722784672, -2.8119644663804184], [-11.963299112109496, -2.8118173454723614], [-11.963315404545583, -2.824788183379775], [-12.073934453442469, -2.824649236783028], [-12.073932408840848, -2.823021475528652], [-13.439970641753002, -2.8213056194859387], [-13.438248224497876, -1.450043832391275], [-13.566721300668645, -1.449882459672148], [-13.566721300668647, -1.445857711429099], [-15.529263314912102, -1.445857711429099], [-15.529263314912104, 0.951884396545867]], "bathroom_2": [[-11.58412655925509, 2.637650349069662], [-11.584126559255086, 3.3321905721089884], [-9.87126640943331, 3.3321905721089866], [-9.871266409433314, 1.1151195917765273], [-11.26321515165379, 1.1151195917765264], [-11.263215151653792, 1.104142202278413], [-11.485301479911437, 1.1041422022784149], [-11.485301479911433, 2.637650349069661], [-11.58412655925509, 2.637650349069662]], "shaft_3": [[-11.958197075802309, -4.714463577055945], [-11.956015353304947, -2.977536777366643], [-11.846380423843215, -2.9776744878286774], [-11.848689672443031, -4.816128179816689], [-11.948216566319484, -4.8160031658762605], [-11.94808904021703, -4.714476273577549], [-11.958197075802309, -4.714463577055945]], "shaft_4": [[-11.863442357264049, 1.1041422022784166], [-11.863442357264049, 3.3321905721089875], [-11.718896183969779, 3.3321905721089875], [-11.71889618396978, 2.4834487075493232], [-11.620071104626124, 2.4834487075493223], [-11.620071104626128, 1.1041422022784122], [-11.863442357264049, 1.1041422022784166]], "kitchen_5": [[-15.529263314912104, 1.1199461091973237], [-15.5292633149121, 3.33219057210899], [-12.020741135010892, 3.3321905721089893], [-12.020741135010892, 1.119946109197321], [-15.529263314912104, 1.1199461091973237]], "balcony_6": [[-6.4581704866829055, -2.8634059541722845], [-6.4546202834103115, -0.03699553031144731], [-5.114713545861283, -0.03867856305307171], [-5.114719645934067, -0.04353499182004228], [-3.882348194009828, -0.04508295142446883], [-3.8858998928611292, -2.8726840449233393], [-5.08072737247583, -2.8711832436269304], [-5.080690072436333, -2.841487698795877], [-5.439781820369392, -2.8410366501131], [-5.439811524757397, -2.864685096539148], [-6.4581704866829055, -2.8634059541722845]], "room_7": [[-9.731261840213921, -0.5675667407735396], [-9.73126184021392, 3.332190572108992], [-5.472186330072953, 3.3321905721089946], [-5.476126237266851, 0.19552658223454067], [-6.454326673221025, 0.19675528219957705], [-6.454311352272223, 0.20895269346740264], [-6.73624778670805, 0.20930682874929296], [-6.737228327431442, -0.5713274923917773], [-9.731261840213921, -0.5675667407735396]], "living_dining_8": [[-11.781902087656242, -2.014662711550894], [-11.78030556239306, -0.7436268582951069], [-9.845292631186242, -0.7436268582951051], [-9.845292631186242, -0.7349402405066403], [-9.752877180735377, -0.7349402405066368], [-9.75288391756781, -0.7403036104197671], [-6.737445332876712, -0.7440912485636506], [-6.740114080131501, -2.8687512976967504], [-6.723647230954235, -2.868771981409683], [-6.723969641983208, -3.125451901710546], [-5.440141094799138, -3.1270644956463673], [-5.444162969837934, -6.328985247865472], [-11.700904359180123, -6.321126267595412], [-11.69925436875744, -5.007525391288507], [-11.690024651275738, -5.007536984570548], [-11.686265506647556, -2.0147828389393325], [-11.781902087656242, -2.014662711550894]]}