{"balcony_0": [[-1.3758949945176338, -6.4063684350529435], [-1.3758949945176338, -7.502172440033884], [-4.159966678966451, -7.502172440033884], [-4.159966678966451, -6.4063684350529435]], "room_1": [[-4.5684109429045865, -1.384993314552795], [-0.8856979468621349, -1.384993314552795], [-0.8856979468621351, -5.990930847997561], [-4.5684109429045865, -5.990930847997561]], "kitchen_2": [[-0.7736309625163047, -3.474006876332543], [1.2451727973577849, -3.474006876332543], [1.2451727973577849, -5.992668466522778], [-0.7736309625163047, -5.992668466522778]], "corridor_3": [[-0.7687821406517161, -1.8114583855241], [-0.5871892825692251, -1.8114583855241], [-0.5871892825692251, -1.7267885539931274], [-0.6940442626418537, -1.7267885539931274], [-0.6940442626418537, -1.4673880478283277], [-0.5795374555825867, -1.4673880478283277], [-0.5795374555825867, -1.3849933145527924], [3.079881875825992, -1.3849933145527924], [3.079881875825992, -3.353410658495695], [-0.7687821406517164, -3.353410658495695]], "shaft_4": [[1.362299927016398, -4.693503681270526], [1.604524122468308, -4.693503681270526], [1.604524122468308, -5.3288115410670525], [1.362299927016398, -5.3288115410670525]], "shaft_5": [[1.3652887881204747, -3.471945597940607], [1.816415307176114, -3.471945597940607], [1.816415307176114, -3.704743010343683], [1.3652887881204747, -3.704743010343683]], "bathroom_6": [[1.361078727008333, -5.356043490301487], [1.624737379939814, -5.356043490301487], [1.624737379939814, -5.348920920348475], [1.6490691035943974, -5.348920920348475], [1.6490691035943974, -4.662455793687976], [1.6044501399882765, -4.662455793687976], [1.6044501399882765, -4.66627863999539], [1.3635196154066387, -4.66627863999539], [1.3635196154066387, -3.7428417472748006], [1.835672450717655, -3.7428417472748006], [1.835672450717655, -3.7352123277712046], [1.844442769999679, -3.7352123277712046], [1.844442769999679, -3.4714839641308175], [3.081895432876245, -3.4714839641308175], [3.081895432876245, -5.99416928930872], [1.361078727008333, -5.99416928930872]], "room_7": [[6.403525605777238, -1.3849933145527902], [6.403525605777238, -1.3852729938717316], [6.520227678326954, -1.3852729938717316], [6.520227678326954, -1.3849933145527884], [6.641250264007473, -1.3849933145527884], [6.641250264007473, -5.9970681867937925], [3.2048788005806625, -5.9970681867937925], [3.2048788005806625, -1.3849933145527906]]}