{"balcony_0": [[-5.06616667124751, -5.7695459014544355], [-4.841542897670921, -4.6885496260832245], [-2.0811635445028838, -5.564297599770541], [-2.499535429504652, -6.578801623474922], [-5.06616667124751, -5.7695459014544355]], "room_1": [[-4.998071596774354, -4.200161963181678], [-3.601621525937384, 0.1858519388776134], [-0.0985057128343687, -0.9223962445815168], [-1.4958631274464782, -5.311259960246623], [-4.998071596774354, -4.200161963181678]], "kitchen_2": [[-1.3809608385381882, -5.347713445006965], [-0.617342256949053, -2.9493164062117554], [1.303606806799257, -3.554989319509817], [0.5389007913039592, -5.956801804606766], [-1.3809608385381882, -5.347713445006965]], "corridor_3": [[-0.5818835677760585, -2.8379466502072734], [-0.1129553772064931, -1.3651223753852495], [0.057367803770374, -1.4193510722046199], [0.0831549170493027, -1.338358103177395], [-0.0188131832933962, -1.305892779508488], [0.0598244313057368, -1.0589053088788765], [0.1684799461789233, -1.093499818798291], [0.1935406910217363, -1.0147882503920806], [3.682381771467684, -2.1185204693839808], [3.0904669843547783, -3.995834331633194], [-0.5818835677760585, -2.8379466502072734]], "shaft_4": [[0.8550546825089356, -5.3611579849816025], [1.0479757420532625, -4.755225508889371], [1.277979697766039, -4.827373532084733], [1.0876543802284768, -5.434120244844907], [0.8550546825089356, -5.3611579849816025]], "shaft_5": [[1.3476137082738955, -3.8141132465363174], [1.4185741778170655, -3.5912383923523326], [1.8484107253828395, -3.7267653352157453], [1.7786035327009895, -3.9493068511565816], [1.3476137082738955, -3.8141132465363174]], "bathroom_6": [[0.6538030802122456, -5.993255289367106], [0.8469732517019235, -5.386540394713483], [1.0974276941423682, -5.465103360583251], [1.0993680275626563, -5.458917683660969], [1.122599491404598, -5.466204967859788], [1.3280427284273681, -4.8112631538377375], [1.2870652550615453, -4.798409271869826], [1.2859523933760268, -4.801957014115482], [1.0560571728602763, -4.729843099157492], [1.3363892284743208, -3.8493674424953648], [1.7852760871697608, -3.9901750185776415], [1.7872164205900454, -3.983989341655363], [1.7955997951568285, -3.986619052526315], [1.874528047933941, -3.7350000953848674], [3.055321134747045, -4.107302725573717], [2.2963751787810534, -6.514371774790037], [0.6538030802122456, -5.993255289367106]], "room_7": [[2.4112775890433777, -6.55082529805072], [3.7973136878127196, -2.1548804113060935], [6.851230601330196, -3.1210197148316894], [6.85114650009778, -3.1212864498632893], [6.962447039204317, -3.156379375045158], [6.962497254774544, -3.156220111603628], [7.077883505874027, -3.1927237871883314], [5.691005197495082, -7.591339821553273], [2.4112775890433777, -6.55082529805072]]}