{"room_0": [[-20.907856487018137, 5.382591882561194], [-18.114047025621442, 5.603951033390032], [-17.8260944716489, 1.5487848046199613], [-20.568252180349173, 1.3282762684614635], [-20.907856487018137, 5.382591882561194]], "living_dining_1": [[-20.410203956926708, -0.4039655402902245], [-17.647526805218497, -0.2077911058140227], [-17.63951886000494, -0.3205650629950334], [-14.993010584121441, -0.1326396428868541], [-14.483963927756985, -6.274035000216685], [-17.5611675750033, -6.498156925521657], [-17.628493288310917, -5.550025175459307], [-17.624873140059275, -5.549768113016977], [-17.643573064906384, -5.286421590562593], [-20.034011056806015, -5.456163762904875], [-20.410203956926708, -0.4039655402902245]], "kitchen_2": [[-17.947533095261345, 5.617144267479535], [-15.368992485954992, 5.821447233569565], [-15.36779702440393, 5.804611837450402], [-15.214666117743416, 5.815485481877651], [-14.894249280124722, 1.7845469161043344], [-17.659594440544623, 1.562173778570168], [-17.947533095261345, 5.617144267479535]], "bathroom_3": [[-24.442139970511526, -0.9688219449581155], [-22.262648466983368, -0.8140588330664649], [-22.143678328297092, -2.489486544948095], [-24.306796395034517, -2.6546219716017845], [-24.442139970511526, -0.9688219449581155]], "bathroom_4": [[-24.590798881689437, 0.882830012227803], [-22.394218248437852, 1.038806602993418], [-22.271376787341293, -0.6911400068187294], [-23.040332892503066, -0.745742669664752], [-23.06017391135991, -0.4663263960367523], [-23.217233937211287, -0.4774790425670066], [-23.216782149305626, -0.4838414624598677], [-24.473909610290455, -0.5731085954546575], [-24.590798881689437, 0.882830012227803]], "balcony_5": [[-20.667473224536558, -5.765819543615922], [-17.88609160305021, -5.568316926880481], [-17.794158896803, -6.862983011796222], [-17.796038639686998, -6.86311649011344], [-17.70897835472556, -8.089165443568403], [-20.462598289663124, -8.284696735802374], [-20.547673486693842, -7.0866032959441005], [-20.565160296346278, -7.087845013599107], [-20.588774219505005, -6.755295840476738], [-20.597169353517362, -6.755891969005983], [-20.667473224536558, -5.765819543615922]], "room_6": [[-24.294140484918195, -2.812260289756903], [-20.47279457598576, -2.5205334548853013], [-20.253045803614217, -5.471717161013363], [-20.943668517829437, -5.5207574624882625], [-20.854664721963132, -6.774176410332707], [-23.958366206838498, -6.994566579050721], [-24.294140484918195, -2.812260289756903]], "corridor_7": [[-22.240706819279232, 1.0583913372077944], [-13.517011895270954, 1.7599006601337024], [-13.414053262556822, 0.3099591173943104], [-14.998998923440084, 0.197381522615995], [-14.986709800685016, 0.0243167767401289], [-17.650576623412327, -0.1648412532328365], [-17.648263992534396, -0.1974094749985564], [-20.410976797426713, -0.3935864411651604], [-20.435649130716367, -0.0622417550911987], [-20.654627880503227, -0.0785471824155639], [-20.484537707909464, -2.3628254539798057], [-21.989611393531987, -2.477724861942029], [-22.240706819279232, 1.0583913372077944]], "shaft_8": [[-24.462639251947635, -0.7134888855987942], [-23.206807378386554, -0.6243137507334318], [-23.19739291835444, -0.7568953161950063], [-24.452001981274762, -0.8459836207241587], [-24.462639251947635, -0.7134888855987942]], "room_9": [[-24.92649693799787, 5.064186905411972], [-21.099347055019596, 5.367419699164216], [-20.759723912335225, 1.312879214090005], [-22.307047742628942, 1.1884523396988342], [-22.306395613083268, 1.1803427123261319], [-24.601599790839064, 1.017362980401881], [-24.92649693799787, 5.064186905411972]]}