{"room_0": [[-7.664477524815819, 21.924457680416694], [-3.435340425536115, 22.238926825500812], [-3.1757758236933284, 18.679390690636993], [-7.404912922973034, 18.364921545552875], [-7.664477524815819, 21.924457680416694]], "room_1": [[-13.227030194398242, 17.736670101832054], [-8.977666944193505, 18.052643218114177], [-8.960237008062613, 17.771815502670187], [-8.822082401432388, 17.780390247388468], [-8.822603005618024, 17.78877812001201], [-8.677997295871254, 17.79398088645972], [-8.44580324953981, 14.893466614212905], [-9.783361617958544, 14.795995435581155], [-9.784652920248163, 14.813715465315923], [-12.996816491744422, 14.579637180088], [-13.227030194398242, 17.736670101832054]], "room_2": [[-13.50076175650699, 21.4904846807898], [-7.832776242396173, 21.911943365417237], [-7.573211640553389, 18.352407230553432], [-13.241197154664205, 17.93094854592598], [-13.50076175650699, 21.4904846807898]], "kitchen_3": [[-6.314962207547929, 18.25063596757765], [-3.1616088634273645, 18.485112246543075], [-2.9625038291287034, 15.754687684843255], [-5.742717358135938, 15.552086665015885], [-5.752563292663792, 15.688016190235643], [-5.751958828548023, 15.688059974057431], [-5.763045499545687, 15.841118672621505], [-6.120003962382443, 15.815262703150779], [-6.314962207547929, 18.25063596757765]], "balcony_4": [[-14.903787206058968, 19.83820796294146], [-13.813090150761187, 19.91243915832939], [-13.476267103824014, 15.293420239278284], [-14.525137282747881, 15.194714033304955], [-14.903787206058968, 19.83820796294146]], "bathroom_5": [[-6.086107182442017, 15.391831975473679], [-2.9526947846773446, 15.620171468359153], [-2.951380027891517, 15.602141566537071], [-2.8573172858352436, 15.609000706960153], [-2.748221556527536, 14.10286326044843], [-5.964161105241475, 13.868509810443719], [-6.086107182442017, 15.391831975473679]], "corridor_6": [[-8.527110811510694, 18.08614556115274], [-6.488206026914764, 18.237753945905503], [-6.13742540407044, 13.855883613471377], [-8.17657121125221, 13.707286027062516], [-8.527110811510694, 18.08614556115274]]}