{"room_0": [[-12.680346318293743, 19.424440159284565], [-12.680346318293743, 23.665252752139132], [-9.11136253247006, 23.66015231503187], [-9.111362532470057, 19.4193397221773], [-12.680346318293743, 19.424440159284565]], "room_1": [[-8.916568438342178, 17.82775930449619], [-8.635221394378373, 17.824317025040845], [-8.633527947692329, 17.9627271179476], [-8.6419313318243, 17.962829933303844], [-8.636396821444144, 18.10742332618515], [-5.726650137569418, 18.12389616259206], [-5.728631328383848, 16.782792477385804], [-5.746398326625098, 16.782818724285356], [-5.7511561817681365, 13.562141029066957], [-8.916568438342175, 13.566664721832764], [-8.916568438342178, 17.82775930449619]], "room_2": [[-12.680346318293747, 13.57204353930979], [-12.680346318293736, 19.255676814866717], [-9.11136253247006, 19.25057637775945], [-9.11136253247006, 13.566943102202526], [-12.680346318293747, 13.57204353930979]], "kitchen_3": [[-8.916568438342182, 20.497815042377873], [-8.916568438342182, 23.659873934662112], [-6.178896837350209, 23.65596152635231], [-6.183014888297283, 20.86837879542461], [-6.319300288312768, 20.868639555497], [-6.319299128740504, 20.86924560215007], [-6.472758547699925, 20.869539221930275], [-6.47344331809445, 20.511646212166802], [-8.916568438342182, 20.497815042377873]], "balcony_4": [[-11.1366571293145, 12.050359455058791], [-11.129805454653084, 13.143558152166642], [-6.498526826226701, 13.136939588791732], [-6.477869283073733, 12.083637716940972], [-11.1366571293145, 12.050359455058791]], "bathroom_5": [[-6.048664799506193, 20.51405099437161], [-6.044023590563947, 23.65576877890543], [-6.025945834130253, 23.65574294397166], [-6.02581105221434, 23.75005534551209], [-4.515730412674875, 23.747166050423655], [-4.5204938607935645, 20.522702369425907], [-6.048664799506193, 20.51405099437161]], "corridor_6": [[-8.916568438342178, 18.279559299723246], [-8.916568438342178, 20.324092944096826], [-4.520750499789976, 20.348978818244433], [-4.52377088158255, 18.30442807470018], [-8.916568438342178, 18.279559299723246]]}