{"room_0": [[-19.772906916951555, -0.8354527265112122], [-17.324107210213757, -0.8140823752244621], [-17.290587472557302, -4.655063865966232], [-19.7393871792951, -4.676434217252982], [-19.772906916951555, -0.8354527265112122]], "shaft_1": [[-19.903666394043483, -5.069332758169395], [-18.83168633045442, -5.059977729880124], [-18.8249579195726, -5.830977250343199], [-19.896937983161664, -5.84033227863247], [-19.903666394043483, -5.069332758169395]], "corridor_2": [[-14.057453753338107, 1.320003981140399], [-11.450374509361342, 1.3427556169971453], [-11.450461774716228, 1.3527552362277966], [-11.384881325203327, 1.3533275481403564], [-11.384855270097505, 1.3503419287351903], [-10.050604538248983, 1.3619857584717536], [-10.031600001518422, -0.8157184518161067], [-11.490991781088793, -0.8284543709313379], [-11.496779539683898, -0.1652429262440851], [-11.641931132773617, -0.166509645006597], [-11.638139676975609, -0.6009674469252406], [-13.59067365110263, -0.618006952783027], [-13.60410200280318, -0.6181241402329647], [-13.604117373126108, -0.6163628756763231], [-14.040522099976435, -0.6201713220308083], [-14.057453753338107, 1.320003981140399]], "dining_3": [[-14.089958015032867, 5.04462345190278], [-14.08082553214398, 5.044703149873552], [-14.086272746126976, 5.668892047150681], [-11.564761605194432, 5.690896941510527], [-11.56485951984421, 5.702116849056626], [-11.49042382353259, 5.70276643953725], [-11.452479151633343, 1.3547377070029363], [-14.057558471764088, 1.3320035242171748], [-14.081033355783118, 4.021958795900023], [-14.089958015032867, 5.04462345190278]], "living_room_4": [[-13.50420860083863, -0.6292528406610973], [-11.638034958549628, -0.6129669900020094], [-11.636143374178513, -0.8297210896938498], [-11.639041181248224, -0.8297463784730308], [-11.637508087345012, -1.005421539363672], [-8.027903007747277, -0.9739209930571704], [-7.986948412801857, -5.666852744445416], [-13.461574284170457, -5.714629080628718], [-13.468813136999486, -4.885138706465357], [-13.469122989097421, -4.88514141050365], [-13.470494984755778, -4.72792628002931], [-13.468440176106341, -4.727908347985892], [-13.50420860083863, -0.6292528406610973]], "balcony_5": [[-18.654209961569553, -6.150104683828053], [-18.642076805734824, -6.149998799381198], [-18.644178488499577, -5.909169808367963], [-18.644178488499577, -5.909169808367963], [-18.651602990324395, -5.058406166379491], [-13.84641069484035, -5.016471888507629], [-13.840289127078673, -5.717934074993176], [-13.845002140568234, -5.717975204838796], [-13.841589553943262, -6.109018899643589], [-13.627595910309818, -6.107151405407537], [-13.622598083935724, -6.679845583195533], [-14.298750246421973, -6.685746273723986], [-14.29938099893334, -6.613469194880558], [-14.300685639345678, -6.613480580304952], [-14.30148945030782, -6.521372967194013], [-15.563772012470752, -6.532388740228589], [-15.562798183750747, -6.64397845871096], [-15.561232615255946, -6.643964796201688], [-15.56067624293754, -6.70771874913731], [-18.649108527833484, -6.734671089368309], [-18.654209961569553, -6.150104683828053]], "kitchen_6": [[-17.008145413595216, 5.643393250680255], [-14.219780423536598, 5.6677269433008775], [-14.214333209553601, 5.043538046023748], [-14.101957558109637, 5.044518733476799], [-14.093032898859894, 4.021854077474067], [-14.26385644077905, 4.0203633230081905], [-14.258311881417493, 3.3850197502056147], [-16.988228981003445, 3.3611961245977966], [-17.008145413595216, 5.643393250680255]], "corridor_7": [[-18.44123358981973, 0.5690184623953627], [-14.234057421534416, 0.6057339325884197], [-14.223345184972366, -0.6217667949226673], [-18.43052135325768, -0.6584822651157243], [-18.44123358981973, 0.5690184623953627]], "bathroom_8": [[-16.74042284161036, 3.1103756155756095], [-15.059361054304809, 3.1250460195415215], [-15.060433418964818, 3.24792683837844], [-14.25717666430672, 3.2549367538783756], [-14.23498343147197, 0.711844161338977], [-16.719301973435623, 0.6901638418731295], [-16.74042284161036, 3.1103756155756095]], "shaft_9": [[-15.455905170752784, -6.643045617518771], [-14.40453842567864, -6.633870478934909], [-14.402547489886722, -6.862009123824891], [-15.453914234960866, -6.871184262408754], [-15.455905170752784, -6.643045617518771]], "room_10": [[-17.150971080279426, -0.8125714391087211], [-13.676022765223708, -0.7822460245835092], [-13.642503027567253, -4.623227515325279], [-17.11745134262297, -4.653552929850491], [-17.150971080279426, -0.8125714391087211]], "room_11": [[-19.829232100286617, 5.618774000139229], [-17.184804072642855, 5.641851573918654], [-17.14155919010556, 0.6864788589695578], [-19.785987217749323, 0.6634012851901332], [-19.829232100286617, 5.618774000139229]], "bathroom_12": [[-19.574966108139918, 0.5591245285978985], [-18.543690825415748, 0.5681243316461106], [-18.532978588853698, -0.6593763958649763], [-19.56425387157787, -0.6683761989131884], [-19.574966108139918, 0.5591245285978985]]}