{"dining_0": [[-0.3666577989398103, -5.953080891436802], [-0.3508085935927436, -5.916134981413634], [-0.3588649916316857, -5.912678915321425], [1.3149151026212262, -2.010948361222253], [5.137214505195658, -3.650653760043923], [3.7497406373219953, -6.884978987046432], [3.730723853149465, -6.876821090348198], [3.4285684214231527, -7.581172327468028], [-0.3666577989398103, -5.953080891436802]], "kitchen_1": [[2.4645298062760865, 0.5831700039151206], [3.5319418730070034, 3.0714026510103123], [4.505775648334408, 2.6536435142237633], [4.567647984224132, 2.7978734427689322], [5.3864494378860055, 2.4466206959987216], [5.315691256955267, 2.2816770708248497], [5.682431624373287, 2.1243513103111273], [5.23157562459909, 1.0733657980218978], [5.2234027492781205, 1.0768718310078702], [4.615732527362415, -0.339661607169389], [2.4645298062760865, 0.5831700039151206]], "bathroom_2": [[4.732985001084463, -0.3899610457894362], [5.324853628208807, 0.9897374668126875], [5.472582176223554, 1.0205496304688029], [5.477060608969195, 1.018628454344729], [5.4805999097935665, 1.0268788799615822], [5.510490947156253, 1.0140561023144503], [5.711990086575673, 1.4837685523530943], [5.694569465528627, 1.4912417205623747], [5.922064396834713, 2.0215526780336663], [6.329822589756407, 1.846630925463173], [6.331395563464094, 1.8502976673470943], [7.284683607949297, 1.4413523209616859], [7.284229570760868, 1.440293919815157], [7.415333834616179, 1.3840522844510335], [6.355688676407022, -1.0860750067528482], [4.732985001084463, -0.3899610457894362]], "room_3": [[4.0724902105796446, -6.7210853072121495], [5.432702508554435, -3.5503092289851335], [5.470922033514276, -3.566704794799481], [5.924033170871054, -2.510462355844755], [9.448082552220503, -4.022223258829207], [8.624610254922171, -5.941810565342875], [8.592285249444258, -5.927943654246539], [7.60243411141102, -8.235374864914613], [4.0724902105796446, -6.7210853072121495]], "balcony_4": [[3.356321380737862, -8.65480231745019], [3.548408740361097, -8.207029564821815], [3.582072774352623, -8.221470897765238], [3.78816429883962, -7.741053188896073], [3.7995783573055935, -7.745949637687216], [4.0920105648632, -7.064264102563522], [7.481131211834091, -8.518142733408938], [7.167517300701165, -9.249204707117046], [6.719753461434678, -9.057121171183708], [6.556505625991765, -9.437666422991397], [6.575950007072089, -9.446007751934044], [6.36220066198009, -9.94427652303948], [3.356321380737862, -8.65480231745019]], "balcony_5": [[3.8038018140396996, 3.3894342465943224], [4.175018842384919, 4.25477421967061], [5.949599266417378, 3.4935075590920475], [5.5694963930311445, 2.6074538893870565], [5.504265462973063, 2.6354369165968965], [5.5241208465982385, 2.6817215851861045], [4.6648983085158875, 3.050314331618782], [4.653928769931726, 3.024743359658277], [3.8038018140396996, 3.3894342465943224]], "room_6": [[5.9741683424367125, -2.3935928032647045], [7.566837029793479, 1.3190598333354484], [8.273516179246233, 1.0159057643967517], [8.271241427578579, 1.0106031155510924], [10.394673235364035, 0.0996847827511096], [10.392003401583526, 0.09346116229371], [11.085941825694764, -0.2042273389520632], [9.645667421513508, -3.561635321264861], [8.946037912086485, -3.2615054353093598], [8.895902740520828, -3.3783749878894103], [8.905866934377354, -3.382649467918486], [8.808552408215665, -3.6094983003227314], [5.9741683424367125, -2.3935928032647045]], "corridor_7": [[1.3926843520360013, -1.8296613106396489], [1.8719635075447272, -0.7124188894804195], [1.8109811568070668, -0.6862584349461587], [2.2947152778982716, 0.4413689079780623], [6.2779194269922485, -1.2673620573354505], [5.333413072836118, -3.4690905360079576], [5.233490677054233, -3.426225424050376], [5.214983754610431, -3.469366709461319], [1.3926843520360013, -1.8296613106396489]]}