{"corridor_0": [[-6.0984282740761095, 1.496400462921194], [-6.052705667529318, 1.4988120462057346], [-6.053177219197916, 1.5077524678565248], [-2.5775522776917343, 2.343103063722638], [-2.5660653501763546, 2.336060457289971], [-1.8719573920937684, 3.4681935501402568], [1.0925727285538627, 1.6086093545986286], [0.03400918409693676, 1.3584182421019955], [0.09074498951259669, 1.1183679274481249], [-2.413022458780474, 0.5278947875388971], [-2.470203563912167, 0.7698291740970284], [-3.949054186693755, 0.42030336200240814], [-3.892043842142822, 0.17909146683822863], [-5.945649309711718, -0.30521823588470065], [-6.0984282740761095, 1.496400462921194]], "shaft_1": [[1.4441729623625976, 1.3706703925969206], [1.8305372255895929, 1.4619874470636876], [2.0305122930029222, 0.6158889823673637], [1.6345528082838774, 0.5170441404459774], [1.4441729623625976, 1.3706703925969206]], "bathroom_2": [[-5.275302055589938, 4.029198688075591], [-4.071454630238073, 4.092694156671486], [-4.071425904604411, 4.09216295031842], [-3.775680549843025, 4.108155742327186], [-3.7756880266490906, 4.1082940065315405], [-3.7519963174955846, 4.109543596922201], [-3.7521830197551878, 4.113083393375405], [-3.55643578842302, 4.123668664476328], [-3.4521819244530847, 2.1957628949189063], [-5.0586753021613005, 1.809649541807233], [-5.1290230880028895, 3.3338767898217436], [-5.175698147628996, 3.331722591946724], [-5.1756203084312915, 3.330036048089183], [-5.242819084219523, 3.3253893290894236], [-5.275302055589938, 4.029198688075591]], "dining_3": [[-4.958931651527671, -0.14160192556855122], [-1.5158057395596716, 0.6704037460159271], [-0.3327326897055345, -4.335201722970959], [-1.0070907296299465, -4.494586002840803], [-0.9972272783760809, -4.53631846014386], [-0.9961329443784948, -4.746855320148631], [-1.0366734716954316, -4.756437059179541], [-1.045825412180347, -4.717715018009912], [-2.3265194849183612, -5.020406600866709], [-2.318228321361646, -5.055486677831414], [-2.3680970703138935, -5.067273138686328], [-2.4831492072098547, -4.854095026940474], [-2.484240094137214, -4.84947946277873], [-3.774169545629609, -5.154353824078052], [-4.958931651527671, -0.14160192556855122]], "bathroom_4": [[-3.430875962693536, 2.9328948743177707], [-2.919398407569959, 3.7771756832739873], [-2.916900512985085, 3.775662422517998], [-2.7641310846478238, 4.027834380501963], [-1.9187813128410252, 3.4975651602947386], [-2.5898428869689374, 2.403022147837267], [-3.3917994383449037, 2.210275549937572], [-3.430875962693536, 2.9328948743177707]], "shaft_5": [[-3.4954014322259908, 4.126126666962796], [-2.976810746668898, 3.8119569107100983], [-3.4373074534648356, 3.051828673916969], [-3.4954014322259908, 4.126126666962796]], "shaft_6": [[-9.333328987824963, 1.8870859188199636], [-8.94950065803749, 1.9024873679297833], [-8.930180067644933, 1.511391635134843], [-9.141286160226267, 1.5009627452183314], [-9.14161420923809, 1.5076032549577043], [-9.31416100034171, 1.4990792400045416], [-9.333328987824963, 1.8870859188199636]], "room_7": [[-9.057952599392966, 0.3527654835971612], [-8.837902798308459, 0.4047741748337761], [-8.839925118216133, 0.41333065035415784], [-8.865057109447058, 0.9220632681131709], [-8.167519998845762, 0.9446416361333361], [-8.16759043241894, 0.9468176140906883], [-8.155720283073205, 0.9475015875492239], [-8.181019212329609, 1.3865567362717597], [-6.153152052699951, 1.4935141237606984], [-5.999540094392069, -0.31792750761202226], [-8.765009845452237, -0.9701189115484117], [-9.015801242671184, -0.9626660058520806], [-9.017335413724602, -0.9316106529784487], [-8.987347706922623, -0.9299600435773487], [-9.057952599392966, 0.3527654835971612]], "shaft_8": [[-8.885650036961502, 1.338914198287565], [-8.884257049766287, 1.3389830134976624], [-8.88477354188202, 1.3494380699106432], [-8.223528816553419, 1.3843146188877977], [-8.200586732328821, 0.9861617919776626], [-8.867157770463034, 0.9645857554029118], [-8.885650036961502, 1.338914198287565]], "kitchen_9": [[-9.218153593651884, 3.4725452983121428], [-8.983553776445255, 3.5323344958941503], [-8.985928967508457, 3.541654229421158], [-9.0026937536751, 3.8326019453935136], [-5.321962952018021, 4.026737615832202], [-5.2178715894373795, 1.771387440552395], [-6.056451871264789, 1.5698384961480163], [-6.056793725425705, 1.5763199075079828], [-8.888603194931076, 1.4269595604623495], [-8.917209593861713, 2.0060226390271576], [-8.915320535893034, 2.018364534270066], [-8.919008133273255, 2.0189289601608444], [-8.919113871750188, 2.0215641292742212], [-8.932670641595159, 2.0210201519680724], [-9.136310840239958, 2.052189444238171], [-9.218153593651884, 3.4725452983121428]],