{"corridor_0": [[3.8673046014411767, 0.7410351572228588], [5.71524762792534, 0.7571619116998409], [5.715272679076687, 0.7542913340829642], [5.864227441813728, 0.755591242604174], [5.85775513559603, 1.4972440753135707], [8.46757909538028, 1.5200196639677621], [8.467491830025299, 1.5300192831984027], [8.66212317578038, 1.5317178052207439], [8.662114299974082, 1.53273487188304], [9.86468603361163, 1.5432295564113971], [9.883894973687195, -0.6578969572621016], [8.086875238072018, -0.6735793109121992], [8.086815915458715, -0.6667816127316808], [8.00959105827761, -0.6674555438504619], [8.004507891285893, -0.0849822998877166], [7.875909253294186, -0.086104563199541], [7.879601039577313, -0.5091413699489635], [3.8785194419672386, -0.5440582800737968], [3.8673046014411767, 0.7410351572228588]], "storeroom_1": [[0.1890326142430752, 0.7089353638921292], [1.424616462873633, 0.7197181407835256], [1.4352654655524546, -0.5005367014061282], [0.1996816169218967, -0.5113194782975246], [0.1890326142430752, 0.7089353638921292]], "balcony_2": [[0.2364688390325043, -4.7267176019591], [3.5722820253107592, -4.6976064013077785], [3.5827047948264834, -5.89193749072345], [3.7573889814398136, -5.89041304492174], [3.76275188943033, -6.504941432322678], [0.2522545165387449, -6.5355770787757095], [0.2364688390325043, -4.7267176019591]], "room_3": [[0.1450315343822624, 5.750959709374591], [2.784397195656794, 5.773993104552002], [2.8272172299832654, 0.8673031725912459], [0.1878515687087337, 0.8442697774138335], [0.1450315343822624, 5.750959709374591]], "kitchen_4": [[2.923421529674048, 5.7752063515346705], [5.701189955126694, 5.799447569336941], [5.706643301100886, 5.174556015466425], [5.8093211007003625, 5.175452071048575], [5.818299602715033, 4.146617646654626], [5.712202655098846, 4.145691752619776], [5.717634300430419, 3.5232868460935087], [5.69111004137056, 3.523055372391447], [5.691155490746603, 3.5178473897414264], [2.9433304723561236, 3.493867484093794], [2.923421529674048, 5.7752063515346705]], "living_room_5": [[3.878624160393219, -0.5560578231505655], [7.879705758003293, -0.5211409130257323], [7.880992420285903, -0.6685778071622863], [7.875728248163501, -0.6686237468964258], [7.918011925468839, -5.51385325181859], [3.9118320264651842, -5.548814654143191], [3.9043783527146445, -4.694708240564729], [3.9158808975723467, -4.694607859376498], [3.912924448829603, -4.355832388768874], [3.9117843774878622, -4.3558423380207465], [3.878624160393219, -0.5560578231505655]], "dining_6": [[5.8192864458196745, 5.800478181797768], [8.428025346739688, 5.823244301286707], [8.465474453108168, 1.5320017539735318], [5.857650417170049, 1.5092436183903395], [5.840064804107602, 3.5243552809126584], [5.835730791123396, 3.5243174585543393], [5.830299145791823, 4.146722365080468], [5.821320643777135, 5.175556789474555], [5.824739791793867, 5.175586627927252], [5.8192864458196745, 5.800478181797768]], "corridor_7": [[1.5023717032395965, 0.7203967004862388], [3.7183498387041354, 0.7397352487016491], [3.728998841382957, -0.4805195934880047], [1.513020705918418, -0.4998581417034149], [1.5023717032395965, 0.7203967004862388]], "shaft_8": [[2.944394988045886, 3.3718860681625813], [3.1471684700690474, 3.37365564553167], [3.169015046023681, 0.8702859969430001], [2.9662415640005193, 0.868516419573913], [2.944394988045886, 3.3718860681625813]], "room_9": [[0.2008307456873695, -0.6429965923577949], [3.7301479701484297, -0.612196707548275], [3.762829614750821, -4.357142246541956], [0.2335123902897607, -4.387942131351476], [0.2008307456873695, -0.6429965923577949]], "bathroom_10": [[3.1917503762097503, 3.3740447059324197], [5.692220006436365, 3.3958659738102135], [5.706634650433603, 1.7441113760722082], [5.5274527366654596, 1.7425476792002605], [5.527489294144541, 1.7383586070202703], [5.4827242128128155, 1.7379679480738446], [5.4901195872911295, 0.8905419694031718], [3.2135969521643837, 0.8706750573437496], [3.1917503762097503, 3.3740447059324197]]}