{"shaft_0": [[4.928350174393271, 1.7626645014558129], [5.355122774234294, 1.9764627048936951], [5.447476315075681, 1.7921114797869215], [5.020703715234655, 1.5783132763490322], [4.928350174393271, 1.7626645014558129]], "shaft_1": [[2.9858496811073234, 5.009678209810378], [3.3952653370115566, 5.207226308993565], [3.5142561062880073, 4.960619613959295], [3.104840450383774, 4.763071514776108], [2.9858496811073234, 5.009678209810378]], "bathroom_2": [[-5.625402495474243, 4.939301363170795], [-4.615980987901677, 5.445798555661785], [-3.280013846527252, 2.7090935606152513], [-4.0460670869661595, 2.3394634320663172], [-5.1662415524825285, 4.5610167710146925], [-5.174419368193983, 4.55689326869626], [-5.178531968092582, 4.565416574118679], [-5.397904384092257, 4.459566680083128], [-5.418413760544062, 4.500440757973937], [-5.407854139246399, 4.505739256669383], [-5.625402495474243, 4.939301363170795]], "shaft_3": [[-2.7846815830937874, -2.195147486722121], [-2.5869438471240933, -2.0997365924041524], [-2.5055843074171644, -2.2621421773167683], [-2.7033220433868568, -2.3575530716347366], [-2.7846815830937874, -2.195147486722121]], "balcony_4": [[-7.394821676342333, -5.1293783214201], [-6.351356543380963, -4.625893536195694], [-6.387958631737481, -4.550036223096203], [-6.3900067670961285, -4.551024473645825], [-6.482477329908776, -4.35938053334819], [-5.1378361688229495, -3.710574603176056], [-3.156001209223586, -7.817899671011297], [-5.50383776647316, -8.974163174813432], [-7.394821676342333, -5.1293783214201]], "shaft_5": [[-0.4056608175953329, -0.9885283372090683], [-0.1964697780699183, -0.8837309147820029], [-0.1119020297869042, -1.052540554980535], [-0.3210930693123224, -1.1573379774076038], [-0.4056608175953329, -0.9885283372090683]], "corridor_6": [[-4.347475676822717, 2.06083077739936], [-3.2273865922144376, 2.6012875635266646], [-2.440389517588118, 0.9891380139493613], [-3.5477256178961953, 0.4548346999013191], [-4.347475676822717, 2.06083077739936]], "kitchen_7": [[0.4049105396880552, 7.13505414758497], [3.9981677939738294, 8.938041995119793], [5.540034329165058, 5.825880177128067], [3.690634569853936, 4.903817989184052], [3.444508885653052, 5.413910006513664], [3.4409823963588995, 5.412208431972481], [3.4381557724924523, 5.418066570162932], [2.759947242919969, 5.090822597113181], [2.760163113661415, 5.090375208038999], [2.7421102195973273, 5.081664464188133], [2.9952182388546813, 4.557101655700791], [1.9336997941445055, 4.027856415592737], [0.4049105396880552, 7.13505414758497]], "room_8": [[-7.554680520108841, -0.9524625918464089], [-4.523762353174707, 0.5659218102898826], [-4.286604736297052, 0.0744159863000924], [-4.276568530201006, 0.0792585794171181], [-4.274009482043625, 0.0739549881187145], [-3.6608363657973397, 0.3698185728103063], [-2.568563542413486, -1.8235990460227178], [-3.1810446208859133, -2.1191287139604746], [-3.1377273899423024, -2.208903065584522], [-4.803374157470889, -3.0433340637141733], [-4.863647189944877, -2.9184190519995212], [-5.39609700696074, -3.1753326500631083], [-5.386720677100884, -3.1947649617655216], [-6.239832384339412, -3.6064018733625645], [-7.554680520108841, -0.9524625918464089]], "shaft_9": [[-4.078083283921578, 0.6267134668485177], [-3.844814230345219, 0.7392686597624163], [-3.733901452258875, 0.5165422159655009], [-3.9699645305095217, 0.4026388717156273], [-4.078083283921578, 0.6267134668485177]], "room_10": [[1.9990952333473242, 3.8949430269217338], [5.605793992791559, 5.693148381196718], [6.931322318989681, 3.01765179877129], [6.869558504144928, 2.9878499969961823], [6.935588386720243, 2.8510039944498153], [5.446529578278264, 2.105037411363547], [5.411733048679347, 2.1744963926065246], [4.742023229777471, 1.8389951065369203], [4.781046645816785, 1.7610986394479724], [3.5060097755003863, 1.1223495906752667], [3.501355965663917, 1.1316392782925568], [3.386895781681744, 1.0742987139974858], [1.9990952333473242, 3.8949430269217338]], "balcony_11": [[2.18140396117702, -6.739414776190973], [5.488081831555453, -5.069500085819522], [5.886376198293062, -5.894959556576696], [2.562041346198315, -7.528280400788322], [2.18140396117702, -6.739414776190973]], "bathroom_12": [[-1.754449003162744, 6.881628786760004], [-0.2187207813660397, 7.652210775487138], [-0.1428377409812409, 7.500979980608104], [-0.145980020677678, 7.499403279663721], [0.11087063600867, 6.987513814258737], [0.2489237002197999, 7.056784667825021], [1.2709363732182677, 4.979588317607856], [-0.4261861093520931, 4.160705806209098], [-1.754449003162744, 6.881628786760004]], "room_13": [[3.581189690574126, 0.6794047864724853], [5.091890798601751, 1.4362134076169646], [5.0886517749397004, 1.4426789743381612], [5.627017807817255, 1.7123815997271379], [5.626029945038907, 1.7143535188519046], [7.122344344306514, 2.463954900151503], [9.326607637796437, -2.104349759935051], [5.815891478623238, -3.8625294973172934], [3.581189690574126, 0.6794047864724853]], "room_14": [[-0.9462000284450873, -1.5880660524873846], [-0.7946012170126338, -1.5121203297777939], [-0.7944567250319707, -1.5124087569827633], [0.3640980672477614, -0.9320131709820956], [0.3591619488623703, -0.9221599540579923], [1.4649344436469054, -0.3682064601269666], [1.301666437957195, -0.042299552872251], [3.114235710501651, 0.8657345013783591], [3.282533086266268, 0.5297882331378432], [3.425153310247252, 0.6012359963550757], [5.641112148189249, -3.90260405574522], [5.13771844251132, -4.1547054997586095], [5.274156349552003, -4.427143382409135], [1.8417910340235917, -6.1605318429144695], [1.6967272199083627, -5.870869833111142], [1.2669131089396188, -6.086122341854026], [-0.9462000284450873, -1.5880660524873846]], "shaft_15": [[-4.341153181579599, 0.4997789994308555], [-4.1520934202050315, 0.5910026640684087], [-4.043974666792975, 0.3669280689355183], [-4.233034428167542, 0.2757044042979651], [-4.341153181579599, 0.4997789994308555]], "corridor_16": [[-0.3735588550392777, 4.0528998091205075], [1.3238989753850205, 4.871944129991267], [2.1175544692758077, 3.2588738239225563], [0.4150713822411216, 2.43740475481129], [-0.3735588550392777, 4.0528998091205075]], "room_17": [[-9.187115832838249, 2.342506677324323], [-5.31142227816323, 4.287212520891057], [-5.3617334057154515, 4.387479876711279], [-5.208677212047521, 4.461331376260155], [-4.120626930700668, 2.3034873886670546], [-4.4009557355101006, 2.1682252858681537], [-4.4036053775986925, 2.1735460917293814], [-4.5281639960373905, 2.111518690895789], [-3.966596951200528, 0.9838232800686555], [-7.60976540068814, -0.841277182360713], [-9.187115832838249, 2.342506677324323]], "room_18": [[-4.616618199884616, -3.4303831580124857], [-2.6575350003984592, -2.4489507310209078], [-2.66129841374711, -2.4414384055043588], [-2.4635606777774175, -2.346027511186392], [-2.462686323463137, -2.3477728507537385], [-2.345239538320188, -2.2889361033325812], [-2.210731315328472, -2.2240342282007255], [-2.211695801589416, -2.2220353439959766], [-1.1022364087719634, -1.6662348426047977], [1.1616153712128572, -6.267415218402483], [-2.3814227689668996, -8.062794237679302], [-4.616618199884616, -3.4303831580124857]], "corridor_19": [[-3.471381588359894, 0.3015265374233174], [-2.364221078682581, 0.8357451268282254], [-2.312939431694174, 0.7334903494372647], [0.6031823403329941, 2.195950403665748], [0.5458129371924976, 2.3103440686841488], [2.1931598175753173, 3.105209238645074], [3.2308594013548717, 0.9961299238800727], [1.2728447360111161, 0.0152327952652946], [1.2724691757726863, 0.0159824686338048], [0.2234667116047522, -0.5095312178694122], [0.1893655209989031, -0.4414602353330217], [-1.4317270702496074, -1.2535711434477967], [-1.3928342532390339, -1.3312069157033264], [-2.4056502841513527, -1.8385924599083783], [-3.471381588359894, 0.3015265374233174]]}