{"room_0": [[-4.4830476581616026, 6.24117413651617], [-0.5896839377978011, 6.513424649217734], [-0.3293144011017262, 3.008202370135459], [-4.237864381878051, 2.7348899306579018], [-4.4830476581616026, 6.24117413651617]], "room_1": [[-3.9619256466903465, -1.099987407994659], [-0.0445040147739633, -0.8260546022362032], [0.2668299745733087, -5.017385314513296], [-2.913184122464905, -5.239753562254599], [-2.9852482167832477, -4.2091890003157815], [-2.9874201380469927, -4.209340875845548], [-3.002498664593517, -3.9937079000607216], [-3.7252146986274823, -4.044245128261176], [-3.9619256466903465, -1.099987407994659]], "balcony_2": [[-5.9990452718916245, -4.464228619499098], [-3.2075541106936605, -4.269028542028035], [-3.1331480423552804, -5.333084892809278], [-3.120083571168802, -5.332171335989479], [-3.1031125297219084, -5.574868535750331], [-3.1140271238745534, -5.575631758523082], [-3.028004648692203, -6.80581046668219], [-5.80465710179868, -7.0124073401702525], [-5.889426518497409, -5.8001482031856035], [-5.906751614015761, -5.801359691881819], [-5.927873947408003, -5.499296251476354], [-5.926672168650068, -5.499212214919149], [-5.9990452718916245, -4.464228619499098]], "shaft_3": [[-4.325432655195822, 2.580702128953739], [-4.291134664618454, 2.5831004780908824], [-4.255232820913307, 2.5856109795640787], [-4.031714354432658, 2.6012409133355714], [-4.011030488434155, 2.3054478487924044], [-4.082129222149646, 2.425154210505857], [-4.097553665933322, 2.415992972910896], [-4.271804569546813, 2.566413902526886], [-4.276725716695427, 2.560713137748671], [-4.325432655195822, 2.580702128953739]], "bathroom_4": [[-2.405513484912678, 0.8050009850265667], [-0.8747302646431159, 0.9120437753966382], [-0.880326185105929, 0.9920691663344119], [-0.1831762251434235, 1.0408186404811364], [-0.0560992458511791, -0.6699539200338336], [-2.291444292019861, -0.8262644727061286], [-2.405513484912678, 0.8050009850265667]], "living_dining_5": [[-9.812284637418037, 0.3912630463698221], [-7.852862168233683, 0.5282792128903662], [-7.804828807744606, -0.1586298446522747], [-7.675796245899427, -0.149607008965539], [-7.675340341868996, -0.1561267403498103], [-7.534341391944334, -0.1462671332941952], [-7.543908656162602, -0.0094488807189723], [-7.662360259392843, -0.0177318237024604], [-7.701282259694084, 0.5388787126492289], [-6.7644360684598315, 0.6043893800836599], [-6.725542368869743, 0.0481835627569893], [-6.834903408646351, 0.0405362938945846], [-6.825336144428084, -0.0962819586806365], [-6.684337194503419, -0.0864223516250231], [-6.6843519036064585, -0.0862120016515249], [-6.564409905214914, -0.0778248400858708], [-6.612856159920231, 0.6149888798425227], [-5.86243818673846, 0.6674632163322354], [-4.193352833050412, -0.3637342659859613], [-3.8964860983721294, -4.056221591222421], [-6.259727287570902, -4.2214755134366815], [-6.243060196128168, -4.459826025629328], [-6.244708284625398, -4.459941271203739], [-6.172098898517067, -5.498303869043713], [-9.332016483366646, -5.719266831756482], [-9.805395825741726, 0.2461581741967187], [-9.802153769184821, 0.2463848808758833], [-9.812284637418037, 0.3912630463698221]], "corridor_6": [[-7.1932812023703665, 2.3801626229129944], [-4.711790633970287, 2.553685347229102], [-4.345788248357312, 2.4034804956762468], [-4.201758809126218, 2.27914804349415], [-4.197807475459676, 2.2837253550666112], [-4.129386106068036, 2.1685267746516477], [-4.026378827486862, 1.9698590280021637], [-3.9968860891760585, 1.7818877099300021], [-3.9909122876109855, 1.782825000619276], [-4.00920866138404, 1.6743383776266025], [-4.010348215085042, 1.674513568166045], [-4.045729330193801, 1.4443716849588366], [-4.132788253136578, 1.2751860414578502], [-4.127411467612578, 1.2724192750412282], [-4.223335496704362, 1.178873685289716], [-4.392280866112696, 1.0321193492216452], [-4.568081109138035, 0.9593367099242389], [-4.565768048565797, 0.9537497098558543], [-4.743544633042376, 0.9413183600652015], [-4.731568819229384, 0.7700562435730873], [-4.491418974903464, 0.7868491565755296], [-4.492670402426885, 0.8047454039324329], [-4.279982278622807, 0.8927999067663279], [-4.28286305569717, 0.8997581775114423], [-4.136716234249896, 1.0267085628642114], [-4.135134309232033, 1.0250864166803346], [-4.107014785446687, 1.052508715982576], [-4.103909178132145, 1.0552064006905422], [-4.104064800929592, 1.0553855555401181], [-3.9627847677190253, 1.19316254585139], [-3.975309997501615, 1.2060062353212828], [-3.8699836415053, 1.4106918288768462], [-3.876680102746853, 1.4141376691452852], [-3.8529016359251607, 1.5688083491762352], [-3.8112244948500553, 1.8159290271482824], [-3.82891462545879, 1.8189124847652955], [-3.850260294926027, 1.954958638995091], [-3.843245960912043, 1.9554491290105958], [-3.889101464236628, 2.6112133780890296], [-2.6574393534962937, 2.6973395828847178], [-2.4104629826206683, -0.8345870703015343], [-3.974470412423951, -0.9439531237236416], [-4.025707976262492, -0.3066501424555081], [-4.1968361228239885, -0.3204084169210812], [-4.1939735598651815, -0.356013542751457], [-5.842394468499492, 0.6624169928879304], [-5.856398732814132, 0.8626873030223585], [-7.076777803550428, 0.7773500852431852], [-7.1932812023703665, 2.3801626229129944]], "bathroom_7": [[-2.5384206628954864, 2.7056621804801235], [-0.3183729385536012, 2.8609030402057964], [-0.2124243640444909, 1.4345714173944124], [-2.438651623301432, 1.2788984424928351], [-2.5384206628954864, 2.7056621804801235]], "kitchen_8": [[-7.45880093812397, 6.033089196517958], [-4.635911188958943, 6.2304848771450825], [-4.390727912675391, 2.724200671286818], [-4.63369477300326, 2.707210773336163], [-4.641762542412913, 2.7105217301882885], [-4.643399847426782, 2.7065321284220527], [-7.203989114149206, 2.527478284303383], [-7.45880093812397, 6.033089196517958]]}