{"kitchen_0": [[0.6369834202479261, 9.226242751151299], [2.872697148118558, 9.660821476718233], [2.89473910024817, 9.547425463370015], [2.897944739760238, 9.548048576569354], [3.5509216939650408, 6.188773364478968], [1.3022751347337511, 5.751680751154122], [0.6524576304157428, 9.094702002641135], [0.6630314247766087, 9.096830284800998], [0.6369834202479261, 9.226242751151299]], "corridor_1": [[0.3791273605705712, 5.331021955980653], [3.5961024418003227, 5.95633856675843], [4.071729874018207, 3.5094475502362776], [2.780836859582184, 3.249617967860079], [2.7775064235866758, 3.2661643384553987], [2.5493082420369007, 3.2202328495186556], [2.576791784643863, 3.083688300438366], [1.543828690783922, 2.8757745800245047], [1.515385000136483, 3.017089364991506], [1.3714057492311476, 2.9881093734544724], [1.3130737562135053, 3.277916106067316], [1.317793839223441, 3.278866159389736], [1.3037730981225764, 3.348524419926518], [0.7986274440842607, 3.2468492362667227], [0.3791273605705712, 5.331021955980653]], "living_room_2": [[3.0956471302458084, 9.586478028349205], [6.671836969396704, 10.281618914818525], [6.7947104097634465, 9.671155454967014], [6.906556577310859, 9.693667733427919], [7.38961365760985, 7.293729262877019], [7.251493219097117, 7.2659285269097085], [7.616060820284616, 5.4546729902663], [4.038749761536053, 4.734635599072808], [3.0956471302458084, 9.586478028349205]], "balcony_3": [[8.31341366862858, 4.062866035663699], [10.80580831026074, 4.560381811165989], [11.438928125171067, 1.1693480879338125], [8.97278397861249, 0.6899782263475807], [8.840230383601178, 1.3650626507454646], [8.847812493390652, 1.3665887697949124], [8.341573044942791, 3.8817025672958145], [8.349554697776071, 3.8833091059470846], [8.31341366862858, 4.062866035663699]], "bathroom_4": [[2.8280651683700633, 3.014976887578351], [4.233940980082576, 3.297950085934108], [4.879327951933952, 0.0159721043005696], [3.4880661685182197, -0.2640595978764058], [2.8280651683700633, 3.014976887578351]], "room_5": [[4.0532447989671, 4.66006509604528], [7.631050262441182, 5.380202000499686], [7.948587742813146, 3.8026029007932873], [8.069737350285497, 3.826987765815069], [8.547018866071639, 1.4557436256628726], [8.41062068837038, 1.428961688243092], [8.543259289697168, 0.7534443337571801], [4.981270791727866, 0.0364910514121277], [4.320499856020955, 3.3967009045370826], [4.317543356658774, 3.3961195215475204], [4.286050013263221, 3.5525856814772876], [4.269177135592255, 3.549189526482486], [4.0532447989671, 4.66006509604528]]}