{"kitchen_0": [[0.894256747401565, 2.877826896826228], [0.894256747401565, 2.881948114192074], [4.316288417381285, 2.881948114192074], [4.316288417381285, 0.6166257285038483], [0.9277582178691137, 0.6166257285038481], [0.9277582178691137, 0.6021846094901198], [0.7956118483971046, 0.6021846094901198], [0.7956118483971046, 2.877826896826228]], "corridor_1": [[7.04568747596932, 2.909050592505113], [7.04568747596932, 1.6108618270427029], [7.04730592875616, 1.6108618270427029], [7.04730592875616, 1.3778729151681295], [7.1898446693961775, 1.3778729151681295], [7.1898446693961775, 0.32625348847050906], [7.060509532143199, 0.32625348847050906], [7.060509532143199, 0.17737649146943668], [6.766982576245917, 0.17737649146943668], [6.766982576245917, 0.17803861679241595], [6.695866667987376, 0.17803861679241595], [6.695866667987376, -0.338185168733786], [4.577341917944402, -0.338185168733786], [4.577341917944402, 2.909050592505113]], "living_room_2": [[1.488400541809133, 6.726369663832496], [1.488400541809133, 6.8491939970204045], [3.9346270254498252, 6.8491939970204045], [3.9346270254498252, 6.742702007487725], [5.7840048274529705, 6.742702007487725], [5.7840048274529705, 3.11995655396301], [0.8927407270349299, 3.11995655396301], [0.8927407270349299, 6.726369663832496]], "balcony_3": [[10.698158509574307, 9.740085981508766], [10.698158509574307, 7.227852689022124], [10.028822552377699, 7.227852689022124], [10.028822552377699, 7.229184142126376], [7.463411348755088, 7.229184142126376], [7.463411348755088, 7.201290292309197], [7.280157027921141, 7.201290292309197], [7.280157027921141, 9.740085981508766]], "bathroom_4": [[10.62804201643928, 3.04815348305216], [10.62804201643928, 1.6612033195182512], [7.303505793174217, 1.6612033195182512], [7.303505793174217, 3.04815348305216]], "room_5": [[7.469041764824872, 6.769719366355802], [7.469041764824872, 6.915889225342691], [9.885868033242389, 6.915889225342691], [9.885868033242389, 6.810866112315515], [10.575547793955815, 6.810866112315515], [10.575547793955815, 3.1842046505122346], [7.202176377219424, 3.1842046505122346], [7.202176377219424, 3.1483530539193927], [7.042616848265065, 3.1483530539193927], [7.042616848265065, 3.1289017434092345], [5.911222148058672, 3.1289017434092345], [5.911222148058672, 6.769719366355802]]}