{"living_room_0": [[-3.5867968881751384, -3.3287182281951466], [-3.0926857342122824, -3.0830176996914], [-2.8751185775576786, -3.520551796559996], [-2.8751910298080787, -3.520587823992429], [-2.8206293857190445, -3.630312931574082], [0.2063086865191632, -2.1251449584727276], [0.1670138137765598, -2.0461217873224236], [2.3475826623804394, -0.9595433201970422], [3.8571988618624378, -3.9567828607441484], [1.317938771747178, -5.2194492489566535], [1.406152514164333, -5.396849738595634], [1.4231297141199342, -5.388407696823959], [1.4399798534429493, -5.423734748565369], [-0.3476763002053413, -6.31266036421213], [-0.4595915461857008, -6.087595437920976], [-1.881709140328077, -6.7947542253170745], [-3.4164415914680095, -3.7083610983872433], [-3.401669265267241, -3.701015446855905], [-3.5867968881751384, -3.3287182281951466]], "kitchen_1": [[-1.5014594870354436, -0.0036496002821949], [0.1844034673876145, 0.8346585730195812], [1.172426263803537, -1.1522849921882212], [1.198162927153838, -1.139487240637024], [1.1991165755053288, -1.1414050561594422], [2.1908083971159655, -0.648278757090111], [2.342709871599352, -0.9498687279351756], [0.1621907321029479, -2.0364224249892793], [0.151747042430129, -2.0154198508910746], [-0.3716689194474778, -2.2756924179626807], [-1.5014594870354436, -0.0036496002821949]], "bathroom_2": [[-2.7481200828310595, -0.6235610610844091], [-1.6073842127103166, -0.0563214755701757], [-0.4775936451223544, -2.328364293250658], [-0.7516684202248687, -2.4646500592208334], [-0.9970119602944791, -1.971256819737917], [-1.099563456425516, -2.0222513309853554], [-0.8542199163559019, -2.5156445704682735], [-1.61832951524309, -2.895603878764888], [-2.0305846844312505, -2.0665463321035418], [-1.2402664810256567, -1.6735545959212743], [-1.2948281251146891, -1.5638294883396178], [-2.0851463285202883, -1.9568212245218888], [-2.7481200828310595, -0.6235610610844091]], "balcony_3": [[1.620433969866971, -5.290296655362365], [3.946322161413466, -4.133731066182083], [4.27192842477878, -4.780199994869509], [4.188508271681799, -4.821681300312186], [4.192728894450342, -4.830169099665628], [4.187891542229993, -4.832476398317777], [4.56069548092275, -5.614076109698935], [2.3603904872047234, -6.708194498830856], [1.9999268426711403, -5.952466752179978], [1.8858429173547613, -6.006881993230056], [1.7636747171800824, -5.7507510351417075], [1.8460106236095513, -5.7098088795916695], [1.6514651487506011, -5.318572077350366], [1.6372841091899843, -5.325623707103775], [1.620433969866971, -5.290296655362365]], "balcony_4": [[-0.0782654358424448, -6.666669782250036], [1.5252097876224813, -5.869329534639242], [1.6571806242910228, -6.146012147522985], [0.0543218036746485, -6.944644710580368], [-0.0782654358424448, -6.666669782250036]]}