{"bathroom_0": [[1.4064982637989767, -3.7580926543935305], [1.9078544495235896, -3.7580926543935305], [1.9078544495235896, -3.7234287261028425], [1.9054014763334222, -3.723428726102842], [1.9054014763334222, -3.4890483868345643], [3.1930814785828776, -3.4890483868345643], [3.1930814785828794, -6.097716379813384], [1.406498263798978, -6.097716379813386], [1.4064982637989794, -5.419381359814725], [1.6822801365192748, -5.419381359814725], [1.6822801365192739, -5.386511627984486], [1.6745627035617157, -5.386511627984486], [1.6745627035617152, -4.695801378282905], [1.6611343702155603, -4.695801378282905], [1.6611343702155594, -4.683762182869112], [1.4064982637989776, -4.68376218286911], [1.4064982637989767, -3.7580926543935305]], "kitchen_1": [[-0.7965998140476497, -3.4890483868345656], [1.2982064336254704, -3.489048386834565], [1.2982064336254708, -6.097716379813386], [-0.7965998140476476, -6.097716379813388], [-0.7965998140476497, -3.4890483868345656]], "corridor_2": [[-0.7965998140476507, -1.794158467135218], [-0.603881661132905, -1.794158467135218], [-0.6038816611329051, -1.7063044054793868], [-0.7142654546904021, -1.706304405479387], [-0.7142654546904035, -1.426212488610226], [-0.6063346343230697, -1.4262124886102254], [-0.6063346343230708, -1.339174518469386], [3.193081478582876, -1.3391745184693848], [3.1930814785828776, -3.3820399696298193], [-0.7965998140476498, -3.3820399696298207], [-0.7965998140476507, -1.794158467135218]], "room_3": [[-4.693661051450408, -1.3391745184693884], [-0.9048916442211588, -1.3391745184693866], [-0.9048916442211554, -6.097716379813386], [-4.6936610514504045, -6.097716379813388], [-4.693661051450408, -1.3391745184693884]], "shaft_4": [[1.4064982637989776, -3.4890483868345643], [1.8721923363024466, -3.4890483868345643], [1.8721923363024466, -3.723428726102842], [1.4064982637989785, -3.723428726102842], [1.4064982637989776, -3.4890483868345643]], "balcony_5": [[-4.390854515244504, -6.483849606017557], [-1.384897111239673, -6.483849606017559], [-1.47978082502442, -7.649464018115518], [-4.2683683356788205, -7.64898488155222], [-4.390854515244504, -6.483849606017557]], "room_6": [[3.301373308756382, -1.3391745184693848], [6.866330838646401, -1.3391745184693833], [6.866330838646405, -6.038116639845022], [6.859910832233826, -6.038116639845024], [6.859910832233828, -6.097716379813383], [3.301373308756384, -6.097716379813386], [3.301373308756382, -1.3391745184693848]], "shaft_7": [[1.406498263798978, -4.716631914699349], [1.646618023298131, -4.716631914699347], [1.6466180232981318, -5.386511627984486], [1.4064982637989785, -5.386511627984486], [1.406498263798978, -4.716631914699349]]}