{"kitchen_0": [[6.368823565415193, -2.0873816768721714], [6.984981027267283, -0.3472944090638759], [6.970630185760113, -0.3422128374426787], [7.632548443243005, 1.526986659077684], [7.983743786760696, 1.7093039145780722], [8.035133148436786, 1.6055529721842756], [8.049196538699382, 1.6125187754041992], [8.176596300472438, 1.561517353425364], [8.225715169255944, 1.5285151594621897], [8.372877341142699, 1.7475442161021046], [9.483221006999065, 1.259426796608567], [9.42861359950094, 1.0125131757314616], [9.440516592697678, 1.0098807101848752], [9.437774237849998, 1.0032611949353836], [9.624698600599656, 0.9258215467110666], [9.554316999574882, 0.7270700366679872], [9.555689392148883, 0.7265840469687301], [9.540480891607919, 0.6836365663204376], [9.861888063508859, 0.5698203174057461], [9.300233882585372, -1.0162421613556472], [9.311869468257521, -1.0203625383444273], [8.758083574317629, -2.5842056601052494], [8.773874959415457, -2.589797682854373], [8.663977570064413, -2.9001383367366724], [6.368823565415193, -2.0873816768721714]], "shaft_1": [[1.3991106138350151, -3.547125046316145], [1.6828134146072227, -2.745973051534472], [2.071626134043724, -2.883658856723107], [1.7855826161487744, -3.683981960098576], [1.3991106138350151, -3.547125046316145]], "shaft_2": [[4.26962827423746, 0.8695424465543251], [4.645061689418052, 1.0432909257570095], [4.931957381142167, 0.4418015996668387], [4.5458149479155825, 0.2725155598516498], [4.26962827423746, 0.8695424465543251]], "balcony_3": [[2.935447862709056, -9.759060151543883], [3.201346236319088, -9.008186308046222], [3.288141561786736, -9.038922144803164], [3.4412652266326766, -8.606514254554293], [3.7931109225648036, -8.731109350148847], [3.7921615262913377, -8.733790362519029], [5.776533592819087, -9.43649336608763], [5.778691311622415, -9.430400156155406], [6.1230018713307555, -9.552326920066571], [5.970419188482078, -9.9832071242825], [6.195147817565532, -10.062787705620314], [6.1325561955381485, -10.239540993594096], [6.153750453518311, -10.247046273975878], [6.177795142509483, -10.320902631896194], [6.175092897421871, -10.328004793773024], [6.180816277558661, -10.330182437162096], [6.183721509084828, -10.339106229834846], [6.194795073762068, -10.335501118153394], [6.339415119831903, -10.390526449290638], [6.158818503389261, -10.90051556155892], [2.935447862709056, -9.759060151543883]], "room_4": [[0.048086829165717, -7.362298520596932], [1.3872388065111512, -3.5806499959933777], [1.7736128593418439, -3.7174722240446822], [1.7724760946442668, -3.720652785720281], [1.8059662156503524, -3.7326224914390114], [1.8071379521077322, -3.7293440820388977], [1.8091150873274646, -3.730044222340611], [1.8209868946513286, -3.6965192726633784], [1.8191077089146663, -3.6958538180927913], [2.1051512268096193, -2.8955307147173226], [3.222120729082997, -3.291070360422699], [3.3433557562458702, -2.9487132050312947], [4.829676067107947, -3.47504683183716], [3.0790240217108966, -8.418735701037283], [2.129704137539285, -8.082563898779425], [2.1233849789683443, -8.100408652094059], [2.0842463706102325, -8.075696229744237], [1.9459878618418482, -8.294664874349865], [0.6317769092163719, -7.829278367801921], [0.6664667179835586, -7.5652248501697645], [0.5943954427901215, -7.555756547014832], [0.048086829165717, -7.362298520596932]], "bathroom_5": [[5.930735829428768, -3.7508111536928777], [6.48674919485129, -2.1806778465099423], [8.436015045309825, -2.8709490869571592], [7.880001679887302, -4.441082394140087], [5.930735829428768, -3.7508111536928777]], "shaft_6": [[4.036821807910618, -0.2692130156350832], [4.1697908385434115, 0.1062799433547053], [4.538832536634297, -0.0244045759775435], [4.405863506001504, -0.3998975349673319], [4.036821807910618, -0.2692130156350832]], "room_7": [[3.2578211015382177, -8.104130293494217], [4.889556522224961, -3.4962516131256844], [5.846160114066977, -3.8350027115465206], [5.815313039378248, -3.9221121632431117], [5.816301889481375, -3.922462333430081], [5.664104430868642, -4.343656821798797], [5.665121067124629, -4.344024180486452], [5.663179351065464, -4.349507417486107], [6.529882861904591, -4.656423227551803], [6.531879219625489, -4.6507856872594875], [6.532705692807012, -4.65107630190939], [6.685792012229188, -4.215717184599624], [8.048925746497337, -4.698428156747104], [7.701132715121576, -5.680565379571279], [7.7094314613004915, -5.683504119721951], [7.168099979959406, -7.212177065262415], [7.184139630880706, -7.217857003550558], [6.63831560869974, -8.759216493057844], [6.646900097595841, -8.762256420011637], [6.477559545169333, -9.240459388063611], [5.886416866305639, -9.03112478646243], [5.834890541282215, -9.176630639643731], [3.916927238822014, -8.49744421281026], [3.9672452413155757, -8.355350557190993], [3.2578211015382177, -8.104130293494217]], "shaft_8": [[5.884798556271081, -3.880534011292232], [5.914519339832603, -3.796605107622698], [7.914332038834226, -4.504775925921917], [7.922579925275011, -4.481484613122822], [7.925504872092882, -4.482520391114695], [8.489486840670788, -2.8898844428010353], [8.647761080468248, -2.945932290666496], [8.22772073758418, -4.132089627408993], [8.247052531789647, -4.138935374777491], [8.065142236093502, -4.65263420281728], [5.884798556271081, -3.880534011292232]], "shaft_9": [[5.707737514286189, -4.327557313500305], [5.849827527590351, -3.9343343845404117], [5.8639730028187405, -3.939343560036056], [5.868582066674913, -3.9263279652220557], [6.652266980609726, -4.203845348258495], [6.508993809705908, -4.611297049065572], [5.707737514286189, -4.327557313500305]], "room_10": [[4.472672867129058, -0.4492013278671347], [4.613711470905946, -0.0509205972944411], [4.615867089075882, -0.0516839417237005], [4.6438613195290035, 0.0273693263753518], [4.656512956864306, 0.0332220169493347], [4.56075006433389, 0.2402306348079559], [4.975606500895415, 0.4221049827020966], [4.972808763902657, 0.4284866369193683], [4.976802957917959, 0.4303917697375166], [4.677339910304665, 1.0582291053746093], [7.9207193565890766, 2.5592469250007372], [8.229697116873679, 1.90146378419068], [7.576247736461562, 1.5622363432688537], [7.5845831923670755, 1.5461798636335118], [6.907298490505104, -0.3664131331748077], [6.9216500699917045, -0.371495294016162], [6.6243338908574305, -1.2111444581597706], [4.472672867129058, -0.4492013278671347]], "corridor_11": [[1.2482196589281624, -1.5374536785540496], [3.887760699016292, -0.3074996780352759], [3.940948601730481, -0.3198411378231523], [3.9398932717521387, -0.322821297747554], [4.378194655603748, -0.4780319581353165], [4.377199715473058, -0.4808415823907755], [4.452078649744706, -0.5073576037076695], [4.454506153915615, -0.5005025433995893], [6.606168219174391, -1.26244604251748], [6.32016360196466, -2.070150280075671], [6.320028124483672, -2.070102304983495], [6.303811634887504, -2.1158962589133186], [6.438089231410798, -2.1634464497169983], [5.868297029878542, -3.7724899897387925], [3.335578623387054, -2.8756073630098005], [3.3311696846322594, -2.888057821971289], [1.5901698190220568, -2.271537434785264], [1.2482196589281624, -1.5374536785540496]]}