{"room_0": [[-1.3521599819588417, 3.6366273147456116], [1.1677923176983143, 6.2137622590302986], [1.2028697220417968, 6.17892854418276], [1.4701405947714825, 6.448069188900359], [1.4724598873363703, 6.445749896335469], [1.850827557324049, 6.824117566323146], [4.3352229639179285, 4.325805032479581], [1.1515141508374, 1.149818927424338], [-1.3521599819588417, 3.6366273147456116]], "balcony_1": [[-7.372127118757836, -2.5720340581235206], [-6.501480578825516, -1.5344379162794546], [-4.127745845454916, -3.8586421004382903], [-5.069164376982954, -4.835424091885473], [-7.372127118757836, -2.5720340581235206]], "balcony_2": [[-1.2362138535469285, 9.304565290808862], [-0.2900705215655037, 10.250708622790283], [2.2090824090236794, 7.7582951342554285], [1.8269398537147623, 7.376152578946508], [1.8260719395464875, 7.377025355010717], [1.5620693114782647, 7.114493382882982], [1.5708141696331168, 7.105699537637182], [1.2754575676162645, 6.810342935620328], [-1.2362138535469285, 9.304565290808862]], "kitchen_3": [[-2.5956767720353895, 5.622857081999759], [-0.4484660725675482, 7.818792190411685], [1.0369743749537008, 6.343671384286132], [-1.1153382587801524, 4.14251856874452], [-2.5956767720353895, 5.622857081999759]], "shaft_4": [[-0.3101497291296127, 0.0427683713859732], [0.8209186030321831, 1.1738367035477673], [0.9986384458432127, 0.9973140523342501], [-0.1320109041711213, -0.130592686680842], [-0.3101497291296127, 0.0427683713859732]], "corridor_5": [[-4.275227101029184, 3.9051944722259027], [-2.650018333001796, 5.567282404767748], [-1.1696798197465625, 4.086943891512509], [-1.6062613824775873, 3.640455439529661], [-1.4998070281261846, 3.5363631429072955], [-1.5285234420211466, 3.5074519718568693], [-0.8121511598337321, 2.795905458493932], [-1.9598417450965826, 1.6482148732310833], [-2.711504247594725, 2.379717434632793], [-2.709657947455767, 2.381614618123378], [-4.275227101029184, 3.9051944722259027]], "bathroom_6": [[-1.878536747687079, 1.5690905140111582], [-0.7316653894267517, 2.715961872271488], [0.7404328326251957, 1.253780289770213], [-0.3914547265391199, 0.1218927306058983], [-1.878536747687079, 1.5690905140111582]], "room_7": [[-6.266762815014724, -1.2431858068770847], [-2.851065322982482, 2.250020539536485], [-2.844212639548509, 2.2433516482883977], [-2.8175339471810403, 2.270765595588707], [-0.2396538621777786, -0.237974535652576], [-3.73362327541275, -3.7234686431319357], [-6.266762815014724, -1.2431858068770847]]}