{"room_0": [[5.732799591746563, -2.7949115689372555], [7.4365471257708435, 0.2787303453684729], [9.556033325543986, -0.8961200395950151], [8.803508522853447, -2.2537107206749543], [8.804367820131382, -2.2541870369340025], [9.600772861506528, -2.695641559990868], [8.944170689716724, -3.880183234114604], [8.159713810319122, -3.4453516853901203], [8.14640264046021, -3.4693656714941294], [8.125590519170068, -3.45782932428307], [7.686321913825945, -4.250290865715341], [6.1207583268519095, -3.3824847988307702], [6.278717542511009, -3.0975188303965346], [5.732799591746563, -2.7949115689372555]], "balcony_1": [[-0.1976674034101507, -5.885146540173379], [-0.1944446847845231, -5.7596375555609995], [-0.153729775722832, -5.616013117090025], [1.0386215083968855, -6.276944226388917], [0.9553985989376059, -6.367751063172818], [0.8301446826397694, -6.449524861812204], [0.7181883210317999, -6.506346197851421], [0.5483016739500464, -6.544174118489446], [0.3970986504624978, -6.544498750080255], [0.2375925637352481, -6.504039203389134], [0.237059454187575, -6.506140912990496], [0.1360066264346553, -6.459945634533176], [0.0196316649036596, -6.3659649661987885], [-0.0689083082381732, -6.276950561242277], [-0.1472297261905435, -6.143937863836431], [-0.1852571718986784, -6.034215262062528], [-0.1976674034101507, -5.885146540173379]], "bathroom_2": [[2.043837817285419, 0.7187897503415677], [3.4583737747986607, 3.2160672065679847], [3.8236159377353154, 3.0136101696800104], [3.8928340210016614, 3.138482897420854], [4.832433036864515, 2.6176546581919595], [4.763214953598167, 2.492781930451116], [4.826757194514874, 2.4575598911613916], [4.5796432245890095, 2.0212951621266058], [4.572977228187407, 2.0249901842689653], [4.446057341533397, 1.7960206476514955], [4.392876361217813, 1.8261440160920515], [4.385401410935925, 1.8129474446466745], [4.1748242711302606, 1.9296722592699886], [4.172363015266041, 1.9252320361529947], [4.167690897020178, 1.9278784698682614], [3.3139990986472405, 0.4207373672906947], [3.271983800266886, 0.4440268274824142], [3.275533445562595, 0.450430557110149], [3.192136653394688, 0.4966581538709463], [3.016429211257038, 0.1796735372980329], [2.043837817285419, 0.7187897503415677]], "kitchen_3": [[3.6547536215435574, 0.225575553317352], [4.520438124575275, 1.7538890487382908], [4.514692948294396, 1.7571432960432105], [4.551160028499834, 1.8229316502291297], [4.615219916325509, 1.7866461287554358], [5.0253556549022615, 2.510715904783673], [5.890649357847819, 2.031075773075866], [5.717686357598517, 1.7190422607311007], [5.716085425191567, 1.7199296720550379], [5.675182296374338, 1.6461384743287368], [7.455419132884838, 0.6593370821213256], [6.395168633543905, -1.2534054512400914], [6.114521459509767, -1.0978401824083264], [5.911304266330364, -1.4644537035961882], [3.929982256374248, -0.36618897963492], [4.110890341619568, -0.0398221545376529], [4.090078220329428, -0.0282858073265935], [4.095402688272992, -0.0186802128849877], [3.6547536215435574, 0.225575553317352]], "room_4": [[2.6942648964775024, -5.811126160386102], [4.461906045824567, -2.622217112781131], [7.618796445290888, -4.37211003564966], [7.270043794987371, -5.0012764715746805], [7.274846592208177, -5.0039387055464655], [7.266859890292829, -5.018347097208871], [8.054518634504301, -5.454953468581213], [7.397916462714498, -6.6394951427049484], [6.613459583316896, -6.204663593980463], [6.60813511537333, -6.214269188422069], [6.600130453338655, -6.209832131802427], [5.844056005352404, -7.573826542510103], [4.454446676133785, -6.803553513341011], [4.05422416904247, -7.525574028868199], [2.8504713060355167, -6.8583229211912595], [3.211565506957455, -6.206891738576509], [3.2163683041782525, -6.209553972548289], [3.262595900939049, -6.126157180380382], [2.6942648964775024, -5.811126160386102]], "room_5": [[-0.3681628678654238, -4.0905735732929145], [1.2422826523105632, -1.1852529476325024], [1.9327685225197753, -1.5679955153897112], [2.098343103658915, -1.2692910639556416], [4.401608860424968, -2.5456434317993057], [2.615670901530395, -5.767560797597088], [1.7111440916127645, -5.266173399578047], [1.6649164948519681, -5.349570191745954], [1.6697192920727746, -5.352232425717741], [1.2074602002230987, -6.1861699027229555], [-0.1515831062564441, -5.432839896625044], [0.3613406389736653, -4.50750096541725], [0.3485331797181921, -4.500401674825829], [0.3538576476617568, -4.490796080384225], [-0.3681628678654238, -4.0905735732929145]], "room_6": [[-3.0866923606693053, -2.5777789353747593], [-1.4725733703617028, 0.3341688058306467], [-1.459765911106226, 0.3270695152392236], [-1.4464547412473117, 0.3510835013432398], [-1.310375486657927, 0.2756535388093937], [-1.2659227125449863, 0.3558484661634296], [-1.3187534819738094, 0.385133039853045], [-0.9958179679807575, 0.9677241289696354], [-0.1826926122656882, 0.5170013843310208], [-0.5020784809630339, -0.0591859751578383], [-0.5933316281582659, -0.0086035296939713], [-0.6475459268344093, -0.1064087135242815], [1.1657520254285307, -1.1115361814444], [-0.4579633896610726, -4.040796331236406], [-1.097777887641497, -3.686141363755148], [-1.0979429874226998, -3.686439211644821], [-1.1123513790851085, -3.678452509729471], [-1.519673176767844, -4.4132804845121285], [-2.889923010095915, -3.6537385991467293], [-2.4790515671174695, -2.9125068947363353], [-2.5688520889131112, -2.86272965267983], [-2.5697395002370396, -2.8643305850867655], [-3.0866923606693053, -2.5777789353747593]], "corridor_7": [[1.4490221903228893, -0.7492417122392183], [2.1570942189004967, 0.528154041486701], [3.4122252259366714, -0.1675764364724799], [3.421759304128253, -0.1503765041123799], [3.436933937468309, -0.1589718904392257], [3.5852021218842838, 0.1027865982375573], [3.9195790301420947, -0.0825615486065381], [3.775818395665837, -0.3419125985298272], [3.780621192886642, -0.3445748325016105], [3.7683212591875517, -0.366764500281441], [5.873063371484916, -1.5334421041016917], [5.867738903541352, -1.5430476985432922], [6.14838607757549, -1.6986129673750554], [5.427890290462903, -2.998421774798036], [4.571500967724003, -2.5237174216363574], [4.584478632486601, -2.500298331733326], [2.1605441047167826, -1.1570774876215566], [2.1662399086292794, -1.1468019853587528], [1.4490221903228893, -0.7492417122392183]]}