{"bathroom_0": [[-5.837530869181117, 6.264408644469649], [-5.161219897105765, 7.34201785887468], [-3.9300242247863526, 6.569315537077031], [-4.5967272902289995, 5.50701521036722], [-5.837530869181117, 6.264408644469649]], "corridor_1": [[-4.104103918678595, 1.9527189191023133], [-4.053381379863561, 2.0335383608413213], [-3.3801887492104488, 2.2609204397796923], [-3.3765679589419424, 2.25864802028528], [-2.360753951480463, 3.8772089778328223], [-2.317802201860113, 3.850252323092155], [-2.154587902934102, 4.110312028918916], [0.2394036284721839, 2.6078353257668603], [0.2055701024233016, 2.5539262204418227], [0.2103841564785007, 2.5509049047977346], [0.0557416638122046, 2.3045032021543577], [0.0473526410435969, 2.30976817953907], [-0.0274202094767251, 2.190627849077228], [0.7023520202018876, 1.7326204754858265], [0.3197492864480065, 1.0243280472336327], [0.3167978177100412, 1.023506098619352], [0.3176507934822688, 1.0204432169717323], [0.3057144759920032, 0.9983461367532493], [0.327007770662993, 0.9868440051098935], [0.4283811300262013, 0.6228306156781898], [0.4848332752396498, 0.6385518604721847], [3.1203406094760258, -0.8226140106490005], [1.3031454864457022, -5.286364659527813], [-1.2564023124483956, -4.006108014300882], [-0.9248678160004307, -3.3432890445228063], [-0.9300542309636892, -3.340694858852788], [-0.0974487479075226, -1.6761117930677099], [-0.1107425007196046, -1.6694624093816426], [-0.679990618924954, -0.2784296935121233], [-0.6791230222956237, -0.2770472967142652], [-0.6810516723401303, -0.2758368698090781], [-0.682231245922635, -0.272954426474505], [-0.6842972922989947, -0.2737999083948432], [-1.7809811831455615, 0.414482391313709], [-1.7905030979851073, 0.3993105198026052], [-1.7972419733944367, 0.4058263833923403], [-2.239506122930406, -0.0515746902631911], [-3.1901737734643216, 0.5450673523794833], [-2.9585741649028297, 1.2258032962723853], [-2.9718956839109847, 1.2303355361451445], [-2.966580029209995, 1.2388053062995485], [-4.104103918678595, 1.9527189191023133]], "storeroom_2": [[-3.005442368758798, -3.1312581068965404], [-2.603740251836742, -2.4570479935926812], [-1.159978100001032, -3.363157714353301], [-1.4365128927802377, -3.91601875421941], [-3.005442368758798, -3.1312581068965404]], "room_3": [[-2.4540053400755344, 5.849092513454157], [-0.6696980807344541, 8.692142564964342], [0.2924465172954402, 7.929462102473898], [0.3167229344311657, 7.90633904724225], [0.3188283832132619, 7.9085495143444575], [0.321440265648782, 7.906479106520133], [0.3441784841611213, 7.93516406068696], [0.6749210707595079, 8.282403857347648], [1.996077290554645, 7.222361365661094], [2.004471341766676, 7.2328230717295074], [2.032481724158849, 7.206400811855987], [1.7767422124827892, 6.745531259583824], [1.7601272989481007, 6.725014059680408], [2.2916398993687057, 6.29459295250412], [2.3030392901137464, 6.308669678103975], [2.8782644039946685, 5.760773256464157], [1.0570977280750196, 2.389342648838447], [0.4828425379175449, 2.749747033547748], [0.4850861996581681, 2.7533220022611546], [-2.019656639441349, 4.325306578548817], [-1.4563040592773842, 5.222932014789557], [-2.4540053400755344, 5.849092513454157]], "kitchen_4": [[-5.062737214903782, -7.002260931222768], [-4.253129695976844, -5.443919796016654], [-4.338181126156639, -5.399732887378102], [-4.583914152238689, -5.09364597174126], [-3.803329075035178, -3.7954497453403233], [-3.4623203511183416, -3.9407287831597166], [-3.398550973464575, -3.7910450130502573], [-3.1071511941222862, -3.301964497984903], [-0.0268250439600219, -4.842708540708169], [-1.6087786590401247, -8.193612332937253], [-2.5166064607389966, -7.688631548596483], [-2.5092246900462154, -7.672995436910272], [-2.685602102744239, -7.589728084895222], [-2.8065884696761625, -7.8460021449533475], [-2.8168208205090632, -7.864397325227326], [-2.8155947598052062, -7.8650793236137275], [-2.929175785259398, -8.105667344205246], [-2.932097169488978, -8.10398223078407], [-2.9409200993905795, -8.119278036959058], [-5.062737214903782, -7.002260931222768]], "dining_5": [[1.4837939224761154, -5.376722948901316], [3.297735441810085, -0.920964438800965], [6.063173347664312, -2.4541658206555237], [5.5257683978802365, -4.214811729007099], [5.417237465847261, -4.387740954224032], [5.849120085979813, -4.658791860934739], [4.937561057387237, -6.8134492587126125], [4.4795454195002975, -6.681036914254559], [4.3669559441986046, -6.634670701844064], [4.304063704549607, -6.787389759418533], [1.4837939224761154, -5.376722948901316]], "bathroom_6": [[-4.549455010067311, 5.4781599465552375], [-3.8831179877775117, 6.539877033467576], [-3.0056854230759082, 5.989197563738328], [-3.6651752070690744, 4.938390616371753], [-4.549455010067311, 5.4781599465552375]], "living_room_7": [[0.5333695162393361, 0.8843409920809995], [3.0692419444762855, 5.578868974960359], [3.7264583892242786, 4.952876594532391], [3.7469503434973888, 4.974390673224698], [3.756315167626484, 4.963344256020573], [4.090236359177011, 5.246432715750418], [6.609705825663449, 2.7887333022318583], [6.430453607786706, 2.4657019143355297], [6.349420984547734, 2.3806274402383973], [7.158418722155265, 1.6100648294382909], [6.861020472081398, 0.5915166468858097], [6.8450233619341105, 0.561506342548296], [7.288227355819018, 0.3252547195005611], [6.702803775452535, -2.001279416734776], [6.271660747469836, -1.8877093632539257], [6.268237191372572, -1.900706119854842], [6.2351860505047565, -1.8906178638266864], [6.12317714963419, -2.2575813856475353], [0.5474805861858041, 0.8336706933754225], [0.5333695162393361, 0.8843409920809995]], "room_8": [[-4.948154152939443, 8.770059610679212], [-3.575527657919439, 11.032250933355707], [-2.7445134221473655, 10.373515933468408], [-2.7353316993702155, 10.385098955985859], [-2.7207225249267974, 10.37118385699678], [-2.3774906106868823, 10.731535940270675], [-1.0652966509406117, 9.678684404756448], [-1.328183831194929, 9.2049340004178], [-1.2895672533562266, 9.183505410244333], [-0.7269046924918747, 8.737489558755087], [-1.9050851526210781, 6.860219822658404], [-4.948154152939443, 8.770059610679212]], "bathroom_9": [[-5.693566283094823, 0.614711185726998], [-5.1335454030929295, 1.5070280125520643], [-4.514073326003741, 1.1182453657174793], [-4.415814497160715, 1.274807396691143], [-4.134126648415409, 1.7236385319637293], [-3.4602204473999496, 1.3006928557354396], [-3.4950746486540805, 1.198246622182915], [-3.6367292615904407, 0.9725393329831329], [-3.650808172433374, 0.9813753022293739], [-4.393145112390409, -0.2014372791430379], [-5.693566283094823, 0.614711185726998]], "bathroom_10": [[-5.535771432492963, 7.80162230039592], [-4.954379792917491, 8.759799289471983], [-1.911464155427355, 6.8500557524501895], [-2.515464128287215, 5.887664244506925], [-2.7685665798931804, 6.046512148544934], [-2.7602802868643774, 6.059715225368741], [-5.535771432492963, 7.80162230039592]], "balcony_11": [[-6.1710585685475134, -4.402998115188229], [-5.130526691603391, -2.713340040059088], [-3.915875824203747, -3.43537812983413], [-4.938309565603996, -5.135794475975389], [-6.1710585685475134, -4.402998115188229]], "room_12": [[-1.5759950440750945, -8.581040942764979], [0.1476601329543179, -4.929984038096693], [4.228399215213143, -6.971123230635472], [4.0813585524822695, -7.328177003290268], [4.116456579979284, -7.342630952860203], [4.580336274698876, -7.6578235631144445], [3.318338930502968, -10.640814053424302], [2.7641191056461523, -10.578705546826965], [2.6734722249978606, -10.5455808623468], [2.532165499919822, -10.932271755979892], [-1.5759950440750945, -8.581040942764979]], "bathroom_13": [[-2.5420175385649966, -2.353453624144934], [-1.1962884221702836, -0.0948043867628279], [-0.7817397029978359, -0.3549764820718906], [-0.2422662439393601, -1.6732508986118555], [-1.047035363243646, -3.282182229382733], [-1.1049783963322692, -3.2531997844413407], [-1.105794651171653, -3.254831678550449], [-2.5420175385649966, -2.353453624144934]]}