{"corridor_0": [[-9.13710185912996, 0.7037757265968949], [-7.638394204463353, 0.816753248344062], [-7.638199447270246, 0.814169689317513], [-7.62184860949532, 0.8154022693504182], [-7.575392999013658, 0.1991435839555713], [-7.540712303487439, 0.201757929068723], [-7.436600292232669, -1.1793439556004124], [-8.986339480200424, -1.2961684024936364], [-9.13710185912996, 0.7037757265968949]], "corridor_1": [[-11.518406029213153, 2.091785777767562], [-10.15089443510108, 2.1931460038738066], [-10.160390842112335, 2.3212677256691805], [-10.15637748096076, 2.321570266058142], [-10.303901795150235, 4.278559722951993], [-7.91294354223033, 4.458798035056915], [-7.64891835014155, 0.9563617071137642], [-9.163517534028944, 0.8421862295260762], [-9.16282901414625, 0.8330526425732891], [-9.338944029336904, 0.8197765123708791], [-9.322632920963443, 0.6034008776662176], [-10.590179612714085, 0.5094500696224369], [-10.594084947906794, 0.562139288659159], [-11.389285456606984, 0.5031988718402545], [-11.39794317787715, 0.6200053813593733], [-11.410878542510417, 0.6190466096095459], [-11.419055224682536, 0.7293631321873733], [-11.41743191510828, 0.7294834522096654], [-11.518406029213153, 2.091785777767562]], "bathroom_2": [[-7.457131839666545, 0.4377228735914702], [-5.927962398426235, 0.5529967051922444], [-5.9353910812004536, 0.6515421818998028], [-5.24281589859952, 0.703750781429008], [-5.114060174099862, -1.004263227956173], [-7.32485846641999, -1.1709204885443043], [-7.429491275344663, 0.2170900576208528], [-7.440437606865778, 0.2162648870790029], [-7.457131839666545, 0.4377228735914702]], "shaft_3": [[-13.395324864237525, 0.4543108283778494], [-13.294075632588752, 0.4618154411776167], [-13.29482279318351, 0.4718958328188467], [-11.562646224818945, 0.6002850979492607], [-11.554542286282942, 0.4909500033892105], [-13.38796808629628, 0.3550561254590292], [-13.395324864237525, 0.4543108283778494]], "shaft_4": [[-7.485556695386105, 0.8147938890545063], [-5.263812071544866, 0.9822763201844928], [-5.252946533416669, 0.8381391067550599], [-6.099287079765677, 0.7743391673986917], [-6.091858396991459, 0.6757936906911333], [-7.467262474483693, 0.5721111989175203], [-7.485556695386105, 0.8147938890545063]], "kitchen_5": [[-7.745357321207077, 4.471431236649785], [-5.539371890796378, 4.637725687847208], [-5.275636223151061, 1.1391300575306094], [-7.48162165356176, 0.9728356063331827], [-7.745357321207077, 4.471431236649785]], "balcony_6": [[-11.035565222904559, -4.873425676257419], [-8.216884602818055, -4.664504518876839], [-8.117842063196939, -6.000746814747574], [-8.122685210367898, -6.001105789760603], [-8.031591408885557, -7.230106892700827], [-10.851459442309244, -7.439116061389578], [-10.93977808768497, -6.247556253689627], [-10.910163755664549, -6.245361233623619], [-10.936706915479785, -5.887251547150946], [-10.960290686992064, -5.888999580895753], [-11.035565222904559, -4.873425676257419]], "room_7": [[-8.99225988267137, -1.437016505493057], [-5.103536028421658, -1.1438716867258734], [-4.783381255094703, -5.390897130751199], [-7.91146694475378, -5.622751452241921], [-7.983773063321859, -4.64722624609799], [-7.97160901012364, -4.646324644102183], [-7.992449043012293, -4.365159263047927], [-8.770948447698558, -4.422861790779555], [-8.99225988267137, -1.437016505493057]], "living_dining_8": [[-14.877599106791374, 0.0945582064412953], [-13.567590729622573, 0.1916562828909658], [-13.566908492095322, 0.1824518072865313], [-10.582339075084995, 0.4036686746538383], [-10.589408290873184, 0.4990437041204672], [-9.321848527874096, 0.5929954810077316], [-9.17639357529103, -1.336542780003608], [-9.167731534272434, -1.3358898068073302], [-9.160784663403259, -1.4280437891801139], [-9.16613336531324, -1.4284402360090152], [-8.943239721203636, -4.435632053579372], [-11.06208914738958, -4.592681586357001], [-11.06087195927016, -4.609103401199604], [-11.31684989892448, -4.628076536018559], [-11.221952518242752, -5.908394006868548], [-14.41511650290019, -6.145071944278902], [-14.877599106791374, 0.0945582064412953]]}