{"kitchen_0": [[-7.565126796520607, 3.140057047458691], [-7.565126796520607, 1.273861123908187], [-10.629248149134366, 1.273861123908187], [-10.629248149134366, 1.5016790947433805], [-10.645625870239902, 1.5016790947433805], [-10.645625870239902, 3.140057047458691]], "balcony_1": [[1.2593911782890492, -1.04158471227084], [1.2593911782890492, -5.071602115345294], [-1.0115402344824869, -5.071602115345294], [-1.0115402344824869, -1.04158471227084]], "room_2": [[-5.80028278138933, -3.569567992768664], [-5.80028278138933, -3.5557630149022943], [-5.800090485774523, -3.5557630149022943], [-5.800090485774523, -1.957223254842881], [-5.827777987723403, -1.957223254842881], [-5.827777987723403, -0.551437181413247], [-1.4030303466850924, -0.551437181413247], [-1.4030303466850924, -4.963410646080361], [-6.269079237818451, -4.963410646080361], [-6.269079237818451, -3.569567992768664]], "corridor_3": [[-6.472375502335461, 4.758812730744212], [-6.472375502335461, 4.128294602360277], [-6.464923490930131, 4.128294602360277], [-6.464923490930131, 4.009979670923936], [-6.137223990623052, 4.009979670923936], [-6.137223990623052, -1.5924759233921728], [-7.422066512783514, -1.5924759233921728], [-7.422066512783514, 4.758812730744212]], "room_4": [[-10.628007356390459, 1.140589481729108], [-10.628007356390459, 1.1525723652710194], [-7.535088580137673, 1.1525723652710194], [-7.535088580137673, -1.614238900422384], [-10.878339566329473, -1.614238900422384], [-10.878339566329473, 1.140589481729108]], "bathroom_5": [[-10.03067694697441, 4.815067436349115], [-10.03067694697441, 4.720869729952566], [-7.588864600340145, 4.720869729952566], [-7.588864600340145, 3.2615306063369314], [-10.671514847889373, 3.2615306063369314], [-10.671514847889373, 4.815067436349115]], "balcony_6": [[-11.304185529916769, 4.622823463265767], [-11.304185529916769, 4.615004670581213], [-11.014912626329856, 4.615004670581213], [-11.014912626329856, 1.49662670549885], [-11.238005811722223, 1.49662670549885], [-11.238005811722223, 1.474644380950457], [-12.032933854935418, 1.474644380950457], [-12.032933854935418, 4.622823463265767]], "room_7": [[-6.051357125114372, -1.7399515852590417], [-6.051357125114372, -2.0427327269055775], [-5.91663739350492, -2.0427327269055775], [-5.91663739350492, -3.5282965981572447], [-6.305641364284218, -3.5282965981572447], [-6.305641364284218, -3.5357849205949963], [-6.366329954980759, -3.5357849205949963], [-6.366329954980759, -5.039105584860972], [-10.826331505069739, -5.039105584860972], [-10.826331505069739, -1.7399515852590417]]}