{"room_0": [[-9.138017961814292, -3.7675172239531842], [-9.134697813756164, -3.684672099648686], [-9.137119746439776, -3.684575036904635], [-9.13371848806689, -3.5997060287277827], [-9.131614992137743, -3.5997903296203586], [-9.128541431280247, -3.52309810781617], [-9.124059159357788, -3.5232777418808694], [-9.1180274842014, -3.3727739482706887], [-9.116895638458384, -3.37281930876085], [-9.11165420021144, -3.242033694535164], [-9.107418437226343, -3.2422034493682683], [-9.102033422697236, -3.1078352855891302], [-9.101737188943307, -3.107847157620602], [-9.095753240253638, -2.958534246163518], [-9.108089457251616, -2.958039852953847], [-9.016353902958148, -0.6690324757125619], [-6.9822439879011355, -0.5454608905049398], [-6.970959441434062, -0.5567159809398068], [-6.970743858329418, -0.5602646910250386], [-6.967593338007306, -0.560073297832592], [-6.11793413960758, -1.4075146322907233], [-5.581767197671304, -5.31852364024312], [-6.440639515311988, -5.436267921354917], [-6.4403465963635735, -5.438404585435153], [-6.63220473698034, -5.464706747442685], [-6.631632125678363, -5.468883595705661], [-6.830729953062747, -5.496178258806101], [-6.830619054685247, -5.496987194455517], [-7.013672057852135, -5.522082245047502], [-7.014030390933176, -5.519468424988496], [-7.2269843817169575, -5.548662653326884], [-7.439244364326749, -5.350564438055386], [-7.554118963148386, -5.47365126301627], [-9.023646107912137, -4.1021694552282995], [-8.944970109528828, -4.015464531229629], [-9.013471249939151, -3.953306635649683], [-9.010928955311895, -3.9505048985638065], [-9.093288911238508, -3.875771521720876], [-9.092424128320959, -3.8541932526055533], [-9.125292546833489, -3.8528759992751476], [-9.121897551767566, -3.7681632746237805], [-9.138017961814292, -3.7675172239531842]], "corridor_1": [[-6.930818634498798, -0.5137958295248626], [-6.041350687455632, 0.792368966743817], [-6.049026455205747, 0.7975959866437388], [-6.104158723150208, 1.6886884122674668], [-5.896476876205229, 1.7753646481670016], [-5.894664815118677, 1.7606102385838367], [-3.673221496897143, 2.033436539781598], [-3.4440103643453055, 0.36148190398134394], [-4.928286318815417, 0.15799996418534512], [-4.879220300752193, -0.19990654518767847], [-5.322052752130784, -0.2606152064981031], [-5.321604840760872, -0.2638824452356565], [-6.0927602879455085, -1.360947166589781], [-6.930089142222542, -0.5258039903783183], [-6.930818634498798, -0.5137958295248626]], "room_2": [[-6.061297714958846, -1.4088437746873335], [-5.290067808522086, -0.3116731257683063], [-4.871759767727679, -0.2543265580247773], [-4.871257264536591, -0.25799201061641197], [-3.2990398089396322, -0.042454019394144726], [-2.7548564945141134, -4.01193754818015], [-3.1508751401805046, -4.066228424464244], [-3.1539130855588287, -4.044068476114221], [-3.199249959552427, -4.0502837860346705], [-3.073343426159017, -4.968694728125579], [-3.417951505491062, -5.015937641574844], [-3.4107139895664824, -5.068730881445269], [-3.432924878691373, -5.264661068264294], [-4.821231112678645, -5.4549863542543005], [-4.902863605784228, -5.222747230994356], [-4.915476578768534, -5.227180714964366], [-5.5263544228291615, -5.310927007770296], [-6.061297714958846, -1.4088437746873335]], "shaft_3": [[-8.934480447103969, 1.3881523666699036], [-8.918168790653493, 1.795164699431564], [-8.238937607586942, 1.76718617336605], [-8.255218963802296, 1.3609298992805754], [-8.934480447103969, 1.3881523666699036]], "kitchen_4": [[-9.12425769042781, 2.512939530723522], [-9.06753054842316, 3.9284086750321423], [-8.8450916105379, 3.9553114344004845], [-8.846148725599942, 3.964051933782116], [-8.821469994805021, 3.9630628950087003], [-8.80844607763867, 4.288038774905667], [-5.63004148946025, 4.1530329097160745], [-5.63003463741976, 4.153194225351171], [-5.116464064461711, 4.123235127884964], [-5.160116363449397, 3.37493033574867], [-5.151223331888498, 3.374411561478237], [-4.947093597550355, 1.9355139974646478], [-5.897604298921381, 1.8187771368943968], [-5.902422480533262, 1.830321810537486], [-6.12027126625604, 1.7394023921121682], [-8.915788677713708, 1.8545538438019213], [-8.911748638608318, 1.9553618608004268], [-8.931363201127441, 1.9561479451017738], [-8.911362581153071, 2.455208173421444], [-8.917147719438116, 2.455440021895381], [-8.916385043470692, 2.4744704940969275], [-9.005419120759111, 2.478038674135258], [-9.12425769042781, 2.512939530723522]], "room_5": [[-9.259137409500717, -0.4982931423498247], [-9.206907529896347, 0.804959240519804], [-8.951553892407674, 0.8358428507748246], [-8.95535542653162, 0.8672749132368014], [-8.93630916875183, 1.3425216690072963], [-8.257047685450155, 1.315299201617971], [-8.257113909282287, 1.3136467688021196], [-8.217976482164184, 1.3120782751371385], [-8.199801926296146, 1.7655741174028026], [-6.1570951648835965, 1.6814320376614802], [-6.102398879325998, 0.7973863129467791], [-6.9360985092998515, -0.42688389370208224], [-6.9577143355825894, -0.07106611819982911], [-7.000305345942917, -0.07365350968092121], [-6.999710034137336, -0.083452927922949], [-7.830040887554032, -0.14974558128264404], [-7.830454934550357, -0.1429299602067684], [-7.881137401458547, -0.1460089053177085], [-7.8573475045213925, -0.5376140235715554], [-9.013902898410498, -0.6078744270755152], [-9.012292455745612, -0.5676902785310283], [-9.024504324611176, -0.5672008687674439], [-9.259137409500717, -0.4982931423498247]], "shaft_6": [[-9.32952508048755, 1.9721049057759896], [-9.314111865969855, 2.3566991016658143], [-8.954546844042381, 2.342288970480122], [-8.969960058560076, 1.9576947745902986], [-9.32952508048755, 1.9721049057759896]], "bathroom_7": [[-5.10231968603341, 3.3910994840393496], [-5.059803427027876, 4.119929834223765], [-3.8939694661274604, 4.051921005246561], [-3.893569242602954, 4.058781793527161], [-3.5884341528629644, 4.046553027088924], [-3.588284160092705, 4.050295682380048], [-3.393536773151631, 4.042490875953529], [-3.44451992292377, 2.770347192490438], [-3.4267197686935784, 2.769633823441888], [-3.759344840444747, 2.345338594329218], [-3.7107590393274297, 2.3072498898756435], [-3.681112331472505, 2.0909953385263678], [-4.890750025051249, 1.9424338267284003], [-5.09638495466831, 3.3919414168962936], [-5.10231968603341, 3.3910994840393496]], "shaft_8": [[-3.3818949036187504, 2.8268122444693224], [-3.333271473178989, 4.040075649706283], [-3.3028148247589586, 4.038855051838181], [-3.302196088020345, 4.054293918155281], [-2.85666618271567, 3.7050219807140414], [-2.8559614595196505, 3.7059209228423104], [-2.7548564945141125, 3.6266599650660543], [-3.3818949036187504, 2.8268122444693224]], "shaft_9": [[-7.827838699493123, -0.18599576421905173], [-6.9975078460764255, -0.11970311085935714], [-6.97537482389049, -0.4840344399666425], [-7.806665037613205, -0.5345350784606171], [-7.827838699493123, -0.18599576421905173]]}