{"living_dining_0": [[3.977727032927347, 3.2115209986873112], [3.977727032927347, 4.3693111252307], [4.840166991094307, 4.369311125230702], [4.840166991094305, 4.367208142405817], [4.975706400474216, 4.3672081424058184], [4.975706400474214, 7.947057673967201], [11.709107758068178, 7.9470576739672065], [11.717358961325338, 4.686813086893581], [7.346915044840594, 4.686813086893579], [7.346915044840596, 6.186802266672524], [7.119194888303428, 6.186802266672522], [7.119194888303429, 4.510724225267506], [6.604548931704785, 4.510724225267509], [6.604548931704784, 4.3512450462880885], [7.1191948883034275, 4.351245046288085], [7.1191948883034275, 3.2115209986873103], [3.977727032927347, 3.2115209986873112]], "kitchen_1": [[2.3521087127208196, 3.0534507186070825], [2.5765854325957127, 3.075019088889705], [2.574821253321435, 3.0933801041899875], [5.306949065033548, 3.0933801041899884], [5.306949065033548, 1.1169102334791128], [2.3521087127208213, 1.1169102334791123], [2.3521087127208196, 3.0534507186070825]], "room_2": [[0.7411752340087396, 7.947057673967201], [4.840166991094306, 7.947057673967205], [4.840166991094307, 4.584939130524804], [2.5354730635941047, 4.584939130524804], [2.535473063594104, 4.582836147699924], [0.7411752340087405, 4.582836147699924], [0.7411752340087396, 7.947057673967201]], "bathroom_3": [[5.479875637760154, 1.1402263255124727], [5.479875637760156, 3.0933801041899893], [7.119194888303429, 3.0933801041899884], [7.119194888303429, 1.1402263255124727], [5.479875637760154, 1.1402263255124727]], "corridor_4": [[2.5818109514853322, 4.3693111252307], [3.830912595148984, 4.3693111252307], [3.830912595148984, 3.211520998687312], [2.582613294330166, 3.211520998687312], [2.582613294330166, 4.317019963206448], [2.581810951485334, 4.31701996320645], [2.5818109514853322, 4.3693111252307]]}