{"shaft_0": [[0.898874869389628, -5.412200732853968], [1.1061166328673586, -4.7549138329754115], [1.3215516391243352, -4.822840229530373], [1.1143098756466046, -5.4801271294089275], [0.898874869389628, -5.412200732853968]], "corridor_1": [[-0.5866901531505277, -2.810213361146486], [-0.1211891082143435, -1.3338326665322384], [0.0704668150301941, -1.394261547012725], [0.1033470487134593, -1.2899787687623938], [0.0982282814960183, -1.2883648276581816], [0.1947828719740663, -0.9821327903536989], [3.7545167984776597, -2.1045125861117118], [3.159580929380162, -3.9914080962807734], [-0.5866901531505277, -2.810213361146486]], "shaft_2": [[1.3977545366956612, -3.8299565730214633], [1.470253719287113, -3.6000185423388364], [1.8915876466798842, -3.732864619359404], [1.8190884640884342, -3.962802650042031], [1.3977545366956612, -3.8299565730214633]], "balcony_3": [[-5.160165282882804, -5.8348810742509425], [-4.9420182699534045, -4.706322100599031], [-2.1185766922498956, -5.596549810519514], [-2.556050614771621, -6.655955275208395], [-5.160165282882804, -5.8348810742509425]], "room_4": [[2.5019543179464474, -6.5846266961297975], [3.900059942783745, -2.1504021632410595], [7.218836405579018, -3.1968083625204864], [5.820730780741721, -7.6310328954092235], [2.5019543179464474, -6.5846266961297975]], "kitchen_5": [[-1.3898599088903296, -5.357542383866162], [-0.6271999265991628, -2.9386939480610845], [1.3268821731945035, -3.554813667496129], [0.5642221909033385, -5.973662103301207], [-1.3898599088903296, -5.357542383866162]], "room_6": [[-5.057113153122984, -4.201261877447081], [-3.659007528285688, 0.2329626554416562], [-0.1372974283591191, -0.8774282738480768], [-1.535403053196415, -5.311652806736815], [-5.057113153122984, -4.201261877447081]], "bathroom_7": [[0.707593736995948, -6.018866978143915], [0.8901235351527834, -5.439956419033287], [1.0960213719022764, -5.504875757593206], [1.136844380466023, -5.517751706305706], [1.1436800960242532, -5.519902494490816], [1.1524314299463292, -5.492146809309816], [1.1455993866080671, -5.489992674319694], [1.3566802153663229, -4.820529814951492], [1.3464871377359096, -4.8173159499196725], [1.3503749184009095, -4.8049854849698335], [1.1138434788128837, -4.730407408535925], [1.3842415962629513, -3.8728141446624926], [1.8055755236557225, -4.00566022168306], [1.8039615825515085, -4.010778988900503], [1.8468191541925414, -4.024291929333213], [1.9344452183209153, -3.746377559792114], [3.119071155931529, -4.119888683195372], [2.356411173640364, -6.53873711900045], [0.707593736995948, -6.018866978143915]]}