{"room_0": [[-12.680346318293743, 23.665252752139132], [-9.11136253247006, 23.665252752139132], [-9.11136253247006, 19.4193397221773], [-12.680346318293743, 19.4193397221773]], "room_1": [[-8.635221394378373, 17.82775930449619], [-8.635221394378373, 17.9627271179476], [-8.6419313318243, 17.9627271179476], [-8.6419313318243, 18.10742332618515], [-5.726650137569418, 18.10742332618515], [-5.726650137569418, 16.782792477385804], [-5.746398326625098, 16.782792477385804], [-5.746398326625098, 13.562141029066957], [-8.916568438342175, 13.562141029066957], [-8.916568438342175, 17.82775930449619]], "room_2": [[-12.680346318293747, 19.255676814866717], [-9.11136253247006, 19.255676814866717], [-9.11136253247006, 13.566943102202526], [-12.680346318293747, 13.566943102202526]], "kitchen_3": [[-8.916568438342182, 23.659873934662112], [-6.178896837350209, 23.659873934662112], [-6.178896837350209, 20.86837879542461], [-6.319300288312768, 20.86837879542461], [-6.319300288312768, 20.86924560215007], [-6.472758547699925, 20.86924560215007], [-6.472758547699925, 20.511646212166802], [-8.916568438342182, 20.511646212166802]], "balcony_4": [[-11.1366571293145, 13.143558152166642], [-6.498526826226701, 13.143558152166642], [-6.498526826226701, 12.083637716940972], [-11.1366571293145, 12.083637716940972]], "bathroom_5": [[-6.048664799506193, 23.65576877890543], [-6.025945834130253, 23.65576877890543], [-6.025945834130253, 23.75005534551209], [-4.515730412674875, 23.75005534551209], [-4.515730412674875, 20.522702369425907], [-6.048664799506193, 20.522702369425907]], "corridor_6": [[-8.916568438342178, 20.324092944096826], [-4.520750499789976, 20.324092944096826], [-4.520750499789976, 18.30442807470018], [-8.916568438342178, 18.30442807470018]]}