{"room_0": [[-13.744927908966954, -6.413779015902929], [-13.744927908966954, -3.964886062825304], [-9.90380015985037, -3.9648860628253075], [-9.903800159850372, -6.413779015902932], [-13.744927908966954, -6.413779015902929]], "shaft_1": [[-9.512350167705636, -6.581480618466763], [-9.512350167705634, -5.5094597356073365], [-8.741321288825416, -5.5094597356073365], [-8.741321288825418, -6.581480618466763], [-9.512350167705636, -6.581480618466763]], "corridor_2": [[-15.860426438484797, 1.993027654298002], [-15.857440705392063, 1.993027654298002], [-15.857440705392062, 3.32732919226056], [-13.67965357164326, 3.32732919226056], [-13.67965357164326, 1.8678818414070655], [-14.34289027035173, 1.8678818414070655], [-14.34289027035173, 1.7227247211789933], [-13.908415924981318, 1.7227247211789933], [-13.908415924972704, -0.22988360228993443], [-13.908415924972706, -0.24331246532043949], [-13.910177256595459, -0.2433124653204377], [-13.910177256595459, -0.679733809758293], [-15.850426438510256, -0.679733809758293], [-15.850426438484787, 1.92744470758735], [-15.860426438484795, 1.9274447075874477], [-15.860426438484797, 1.993027654298002]], "dining_3": [[-20.21062073693439, 1.8510061768846828], [-20.210620736934388, 1.9254447075874612], [-15.862426438484803, 1.9254447075874594], [-15.862426438510262, -0.6797338097582912], [-18.552484139347563, -0.6797338097582895], [-19.575187736769593, -0.6797338097608208], [-19.57518773676959, -0.6706009791217262], [-20.19940040215232, -0.6706009791217262], [-20.199400402152325, 1.8510061768846828], [-20.21062073693439, 1.8510061768846828]], "living_room_4": [[-13.89641592498132, 1.7227247211789933], [-13.67965357164326, 1.7227247211789933], [-13.67965357164326, 1.719826803765466], [-13.503971721326078, 1.719826803765466], [-13.503971721326076, 5.32956933129778], [-8.810861270672365, 5.329569331297778], [-8.810861270672367, -0.14526500498651806], [-9.640383230490162, -0.1452650049865163], [-9.640383230490162, -0.1455748688831182], [-9.797604347462883, -0.14557486888312], [-9.797604347462883, -0.14351998198988625], [-13.896415924973088, -0.14351998198988447], [-13.89641592498132, 1.7227247211789933]], "balcony_5": [[-9.512350167705634, -5.32936953819442], [-9.51235016770563, -0.5239942687446071], [-8.810861270672369, -0.5239942687446071], [-8.810861270672367, -0.5287074616981116], [-8.419802685554924, -0.5287074616981116], [-8.419802685554924, -0.3147056695321613], [-7.847086700497116, -0.3147056695321595], [-7.847086700497117, -0.9908835788012684], [-7.919366531535033, -0.9908835788012684], [-7.919366531535032, -0.9921882688922068], [-8.011477651955193, -0.9921882688922068], [-8.011477651955193, -2.2545188967374514], [-7.899883684316478, -2.2545188967374497], [-7.899883684316478, -2.2529532686283265], [-7.836127303733243, -2.2529532686283265], [-7.836127303733245, -5.34150315604014], [-8.42071596861858, -5.34150315604014], [-8.42071596861858, -5.329369538194424], [-8.661554130011032, -5.32936953819442], [-8.661554130011032, -5.32936953819442], [-9.512350167705634, -5.32936953819442]], "kitchen_6": [[-20.199400402152328, -3.59258490678447], [-20.199400402152325, -0.8041137402881855], [-19.575187736769593, -0.8041137402881855], [-19.575187736769593, -0.6917338097608194], [-18.552484139347587, -0.6917338097582952], [-18.552484139347587, -0.8625638563621738], [-17.91711637368737, -0.8625638563621738], [-17.91711637368737, -3.5925849067844737], [-20.199400402152328, -3.59258490678447]], "corridor_7": [[-15.137724725352742, -5.069900227124489], [-15.137724725352738, -0.8625638563621756], [-13.910177256595457, -0.8625638563621738], [-13.91017725659546, -5.069900227124489], [-15.137724725352742, -5.069900227124489]], "bathroom_8": [[-17.78702842400962, -1.665851197740821], [-17.78702842400962, -0.862563856362172], [-15.243838994609517, -0.8625638563621756], [-15.243838994609519, -3.3469769971655623], [-17.664142926069484, -3.3469769971655587], [-17.66414292606948, -1.6658511977408228], [-17.78702842400962, -1.665851197740821]], "shaft_9": [[-7.899883684316477, -2.1476218134261043], [-7.899883684316476, -1.0962150340034906], [-7.671736352275172, -1.0962150340034906], [-7.671736352275173, -2.1476218134261043], [-7.899883684316477, -2.1476218134261043]], "room_10": [[-13.744927908966954, -3.791743340146631], [-13.744927908966952, -0.3166627046685573], [-9.90380015985037, -0.31666270466856083], [-9.90380015985037, -3.7917433401466347], [-13.744927908966954, -3.791743340146631]], "room_11": [[-20.199400402152328, -6.413779015902929], [-20.199400402152328, -3.769250292708673], [-15.24383899460952, -3.7692502927086764], [-15.24383899460952, -6.413779015902929], [-20.199400402152328, -6.413779015902929]], "bathroom_12": [[-15.137724725352744, -6.203675916148832], [-15.137724725352744, -5.172361364126644], [-13.91017725659546, -5.172361364126644], [-13.91017725659546, -6.203675916148832], [-15.137724725352744, -6.203675916148832]]}