{"balcony_0": [[6.195700061234328, -4.012886917466199], [10.119302046228574, -3.6853238382685074], [10.118962346647317, -3.6812548633565854], [10.285677757394025, -3.6674895671630034], [10.400165032033572, -4.976085104293641], [10.275864789097776, -5.179318079795667], [10.14522305820203, -5.257768913923396], [6.590554255056135, -5.568121503427], [6.394446975672425, -5.444198202988061], [6.309192874791199, -5.297399455730343], [6.322696561293702, -5.296218036245565], [6.25687604023503, -4.543886037949935], [6.244777876173794, -4.54494449015477], [6.228676962110503, -4.352085213908865], [6.227023291775547, -4.3522232710688336], [6.195700061234328, -4.012886917466199]], "kitchen_1": [[4.3715028873091075, 5.353105815667867], [6.271158437619137, 5.511699124534147], [6.513794603650284, 2.423366384975658], [4.632928217210493, 2.2611947886639996], [4.3715028873091075, 5.353105815667867]], "room_2": [[6.324847822150035, 5.8103349224386776], [9.297400072399435, 6.058499331543278], [9.7076601548177, 1.089722983292054], [7.1240351301523805, 0.8669583055129948], [7.107603054406789, 1.0637842883767643], [6.705897835024873, 1.030247808607978], [6.3513246403069115, 5.54334255342329], [6.347165042563182, 5.543015752869767], [6.324847822150035, 5.8103349224386776]], "room_3": [[5.62798023319967, 0.6502974685825347], [7.131642904164883, 0.7758311940877523], [7.1298342275193445, 0.7974958068824307], [9.71339595922891, 1.020255027431915], [10.079245866538644, -3.4106570801642313], [5.991461468272506, -3.751926976986934], [5.62798023319967, 0.6502974685825347]], "bathroom_4": [[2.705857646213923, 5.214048927096911], [4.306257431978212, 5.347658779415571], [4.5676977485332895, 2.2555705033294284], [3.289996083554316, 2.1454048264299033], [3.2405818262752906, 2.744030165588585], [3.133159855797105, 2.735162888279392], [3.133211100510403, 2.7345420880171485], [3.027066114995792, 2.7257802209861453], [2.879043022088984, 4.518529929159028], [2.7640538340333496, 4.509035544533424], [2.705857646213923, 5.214048927096911]], "corridor_5": [[3.0822420010401697, 2.05752939834915], [6.519254253625531, 2.3538746185960555], [6.623784141433029, 1.0233925224652687], [3.1912890481097183, 0.7368296482491665], [3.0822420010401697, 2.05752939834915]], "balcony_6": [[2.717199784227004, 6.638582343351956], [5.940031986600635, 6.919962796759332], [6.01119066904746, 6.1066153345965795], [5.982941437575063, 6.104256939101457], [6.008550333277141, 5.797509566179247], [2.864725984335946, 5.535046454952795], [2.8394650672408996, 5.837625685492618], [2.7876528490930124, 5.83330012704365], [2.717199784227004, 6.638582343351956]]}