{"bathroom_0": [[-3.0105950154818224, 8.564070586750095], [-2.214382918561604, 8.72606176869748], [-2.232116473410395, 8.813224975498395], [-1.4872990572383902, 8.964759791469408], [-0.7674549688596155, 5.426613059199429], [-2.3084844819518384, 5.113087061281033], [-3.0105950154818224, 8.564070586750095]], "balcony_1": [[-2.4781878586623183, 9.837292723590053], [-2.3902152066328046, 10.010317008835557], [0.6281720835924176, 10.624414843583144], [0.8071596179947349, 9.744663005391493], [-2.2932835405370007, 9.113870715555734], [-2.2967787905186885, 9.131050418078587], [-2.3330018619240693, 9.123680750908973], [-2.4781878586623183, 9.837292723590053]], "kitchen_2": [[-1.4007115388121942, 8.98237622119461], [0.9177012111040774, 9.454062626178295], [1.637545299482852, 5.915915893908318], [-0.6808674504334196, 5.4442294889246305], [-1.4007115388121942, 8.98237622119461]], "corridor_3": [[-2.256898007591097, 4.859531439118665], [0.8045060056623079, 5.4823811250800105], [1.064184683862429, 4.206019644105412], [0.5828489940087174, 4.108090791209982], [0.5252688160616295, 4.391106407696935], [0.4611488203833005, 4.378061047137141], [0.7090531381205665, 3.1595723967778966], [-0.4775189658322905, 2.91816157379667], [-0.4790426555540925, 2.925650748045957], [-0.565630173980292, 2.9080343183207553], [-0.5068294455909292, 2.6190195047456672], [-1.7496181509332356, 2.366171284945974], [-2.256898007591097, 4.859531439118665]], "balcony_4": [[-9.766146025847624, 8.750434586164797], [-9.686565028181686, 8.906954196778035], [-6.584684815302122, 9.538038858625255], [-6.434347267113802, 9.451313476592038], [-6.207320587781863, 8.335441697432909], [-8.475488464415639, 7.873977727452798], [-8.47063184321086, 7.850106671590888], [-8.485733524741146, 7.847650705728656], [-7.861210937702625, 4.00747468253533], [-8.704052557170979, 3.8357216143624804], [-8.936276551412892, 4.021710936969788], [-9.766146025847624, 8.750434586164797]], "living_room_5": [[-8.007723121434966, 7.547393383079134], [-3.266437871941946, 8.512018769312157], [-2.3036520985957942, 3.779775506034479], [-7.231937548888148, 2.777104498956138], [-8.007723121434966, 7.547393383079134]], "room_6": [[-7.218190260834911, 2.692572718902653], [-2.2865910783498293, 3.6959179124152772], [-1.5287153192397174, -0.0291604536532191], [-6.446721802301521, -1.0297401812128033], [-6.447754894667138, -1.0246623700081994], [-6.608347824643097, -1.0573353708829973], [-7.218190260834911, 2.692572718902653]]}