{"balcony_0": [[-4.271861694964272, -6.4063684350529435], [-1.3758949945176338, -6.408725704245942], [-1.4687803231062202, -7.502172440033884], [-4.159966678966451, -7.504771044489513], [-4.271861694964272, -6.4063684350529435]], "room_1": [[-4.5684109429045865, -5.987940082209256], [-4.559937247200759, -1.384993314552795], [-0.8856979468621351, -1.3849933145527946], [-0.8941771483518179, -5.990930847997561], [-4.5684109429045865, -5.987940082209256]], "kitchen_2": [[-0.7736309625163047, -5.991028970607246], [-0.768997304908844, -3.474006876332543], [1.2451727973577849, -3.4720619974910063], [1.2405325411728234, -5.992668466522778], [-0.7736309625163047, -5.991028970607246]], "corridor_3": [[-0.7687821406517161, -3.3571287565037773], [-0.7659366720762082, -1.8114583855241], [-0.5871892825692251, -1.8117874466805686], [-0.5870328056886209, -1.7267885539931274], [-0.6940442626418537, -1.7265915535564889], [-0.6935670875312587, -1.4673880478283277], [-0.5795374555825867, -1.467597968223048], [-0.5793853863247285, -1.3849933145527924], [3.079881875825992, -1.3849933145527906], [3.0817825758906197, -3.353410658495695], [-0.7687821406517161, -3.3571287565037773]], "shaft_4": [[1.362299927016398, -5.329405663007818], [1.3634705770722655, -4.693503681270526], [1.604524122468308, -4.692916189550239], [1.606073916118398, -5.3288115410670525], [1.362299927016398, -5.329405663007818]], "shaft_5": [[1.3652887881204747, -3.705843873816206], [1.3657193781132464, -3.471945597940607], [1.816415307176114, -3.4715104068038634], [1.8169837378260616, -3.704743010343683], [1.3652887881204747, -3.705843873816206]], "bathroom_6": [[1.361078727008333, -5.9927665891324615], [1.3622508886820266, -5.356043490301487], [1.624737379939814, -5.355403762559471], [1.6247215800638304, -5.348920920348475], [1.6490691035943974, -5.348861580966185], [1.6473962067443577, -4.662455793687976], [1.6044501399882765, -4.662560461132698], [1.6044592018724035, -4.66627863999539], [1.3635196154066387, -4.666865853976857], [1.3652206776822693, -3.7428417472748006], [1.835672450717655, -3.741695169982195], [1.8356566508416687, -3.7352123277712046], [1.844442769999679, -3.7351909143866795], [1.8438000677751458, -3.4714839641308175], [3.081895432876245, -3.4702884615877703], [3.084332487430314, -5.99416928930872], [1.361078727008333, -5.9927665891324615]], "room_7": [[3.2004280942292325, -1.3849933145527902], [6.403525605777238, -1.3849933145527875], [6.40352587583506, -1.3852729938717316], [6.520227678326954, -1.3851603068319522], [6.520227517079524, -1.3849933145527884], [6.641250264007473, -1.384993314552787], [6.645703674781725, -5.9970681867937925], [3.2048788005806625, -5.994267412022037], [3.2004280942292325, -1.3849933145527902]]}