{"shaft_0": [[3.0125746402813545, 1.6190105969238804], [3.974025391339095, 1.6204603664464194], [3.9751797183791973, 1.2459688948986258], [3.0137289673214567, 1.2445191253760868], [3.0125746402813545, 1.6190105969238804]], "bathroom_1": [[2.3900671943643346, -2.7542208685743392], [2.390067194364337, 1.1339741265671082], [4.589259606826334, 1.1372902840824892], [4.6054991776139085, -2.7482243698753814], [4.473940027673111, -2.7483358820665496], [4.473942352454245, -2.7510785976991534], [2.3900671943643346, -2.7542208685743392]], "shaft_2": [[2.390067194364336, 1.618071919283187], [2.878556440491951, 1.6188085111682593], [2.8797107675320537, 1.2443170396204675], [2.3900671943643377, 1.2435787071281306], [2.390067194364336, 1.618071919283187]], "kitchen_3": [[4.772543634222007, 1.6216644503898205], [4.772649171736422, 1.6216646095296152], [4.772550875827884, 1.6868519883648236], [6.282214238524428, 1.6891284065070131], [6.287212859821539, -1.6258317479495865], [4.786142817869344, -1.6321054943201565], [4.772543634222007, 1.6216644503898205]], "living_dining_4": [[6.294214224881912, 1.6891465012606695], [10.942090122588095, 1.6961550233442182], [10.94252026295721, 1.4108967291692345], [10.970603047260731, 1.410939075139373], [10.97095194335135, 0.31877258469231506], [10.957393218568665, 0.3187521395203312], [10.95843531100408, -0.3723374020416914], [10.96880275897023, -0.3723217689891687], [10.969153421885201, -1.4700190360744658], [10.954462755713962, -1.470041188098433], [10.957009437309853, -3.158936488360136], [10.970832027449298, -3.1589156453061533], [10.971213591563572, -4.353344447388885], [10.960179718725605, -4.353361085342041], [10.961115750225655, -4.974113677216003], [10.346491402012742, -4.9750404679505955], [10.346860800561657, -5.220016311884985], [6.329198127781397, -5.226074536800226], [6.299214293470981, -1.626773460887196], [6.294214224881912, 1.6891465012606695]], "shaft_5": [[4.123628422029762, 1.6206859525350836], [4.587236325092069, 1.6213850258963856], [4.5888015156117525, 1.246894173888749], [4.124782749069864, 1.246194480987291], [4.123628422029762, 1.6206859525350836]], "corridor_6": [[4.786192971623672, -1.6441053895114068], [6.287305995349288, -1.63783146349782], [6.317197862150348, -5.226092631974997], [4.794882537475917, -5.2283881279834805], [4.792780166055566, -2.7480656267290837], [4.790806998123694, -2.7480672992260544], [4.786192971623672, -1.6441053895114068]], "room_7": [[4.877076362648686, 5.189399827469087], [10.952630905736205, 5.198561143115672], [10.95397032340131, 4.310292973537564], [10.976434866064242, 4.310326847773199], [10.976783668579662, 3.218453280348726], [10.93979473641972, 3.218397504817368], [10.940698753992528, 2.6188757457829244], [10.311034008890992, 2.617926275666166], [10.31177176119291, 2.1286674702178576], [10.941436506294448, 2.1296169403346177], [10.941822177890867, 1.8738492198281556], [4.8909718937395645, 1.8647251556805617], [4.877076362648686, 5.189399827469087]]}