{"room_0": [[4.112853463629168, -6.554322532878599], [5.229997589243638, -2.7763054938422194], [8.481138969214978, -3.7151933736175824], [7.366757136386518, -7.520915881219837], [4.112853463629168, -6.554322532878599]], "room_1": [[5.256008822139069, -2.6883393318832836], [6.380124969948032, 1.1132560602441304], [9.61683774468704, 0.1633285695301465], [8.506916735856894, -3.6271597896027776], [5.256008822139069, -2.6883393318832836]], "room_2": [[6.401137535177064, 1.184317463736245], [7.247392679190675, 4.046227829775216], [10.476556550567718, 3.099352034166687], [9.637661948594015, 0.234445254293866], [6.401137535177064, 1.184317463736245]], "bathroom_3": [[3.257971005173232, 1.0013838455615218], [3.636891695809119, 2.3134944432064763], [3.6204423045486855, 2.3182448161614175], [3.621768490635013, 2.322837077448078], [3.3344654511562837, 2.4058065057390063], [3.539921478476984, 3.1172509780509294], [5.155702853302611, 2.627439252324997], [4.803592815702839, 1.4081674540589857], [4.859982348226541, 1.391882881213629], [4.860418426691279, 1.3933929153424813], [5.244806601848058, 1.2823865466231812], [5.012393649950109, 0.4775967720044019], [3.257971005173232, 1.0013838455615218]], "kitchen_4": [[3.5633671844002492, 3.19843778038563], [4.076692895122985, 4.975960416989684], [7.118811471133853, 4.083931222519784], [6.586029471428134, 2.2821409012638547], [3.5633671844002492, 3.19843778038563]], "corridor_5": [[3.486359446834861, -0.8872186506840443], [3.5996869148103627, -0.4947930708473169], [3.6162510936722505, -0.4632615187521161], [3.6097752463115818, -0.4598596217049753], [3.654210388917857, -0.3059914826394881], [3.6383588112279597, -0.3014137505666703], [3.9082703907284753, 0.633224691307241], [5.030332062317779, 0.2982304975979408], [5.078031737775898, 0.4580003640131416], [5.0698953079427085, 0.4604295145853925], [5.315784030291521, 1.3118826191752326], [5.308100431430127, 1.314101543854564], [5.315334123919605, 1.3391500693378777], [4.880978213426705, 1.4645864783426976], [5.211877435557387, 2.6104103587476644], [6.562069009046258, 2.2011101433998057], [5.478728170713939, -1.4625891523846084], [3.486359446834861, -0.8872186506840443]], "balcony_6": [[3.079069274135744, -9.962259554148323], [3.983342622945866, -6.864251256798827], [7.133119053585045, -7.799912927458515], [6.227904829406, -10.901144630323058], [3.079069274135744, -9.962259554148323]], "room_7": [[0.0224685807141878, -5.339246975146803], [1.163546905092641, -1.495706081853787], [1.7212177903053227, -1.6622000574321216], [1.7223384953036547, -1.6584462606577315], [3.079664511340056, -2.050424583474191], [3.0786712019239886, -2.0538641734563923], [3.143998993161169, -2.0727300006341762], [3.46696092784552, -0.9543910246755996], [5.458902086677284, -1.5296380510812373], [3.984406125494271, -6.516166411757743], [0.0224685807141878, -5.339246975146803]]}