{"kitchen_0": [[5.3029939256771605, -4.245657523152714], [5.30430292319851, -2.6446192480042736], [5.687017634378851, -2.644932152833657], [5.687017432511986, -2.645179056721655], [5.791963519610296, -2.6452648598970216], [5.79300349726517, -1.3732654835809726], [7.979717809721122, -1.375380998754634], [7.980003991094063, -1.7234240688745648], [7.98315652982438, -1.7234214766727947], [7.968131722419252, -4.061183110247626], [7.968138026857383, -4.061183150766286], [7.968119106424033, -4.245892863875016], [5.3029939256771605, -4.245657523152714]], "room_1": [[1.677759885052276, -1.2199957102182921], [1.6810039583199337, 2.747838746449327], [4.117675926469598, 2.7370561394205506], [4.11608676684006, 0.7933508605989559], [3.1755022862228124, 0.8041678098057945], [3.174558980344317, 0.7221429382064546], [4.116019695648864, 0.7113159120886099], [4.11443874163968, -1.2223530511224476], [1.677759885052276, -1.2199957102182921]], "bathroom_2": [[0.3283770759864775, -2.703527696047497], [1.414752801605602, -2.7080902028913063], [1.4140348917150867, -3.586167658404811], [1.3933221738949761, -3.5860345376487803], [1.3933452783194773, -3.5824396405090915], [1.3158524796912374, -3.5819415938485806], [1.3115890388516638, -4.245305066871916], [0.32892037680040964, -4.245218293479661], [0.3283770759864775, -2.703527696047497]], "living_room_3": [[4.048706837948093, -4.399524841804468], [7.968103333935045, -4.399870939469606], [7.967588527867343, -9.425637491264537], [4.052565458084258, -9.420628719941165], [4.048706837948093, -4.399524841804468]], "balcony_4": [[3.2610913498335528, -9.64102225192682], [7.967667242507171, -9.647043713854961], [7.967900888892806, -10.009033680134745], [7.983156529824373, -10.009023833382912], [7.9764505450188254, -11.052431151096034], [3.26244841317906, -11.061795360180337], [3.2610913498335528, -9.64102225192682]], "room_5": [[4.206867524075777, -1.2224424704355283], [4.210104447611551, 2.736647130561437], [4.958539429553891, 2.7333352033088723], [7.97635533102915, 2.7139396832299205], [7.979595055867597, -1.2260923584406238], [4.206867524075777, -1.2224424704355283]], "bathroom_6": [[1.4977789275475732, -3.5867058818026276], [1.498496989934461, -2.708441907576315], [3.4260828372768604, -2.7165372869309294], [3.4248327750300893, -4.245491674356947], [1.6083826535387216, -4.245331274880514], [1.6126571082646968, -3.5802541132639893], [1.5351643096364596, -3.579756066603476], [1.5351181007874564, -3.5869458608828473], [1.4977789275475732, -3.5867058818026276]], "room_7": [[-0.8708109328951341, -1.2175301205407516], [-0.8692272613434855, 0.719462675932558], [-0.09699997964792462, 0.7105818752661985], [-0.09605667376943083, 0.7926067468655376], [-0.8691601901522894, 0.8014976244429057], [-0.8679009212186837, 2.341712734497854], [-0.8614536912054485, 2.3416385897920726], [-0.8566531493389498, 2.7590682265448585], [1.5885754371779774, 2.748247755308441], [1.5853311026161805, -1.2199062909052114], [-0.8708109328951341, -1.2175301205407516]], "corridor_8": [[-0.8719056403726302, -2.556469685343867], [-0.8709329900333962, -1.3668185240147857], [5.115458557369046, -1.3726099994178034], [5.114401162372964, -2.6659125710968308], [5.179467464338535, -2.665965768843145], [5.1794850005379045, -2.6445171977573034], [5.2118741294385975, -2.6445436788790317], [5.210565076805515, -4.245649361332693], [4.032598408124463, -4.245545342381291], [4.033846427380458, -2.7190897422867293], [4.042645835166827, -2.719126697602739], [4.043056262273803, -2.6214001491463836], [0.3182551640792666, -2.6057569143965855], [0.3184411629156343, -2.5614688447584575], [-0.8719056403726302, -2.556469685343867]]}