{"shaft_0": [[-9.597771957883644, 2.0535444682230506], [-9.220327386169567, 2.0538156925667987], [-9.220048318494646, 1.6654560874326636], [-9.59749289020872, 1.6651848630889172], [-9.597771957883644, 2.0535444682230506]], "shaft_1": [[-5.014063109203493, -4.537172533465876], [-4.6014274354241, -4.461748211577701], [-4.442466752402386, -5.331399365224746], [-4.855102426181778, -5.4068236871129205], [-5.014063109203493, -4.537172533465876]], "balcony_2": [[-3.7387614964427485, -5.723407938501099], [-2.9770203251187226, -5.58417176734025], [-2.9774790288049084, -5.581662265101754], [-1.5164959692526732, -5.31461396181872], [-1.5138905885251606, -5.328867627016303], [-0.7337816530943626, -5.186274072477362], [-0.5912492858337801, -5.966048261062587], [-3.5940824521408423, -6.514926290045407], [-3.7387614964427485, -5.723407938501099]], "shaft_3": [[1.2130169989250645, 0.8487890223830987], [1.6148357229290333, 0.9222361494877078], [1.7719636883672298, 0.06261153152556886], [1.370144964363261, -0.010835595579040014], [1.2130169989250645, 0.8487890223830987]], "balcony_4": [[-10.686476033018659, -4.633340216273762], [-9.943939624739793, -4.335894509200585], [-9.790330136949885, -4.719361591188136], [-9.793886090297583, -4.721730729078585], [-9.782588301791044, -4.738688124856743], [-9.779402169126563, -4.746641910871222], [-9.777734266084426, -4.745973781208937], [-9.695640372291177, -4.869192466637177], [-9.705769868171505, -4.876343902543876], [-9.643891913684202, -4.963989585626214], [-9.648633370768824, -4.969513446877034], [-9.626700968724931, -4.988339325792483], [-9.571721962669526, -5.066213143387776], [-9.580954778596656, -5.077921364219659], [-9.511652196181952, -5.132571681795412], [-9.371398765552767, -4.954714985507204], [-7.961390950662063, -6.122893885393923], [-8.06795474682683, -6.256186183067976], [-8.077065497948267, -6.252006981150014], [-8.111831359665814, -6.327797316206507], [-7.887650020304594, -6.430631766510466], [-7.88511454379924, -6.425104372556321], [-7.853623681240377, -6.450280514894127], [-7.846487664763515, -6.441354631370139], [-7.819007065716978, -6.463324670197455], [-7.8195959938912125, -6.4654433881108435], [-7.2570698540361, -6.621805634547977], [-7.424778096715508, -7.401652197061351], [-7.9842790761495, -7.235333947718727], [-7.985030302797927, -7.237861103020274], [-8.444712309195964, -7.055114777956968], [-8.442886536027801, -7.051645119694285], [-8.908669377635817, -6.8065449541982765], [-9.33974967732654, -6.504601018023278], [-9.341643274418217, -6.507304474870656], [-9.728437215771415, -6.15563545864055], [-9.732165907628978, -6.1597365746135715], [-10.118776998508354, -5.714211454612462], [-10.121609407574677, -5.716669319971315], [-10.470575206156003, -5.152692969295359], [-10.476872507763986, -5.156589485313994], [-10.686476033018659, -4.633340216273762]], "shaft_5": [[-5.277571066305798, 3.2281505326945465], [-5.238112850235741, 3.22818966250077], [-5.236659203944452, 1.7623431637753741], [-5.27611030769887, 1.7551320258697178], [-5.277571066305798, 3.2281505326945465]], "room_6": [[-5.1142223309845445, -1.232310598302318], [-4.670312205908814, -1.1511697220022437], [-4.674699189398002, -1.1271691629968301], [-4.6675776365892965, -1.1258674377085947], [-4.8256970056841615, -0.2608189921850679], [-3.1921459769142286, 0.03777244438707461], [-3.1936805388587284, 0.04616781322928132], [-1.7762404287548756, 0.30525704354832106], [-0.864926006191185, -4.680413776760426], [-1.6076056818530673, -4.816165759626733], [-1.5749822404925666, -4.994643939738859], [-3.0359653000448046, -5.261692243021891], [-3.0691089996529755, -5.0803678044722655], [-4.387173418823975, -5.321292478071992], [-4.677438989040553, -3.733291072917091], [-4.674434119033741, -3.7327418225807087], [-4.685770631400876, -3.6707213853819893], [-4.724860676243667, -3.677866526513006], [-5.016121951982942, -2.0844177589031543], [-4.963666949675508, -2.0748296810172957], [-4.972679324911392, -2.0255242655397043], [-4.969344814755948, -2.0249147613613574], [-5.1142223309845445, -1.232310598302318]], "storeroom_7": [[-0.281189905514456, 2.023220323505452], [1.0431175860952329, 1.1036948274394227], [-0.07573102042892987, 0.8991841590580676], [-0.281189905514456, 2.023220323505452]], "room_8": [[-1.7130904169995378, 0.3168000271450895], [-0.09297504018482505, 0.6129356049482462], [-0.09246836067433417, 0.6101636338390961], [1.1775671021801655, 0.842309251987825], [1.334695067618362, -0.01731536597431349], [1.3290780581618002, -0.018342080716207132], [1.3355147048889586, -0.05355605404271735], [1.7784003350943878, 0.027397558199058203], [2.5275138773910517, -4.0708954529220005], [1.696234675887156, -4.2228422526228275], [1.7302114965739142, -4.408724577395311], [0.3194100751264899, -4.666600343581331], [0.28356284303091495, -4.470485265598738], [-0.8017759944358485, -4.6688707931636575], [-1.7130904169995378, 0.3168000271450895]], "bathroom_9": [[-5.27832810366224, 3.9915415756149404], [-4.105472451915698, 3.9915415756149417], [-4.105455799196465, 3.988438178871112], [-3.656053886916427, 3.9908496539369507], [-3.6562839789238777, 2.051214769529402], [-5.178054839837133, 1.7730552633425232], [-5.179558807267062, 3.2896452375183576], [-5.238173736674101, 3.289587110439692], [-5.238169828580579, 3.2856462169502465], [-5.277628044650637, 3.2856070871440233], [-5.27832810366224, 3.9915415756149404]], "room_10": [[-9.607069736842622, -3.8388173072811793], [-9.553850541262001, -3.7916194772298195], [-9.58508160282518, -3.7564040452552434], [-9.537590106679135, -3.7744191090013133], [-9.431508014227223, -3.494764406922094], [-9.42795937215834, -3.495010608446917], [-9.406920610147637, -3.1917670115522117], [-9.177913515100679, -3.1916024514983055], [-9.179455930440591, -1.0451273625248327], [-5.341536589617268, -0.3583238846925614], [-5.037045741732066, -2.024149748702977], [-5.0685726490287735, -2.029912448719448], [-4.765974860922363, -3.6853816535280157], [-4.779339818387008, -3.6878245902828586], [-4.768003306019871, -3.749845027481579], [-4.732732322618963, -3.7433979600698444], [-4.608676499505873, -4.422089619140008], [-5.025748855545906, -4.498324907631913], [-5.025562565138271, -4.4993440757987475], [-5.076419216456042, -4.508639996347771], [-4.910395759760191, -5.416930574265672], [-6.145185729071773, -5.6426337842102345], [-6.10630282823819, -5.855356571532747], [-6.52475092318897, -6.01881846169251], [-6.521448880774161, -6.027271400518641], [-6.641876335031748, -6.164153209983162], [-7.122576650906295, -6.112650064198274], [-7.641777547207411, -5.96833069351316], [-7.670177303004445, -5.945625812280751], [-7.865015058925412, -6.189333085248071], [-7.940248991142408, -6.129185473140346], [-7.90519542645797, -6.0868753439729595], [-9.349857558881167, -4.889985651065157], [-9.38141349070686, -4.928074089817734], [-9.44640166978441, -4.876826004948331], [-9.241192868326692, -4.637754992289082], [-9.253893720043324, -4.62685309946121], [-9.347948172571046, -4.485682234447481], [-9.607069736842622, -3.8388173072811793]], "room_11": [[-9.421832287178704, 0.48882292548108675], [-9.176938424454253, 0.48899890145791236], [-9.17733832572798, 1.0455144520276538], [-8.509698093161932, 1.0459942053411408], [-8.509697549176382, 1.0452371774464386], [-8.45100104483889, 1.0452793556152646], [-8.451324599841993, 1.4955489659564947], [-6.425442425222656, 1.497004725568628], [-6.424017744321297, -0.48562730963830125], [-9.179503644366141, -0.978727120032596], [-9.179610620604274, -0.8298555260338927], [-9.420884585852743, -0.8300289008226494], [-9.421832287178704, 0.48882292548108675]],