{"kitchen_0": [[-8.833054572791838, 0.7566210807690332], [-8.631198557895498, 1.1149450784460182], [-8.722198869613784, 1.1662086287436928], [-8.031900783640344, 2.391588857724207], [-7.91721335018857, 2.326981551416649], [-7.442002768649945, 3.170549950420103], [-7.43466202748885, 3.1664146628960435], [-7.411031948541183, 3.2083615147562643], [-4.932419538976669, 1.7766559041913883], [-5.607199238614995, 0.5957551958949416], [-5.67591447781192, 0.6314658590912909], [-6.314216282510762, -0.5967684346418292], [-8.833054572791838, 0.7566210807690332]], "room_1": [[-6.4668135048367645, -5.2857741360445285], [-4.864274831185044, -0.7603445258458219], [-1.7672099862585213, -1.8570727077662124], [-3.3706437841305856, -6.385030070784959], [-3.8252562577558393, -6.2240433505701365], [-3.857749952450402, -6.31580271371889], [-5.829575228705347, -5.617542761611537], [-5.79618640979044, -5.52325564564274], [-6.4668135048367645, -5.2857741360445285]], "balcony_2": [[-11.143650549862661, -2.199080816149346], [-11.132131322926874, -1.833225755070531], [-11.133457758082798, -1.8331839912432617], [-11.076480164308007, -1.4406969049241471], [-11.077997799865814, -1.4404765888288562], [-11.005972815773871, -1.1522723674955575], [-10.294647822808809, -1.3535931781664683], [-10.35504537101439, -1.5812224093792455], [-10.3485594275392, -1.5829433442592435], [-10.363832913481176, -1.6992625094141847], [-10.44914941978417, -1.731582848813142], [-10.451481944202804, -1.7254256475595344], [-10.772556234064538, -1.8470577967213568], [-10.590216800458727, -2.328382056485024], [-10.402648060292693, -2.257325638383799], [-9.791904220205115, -3.927853474888467], [-9.993010731092873, -4.004038388791871], [-9.810671297487058, -4.4853626485555385], [-9.50154812177189, -4.368257924181146], [-9.490023968209574, -4.398678412898777], [-9.387416607420558, -4.359807801932186], [-9.27294886499284, -4.465607076370921], [-9.270859124503346, -4.463346116857155], [-8.998652195920318, -4.662167460762957], [-9.384199338582018, -5.281893193643599], [-9.624975935114303, -5.126472275310251], [-9.622416627442412, -5.123383579531142], [-9.95367999623465, -4.848897213181276], [-9.954658447891191, -4.8500780557719505], [-10.211595988628478, -4.58937569969129], [-10.212541184710554, -4.590307246151001], [-10.457404004767005, -4.278322056640855], [-10.458610362462872, -4.279268871288915], [-10.654501461015254, -3.9700613425738442], [-10.656878931613413, -3.971567532701828], [-10.826469087999646, -3.6392391937911324], [-10.827835052378461, -3.6399362577652123], [-10.960585265507854, -3.298820442798627], [-10.961822006658513, -3.2993017387225603], [-11.063183460681799, -2.9158719345108093], [-11.064666074314392, -2.9162638703277484], [-11.113793349000884, -2.6073521732794216], [-11.142120682095609, -2.198974696012362], [-11.143650549862661, -2.199080816149346]], "living_room_3": [[-10.307341772460443, -2.1059147172803723], [-10.188176070223676, -2.0607713316929495], [-10.205883638361746, -2.0140283866386373], [-10.150621800989692, -1.593167634059613], [-10.153687098613103, -1.5927651399384022], [-10.056716773212113, -1.227298638776018], [-9.941694512692566, -0.9496832333916032], [-9.74453561831973, -0.5996973127563994], [-9.59108882009495, -0.3902594982328473], [-9.589595009210225, -0.3916139023824474], [-9.291777605643311, -0.0631426117119833], [-9.293814692547922, -0.0612956316257378], [-8.865483856046101, 0.6990543522103927], [-5.121301917985384, -1.3127209166960636], [-6.215641820875402, -4.403041469694314], [-6.65353625213593, -4.247974918777194], [-6.672962607310855, -4.302833253475923], [-6.671000642432463, -4.303528021678014], [-6.957322432716751, -5.112075814690103], [-7.54203192110576, -4.905019325316632], [-7.541714578762046, -4.901682686829853], [-7.5550307170986475, -4.900416210235013], [-7.585043280373334, -4.889788204170193], [-7.5877063507903895, -4.897308483036175], [-8.010803242789596, -4.857068415118517], [-8.0114068654872, -4.863415096436695], [-8.554178669748065, -4.671056342046848], [-8.859963057672172, -4.515849908188796], [-9.165119716835497, -4.292961911206193], [-9.486824474573972, -3.9956412362132223], [-9.49551328363345, -3.972705250803605], [-9.619880501386739, -4.019819119644117], [-9.643858702495088, -3.9565234864905623], [-9.632908352995297, -3.952520046166102], [-10.270915209661784, -2.207421456568584], [-10.269142510596993, -2.2067499073232053], [-10.307341772460443, -2.1059147172803723]], "shaft_4": [[-2.0259111259669673, 1.534558237198107], [-1.5180404482854541, 2.431368295332197], [-1.2639894768511084, 1.8963599465950853], [-2.0259111259669673, 1.534558237198107]], "storeroom_5": [[-0.259193349636103, -2.0780293975611652], [0.428366286338564, -0.9897531146646497], [1.1689714698595743, -2.5837690847795347], [-0.259193349636103, -2.0780293975611652]], "bathroom_6": [[-2.4144477373873325, 0.8484710965389883], [-2.0823786620279137, 1.4348465260816337], [-0.9202589450524457, 1.9866839763149446], [-0.5132871736794566, 1.0800405421798338], [-1.588504295313852, 0.5694691559596929], [-2.4144477373873325, 0.8484710965389883]], "shaft_7": [[-6.906388027774804, -5.130112633460845], [-6.620066237490517, -4.321564840448756], [-6.235068176050327, -4.457899804393042], [-6.521389966334615, -5.266447597405131], [-6.906388027774804, -5.130112633460845]], "shaft_8": [[-4.864911961019075, 2.8122694283580127], [-4.676608838591625, 3.155499504253781], [-4.1569431954732305, 2.8598907826950306], [-4.347147078308401, 2.5131960901185], [-4.864911961019075, 2.8122694283580127]], "corridor_9": [[-6.237061262543455, -0.6382243691049414], [-5.635582793805053, 0.519153656161869], [-5.578679251509554, 0.4866383439863835], [-4.858928390241108, 1.7462409999709259], [-3.280981217726044, 1.0469032005635892], [-3.272747410536285, 1.065481508192784], [-1.582022288156974, 0.4943581526446277], [-1.579893478267417, 0.5006601753619169], [-0.4863142773523528, 1.0199508723924815], [-0.4325368114888253, 0.9001465278181637], [-0.4455937597547823, 0.8940800618930869], [0.0616976090092756, -0.1977709827714005], [0.2495321772801926, -0.1105000535498792], [0.3857362880476423, -0.4036542639031175], [0.196833492684279, -0.491421508429303], [0.3869030993785962, -0.9005112572530845], [-0.3391499395142219, -2.0497152840891015], [-1.4683274861180102, -1.6498525431520523], [-1.4667539342435472, -1.6454089697375966], [-1.6671289107667864, -1.574452469080315], [-1.7416175632900401, -1.7848019347717727], [-2.9181640378821303, -1.368164976673194], [-2.852291327721378, -1.1821461816408032], [-3.935096635891788, -0.7987047115828343], [-4.000969346052539, -0.9847235066152269], [-4.870732901203997, -0.6767240780257673], [-4.872513244721856, -0.6817516130266448], [-4.895039213232272, -0.6737747492128658], [-5.09899120571711, -1.2497174088347531], [-6.237061262543455, -0.6382243691049414]], "bathroom_10": [[-4.003797979244554, 1.44281898497972], [-3.2919184670379025, 2.6580026923242936], [-3.334018838129829, 2.68266595225405], [-3.332651348117107, 2.6850002680405325], [-3.388111775357636, 2.7174901225803314], [-3.03928361197654, 3.3129424337301216], [-1.869730132970096, 2.6476488679499486], [-1.8674141799692165, 2.651720199808116], [-1.571028924586436, 2.483123203657252], [-2.4835301322042866, 0.8718069827897583], [-3.3893633985208638, 1.1777955363269665], [-3.3915054862144416, 1.1714542066602966], [-4.003797979244554, 1.44281898497972]],