{"room_0": [[-3.6299650862734003, 1.0844058346643477], [-3.6299650862734003, 1.8237126068195177], [-3.401606770666269, 1.8237126068195177], [-3.401606770666269, -2.7037699842450422], [-5.590421451302482, -2.7037699842450422], [-5.590421451302482, -3.1202706971776486], [-5.969964499953611, -3.1202706971776486], [-5.969964499953611, 1.0844058346643477]], "bathroom_1": [[-8.951855652231664, 2.186699378782801], [-8.951855652231664, 1.330834552483152], [-8.789071638385174, 1.330834552483152], [-8.789071638385174, 1.3025470272301964], [-8.812262309362122, 1.3025470272301964], [-8.812262309362122, 1.2938705451585637], [-8.813709135031136, 1.2938705451585637], [-8.813709135031136, 1.269054851206095], [-8.805910225909733, 1.269054851206095], [-8.805910225909733, 0.8273279377054923], [-9.314091057302953, 0.8273279377054923], [-9.314091057302953, 0.917249952266106], [-9.359084623389242, 0.917249952266106], [-9.359084623389242, 0.9431698365651267], [-9.99665255507804, 0.9431698365651267], [-9.99665255507804, 0.7933537009534719], [-10.005647567398041, 0.7933537009534719], [-10.005647567398041, 0.5438421794529371], [-10.616158152343521, 0.5438421794529371], [-10.616158152343521, 2.186699378782801]], "balcony_2": [[-10.982336422558909, -0.3352193129944814], [-10.982336422558909, -2.8519000935420866], [-11.480152382990157, -2.8519000935420866], [-11.480152382990157, -0.3352193129944814]], "room_3": [[-4.865166345332002, 7.6928729764799195], [-4.865166345332002, 5.09795959008029], [-4.08340042924571, 5.09795959008029], [-4.08340042924571, 5.0973298506704845], [-3.461367808160046, 5.0973298506704845], [-3.461367808160046, 3.87175395830682], [-3.63982096542794, 3.87175395830682], [-3.63982096542794, 3.8640280654662718], [-3.6592641146455684, 3.8640280654662718], [-3.6592641146455684, 3.9863910999559997], [-3.6911561947622302, 3.9863910999559997], [-3.6911561947622302, 3.9882783659789007], [-4.088026881282468, 3.9882783659789007], [-4.088026881282468, 3.895148668403264], [-7.178401826903042, 3.895148668403264], [-7.178401826903042, 7.6928729764799195]], "corridor_4": [[-7.854967198099983, 2.6938188499158007], [-7.854967198099983, 2.6926973617881997], [-7.353518480037223, 2.6926973617881997], [-7.353518480037223, 3.012032890217985], [-4.177761863825055, 3.012032890217985], [-4.177761863825055, 3.5059599253441007], [-4.014282953545335, 3.5059599253441007], [-4.014282953545335, 3.5131296550436772], [-3.211735130351231, 3.5131296550436772], [-3.211735130351231, 3.4856805677431186], [-3.0239858508408584, 3.4856805677431186], [-3.0239858508408584, 3.4256251317708895], [-2.973158598695538, 3.4256251317708895], [-2.973158598695538, 2.4285871826037964], [-3.713863664931191, 2.4285871826037964], [-3.713863664931191, 1.9765818306274494], [-6.968920325955896, 1.9765818306274494], [-6.968920325955896, 1.4569286988705281], [-7.440872565919828, 1.4569286988705281], [-7.440872565919828, 1.1275388201013685], [-8.390469068662082, 1.1275388201013685], [-8.390469068662082, 2.6938188499158007]], "kitchen_5": [[-4.478895352638687, 8.318875084187164], [-4.478895352638687, 8.532794549406923], [-2.703058342165661, 8.532794549406923], [-2.703058342165661, 6.680681892740191], [-2.7940421268963136, 6.680681892740191], [-2.7940421268963136, 6.488343406569507], [-2.7698841233615266, 6.488343406569507], [-2.7698841233615266, 6.254628061050017], [-2.7071932126667906, 6.254628061050017], [-2.7071932126667906, 6.2561176410801576], [-2.66695523623394, 6.2561176410801576], [-2.66695523623394, 6.147358694654828], [-2.6351259183239226, 6.147358694654828], [-2.6351259183239226, 5.60499495793671], [-3.4912822868781297, 5.60499495793671], [-3.4912822868781297, 5.376324844807495], [-3.971794794241505, 5.376324844807495], [-3.971794794241505, 8.318875084187164]], "balcony_6": [[-3.9035748749315125, -4.1367846418384655], [-3.9035748749315125, -4.633329403146298], [-6.412589177058435, -4.633329403146298], [-6.412589177058435, -4.1367846418384655]], "room_7": [[-7.090304264357408, 0.2548083869827975], [-7.090304264357408, -3.543414708086813], [-9.5380793119625, -3.5434147080868126], [-9.5380793119625, 0.2548083869827975]], "room_8": [[-8.346420148588829, 6.810107274199004], [-8.346420148588829, 3.158454086431104], [-10.749088509570898, 3.1584540864311044], [-10.749088509570898, 2.6295722438034366], [-11.110241342202452, 2.6295722438034366], [-11.110241342202452, 6.810107274199004]]}