{"bathroom_0": [[-6.082967684936246, 6.545601735035651], [-5.3663565142403655, 7.680053985888744], [-4.017356729331169, 6.825934554839224], [-4.721286866713349, 5.711557384272554], [-6.082967684936246, 6.545601735035651]], "corridor_1": [[-4.664950835720763, 1.6396052571668935], [-4.361173637411632, 2.119392228733375], [-3.663224563844256, 1.969702752536147], [-3.6552835025764523, 2.006729112009161], [-3.6457780801780437, 2.0009357732547084], [-2.9303991575478, 3.1746939674030514], [-2.223218068742568, 2.7450753725410317], [-2.2140533950299144, 2.7601610415790327], [-2.2045945651250634, 2.7541721819015867], [-2.033825121011745, 3.0238861528094487], [-1.3681763480531828, 2.6194987970994257], [-1.3353044563248382, 2.5987570258165693], [-0.8174648628401471, 3.416635035417558], [0.2937671685646244, 2.7170272194109097], [0.0956773740988019, 2.404163373427747], [0.0899994397642701, 2.4079074041697277], [0.0048533329897289, 2.2787807926582904], [0.7643249907669265, 1.7779850689231615], [0.6829968815240619, 1.627010570241918], [0.6999122564567894, 1.6178984654001782], [0.6925649273838168, 1.6067560216315622], [2.366464238935439, 0.5029865674274534], [-0.0400852628532213, -4.148624559122448], [6.66905328934e-05, -4.169397504407075], [-0.0338167093759569, -4.185809161362777], [0.4222491729692219, -5.1273998074501765], [-0.5314527443340644, -5.592790587855852], [-1.953584166446639, -4.7539122312225945], [-0.3359081126706833, -1.5879987314626058], [-0.3181487099495008, -1.5906831270368391], [-0.292328683808833, -1.4198632050755542], [-0.2588593021012073, -1.4122944445817653], [-0.2782342713604429, -1.3266175041840524], [-0.277538668031859, -1.3220155372589524], [-0.2793364094884012, -1.3217438023765737], [-0.3021562416839778, -1.2208335311525484], [-0.2894808409044778, -1.2123251405117497], [-0.3114976134518308, -1.1795255867899668], [-0.3187925272024543, -1.1472671670600487], [-0.3312588065323006, -1.1500862894244985], [-0.4409191138282935, -0.9867195138189269], [-0.4578234975280502, -0.9980666185425919], [-2.302065402969397, 0.1447456263731652], [-2.3026002055709647, 0.143882575269771], [-4.664950835720763, 1.6396052571668935]], "room_2": [[0.1890540117912209, -4.1475654336851875], [1.5086279560760438, -1.5969655657088753], [5.986815654258773, -3.9597324119101085], [5.716751617979764, -4.5926411563248255], [5.7221510827173105, -4.594945123924633], [5.713058731164294, -4.606382612289568], [6.0155556870506715, -4.8468557458027455], [5.080921889453965, -7.014110475648048], [4.779928194527399, -6.944632135974286], [4.685820970706104, -6.904476304770384], [4.446577667606254, -7.465155100291762], [0.844582901621127, -5.500966104066249], [0.1890540117912209, -4.1475654336851875]], "balcony_3": [[5.455455696180145, -3.4623221278857095], [6.644881810261005, 1.1792683854590358], [6.645101797937016, 1.179267302158677], [6.6451061136532985, 1.1801437021226442], [6.667269391123515, 1.266633192501692], [6.645559415347245, 1.2721964605345182], [6.654664009919058, 3.121082215320352], [6.6717775983978065, 3.1035787049204018], [6.687190205869326, 3.1186479690637148], [7.822531698337803, 2.0133507144782476], [7.786047877657794, 1.9776796359926498], [7.864920196708174, 1.8970102627351992], [7.827504633457135, 1.7575442888992145], [7.899134550297815, 1.7383276039221958], [7.609637397803953, 0.659231132103629], [7.54875596592878, 0.6755642419116041], [7.479183257642109, 0.4162329725009295], [7.540064689517283, 0.399899862692954], [7.248503522932047, -0.6868901919626045], [7.203035171706528, -0.6746920627386288], [7.133462463419857, -0.9340233321493043], [7.178930814645376, -0.9462214613732787], [6.886576822024621, -2.0359667636722953], [6.838169705638421, -2.0229802302897637], [6.76859699735175, -2.28231149970044], [6.81700411373795, -2.2952980330829718], [6.525418716067643, -3.3821784087596], [6.4920608808961, -3.373229256809129], [6.42248817260943, -3.6325605262198053], [6.475983223835259, -3.6469120373282538], [6.3785485159131525, -3.949361362823682], [5.455455696180145, -3.4623221278857095]], "bathroom_4": [[-4.588248117957747, 5.630069699826055], [-3.885556941117869, 6.742485497707781], [-3.0370864154541977, 6.205276247751584], [-3.7318016955430267, 5.105486926251772], [-4.588248117957747, 5.630069699826055]], "room_5": [[-2.6393416696419685, 6.177548347703552], [-0.5506533134906562, 9.487502841044419], [1.954615702397568, 7.464043922430234], [1.939033970960507, 7.447620503886696], [3.182815588164477, 6.267581702936116], [1.1340802481526104, 2.4643850742627267], [0.4359513473478174, 2.92473137495577], [0.4245525794686884, 2.9074448033508578], [-2.0434305608039445, 4.46123397240914], [-1.4517388074200852, 5.395754390785029], [-1.4640746439451533, 5.403564827667362], [-1.4505775681276667, 5.4248821653988335], [-2.6393416696419685, 6.177548347703552]], "balcony_6": [[-6.357483674320164, -4.5390305730139975], [-5.238425052952202, -2.7715847280328187], [-4.03319219860478, -3.5375400573935076], [-5.127332576922502, -5.320822062991935], [-6.357483674320164, -4.5390305730139975]], "storeroom_7": [[-3.52838143308081, -3.910842438974379], [-2.7285986176470907, -2.6073183835486224], [-1.4667934076321671, -3.3688695143785736], [-2.1527563257735736, -4.711350450416093], [-3.52838143308081, -3.910842438974379]], "room_8": [[0.9723990454342566, 1.682465325744145], [3.3545664535279904, 6.104632932490873], [6.4528783552266376, 3.1651070455667796], [6.443535893610957, 1.2679172190872903], [5.258079229863533, -3.358182997892902], [1.5968436436992022, -1.4264537712167433], [2.5369089977398076, 0.390595268202258], [2.5437051081075595, 0.3861139120181925], [2.6633008509340073, 0.5674844245099004], [0.9723990454342566, 1.682465325744145]], "room_9": [[-1.8780515776927444, -8.695289009328336], [-1.8517965042271776, -8.644283888077888], [-1.8407806989524822, -8.649030815378113], [-0.6536531615215537, -5.894161199415011], [0.5169530078577065, -5.322924727273298], [0.7180200622493498, -5.738046456348895], [0.8029358794193246, -5.696916898357202], [4.3708864180123275, -7.6425413765384125], [4.320940420571269, -7.759592350687013], [4.703967661525848, -7.923031209147824], [3.3845010614784528, -10.982646897322988], [2.9724144042404212, -10.90151401578102], [2.958741872090698, -10.97095895552034], [2.7883161947290436, -11.367844404018758], [1.3490545982940638, -10.56826252885905], [1.3625763466413972, -10.544567364111757], [-1.8780515776927444, -8.695289009328336]], "kitchen_10": [[-5.184706522644181, -7.184376503142525], [-4.388480891341519, -5.690746411728735], [-4.295669435335661, -5.544159611759595], [-4.464805580860389, -5.437071033984013], [-3.604084644355826, -4.034227131750566], [-2.1485168881575305, -4.881255616359882], [-2.1526520827329136, -4.888265917788809], [-0.8568634005042881, -5.652617976529749], [-2.0377950959748787, -8.393109409674542], [-2.716706267147309, -8.043637391204049], [-2.7201065885741826, -8.050243116642063], [-2.774685208095903, -8.022148571818695], [-2.952331154352546, -8.367257224451249], [-5.184706522644181, -7.184376503142525]], "bathroom_11": [[-2.6529139424470145, -2.4839639017486075], [-1.5904202684382724, -0.7522611993630539], [-1.5788284671182424, -0.7596005502354988], [-1.478164494345485, -0.6006114525964286], [-0.5575697321860886, -1.1710718481101585], [-0.4979701241080505, -1.2598605451250595], [-0.4812117942163283, -1.3339665946411952], [-0.5039746498696189, -1.4845609125991572], [-1.4007806667884353, -3.2396776240087357], [-2.6529139424470145, -2.4839639017486075]], "bathroom_12": [[-5.682128137458754, 8.093719883152728], [-5.170203341587378, 8.919478037328986], [-2.3185965227294503, 7.113982720764637], [-2.832387652991841, 6.299775443148408], [-2.88777387837316, 6.334843240667632], [-2.892460410372948, 6.327441312518173], [-5.682128137458754, 8.093719883152728]],