{"room_0": [[3.2076797572195392, 0.2514848311079527], [6.16526417058419, 2.9605155961201772], [6.664616790167477, 2.4412281880901405], [6.141499016751097, 1.9140940251977723], [6.1419620539476885, 1.9136345160171109], [6.096309353995652, -0.9977346116056032], [3.8171308822443466, -0.9397911622013169], [3.8315252799372486, -0.41910704371052443], [3.8331113194651314, -0.41765453577279144], [3.8316107324255047, -0.4160159971472577], [3.831629470257714, -0.4153381993084553], [3.83097338919408, -0.4153200618400479], [3.457537022502219, -0.007553038104493481], [3.454634856352416, -0.010210865538872405], [3.2076797572195392, 0.2514848311079527]], "corridor_1": [[1.1029577911361617, -2.9723065716978176], [2.09685087859971, -2.0397472878552394], [2.416073905715253, -1.74029002479965], [2.4158894302747163, -1.7400934165321262], [3.2218560883273, -0.9838634971223301], [6.095381324754686, -1.0569169969743786], [6.08116207363668, -1.9637086821619607], [6.14034165297608, -1.9646366674020441], [6.185560366157936, -1.9657534603257458], [6.143963450137986, -3.6788504185727824], [3.4977574049314972, -3.623378782962952], [3.4976577480543254, -3.6281327915280928], [1.6787429558166578, -3.5846329278795155], [1.1029577911361617, -2.9723065716978176]], "balcony_2": [[4.565679789759023, -10.269754799439273], [4.58703958815001, -9.42327207631018], [5.363251649628858, -9.442858693601732], [5.370882618399926, -9.140445575874264], [5.748363818246202, -9.150042263047055], [5.7483112784584565, -9.152108891015644], [5.884527769169765, -9.155571916590606], [5.88935135979701, -8.965838236128466], [7.711329799080201, -9.011813293944119], [7.706327435892464, -9.208578909429363], [7.871302875100498, -9.21277307242853], [7.8714191645837, -9.208198880016473], [8.210264695993772, -9.216813334368549], [8.202575901799245, -9.519248456579284], [8.436959138349371, -9.52520717081627], [8.436071350802434, -9.649282259269409], [8.43725983946859, -9.64929076319595], [8.467936466896111, -9.735202272707678], [8.467390843525218, -9.736080068248992], [8.468494963202831, -9.736766371006317], [8.468668669257474, -9.737252843953861], [8.469055424237913, -9.73711474443136], [8.55311782734575, -9.789366561159053], [8.55600828955438, -9.784716403239837], [8.655293380540833, -9.785891050046576], [8.640503440900208, -10.373841515684525], [4.565679789759023, -10.269754799439273]], "kitchen_3": [[6.141270196348834, -1.9054214947633694], [6.200712285075979, 1.8853260882588225], [6.495138257829704, 2.182012602402118], [6.565397062527856, 2.1010296184545876], [6.573207589430504, 2.107805835599147], [6.615252722876752, 2.1037024204120627], [6.6219521213395796, 2.0970540666269972], [6.62737568750047, 2.1025192738009792], [6.777237522922819, 2.0878934353023952], [6.781306366890871, 2.086607798496564], [6.781578719881517, 2.087469754080094], [6.782709817624797, 2.087359364047348], [6.7832309115505725, 2.092698688158685], [6.8550495785133885, 2.319993790896384], [8.075165477683235, 2.1994731759918347], [8.11487992951192, 1.9806253005681116], [8.1124982209949, 1.9638113889910676], [8.118074500945328, 1.9630215029856393], [8.118849665641596, 1.958749930823097], [8.131729549233246, 1.9610872508243506], [8.317422477715965, 1.934783649351811], [8.312645641572791, 1.6715218290624057], [8.33749514384017, 1.6710709395242231], [8.337424808909201, 1.6688749505678717], [8.655293380540842, 1.6586939958875795], [8.589493823660517, -1.9676625713783604], [8.396956591493144, -1.9627677061851352], [8.397099686243973, -1.9568745966512027], [8.337930272169102, -1.9554378623575759], [8.337788816077389, -1.9612634865535163], [6.141270196348834, -1.9054214947633694]], "shaft_4": [[6.196429263068347, -3.9563633582385673], [6.202348793244611, -3.7125777580189996], [8.352407998904015, -3.7672386142632295], [8.352643239534606, -3.7579855341231814], [8.353365215013378, -3.758003064919214], [8.395519856265041, -2.0219371587450063], [8.588420037661963, -2.0268412511797953], [8.552322461386053, -4.016257122606101], [6.196429263068347, -3.9563633582385673]], "shaft_5": [[3.358753929412985, -0.8996463292486612], [3.367434673202025, -0.5195316315889063], [3.7358925934119576, -0.5279461675752173], [3.7253854134667304, -0.9080191546028482], [3.358753929412985, -0.8996463292486612]], "bathroom_6": [[6.203785528472716, -3.6534083054591244], [6.244728141573703, -1.9672576799573647], [8.336352080849274, -2.020432939113387], [8.295409467748291, -3.7065835646151486], [6.203785528472716, -3.6534083054591244]], "living_room_7": [[5.021415071815272, -8.737706896359196], [5.143362992443417, -3.715492946833526], [6.142565102966268, -3.736438925502082], [6.136262178138703, -3.9960139705601123], [6.140810304905112, -3.9961244068353254], [6.140352201440086, -4.014143692294802], [8.5512486753875, -4.075435802407532], [8.465078991187326, -8.824434352152291], [7.8306959600104795, -8.808306461543662], [7.827389229655281, -8.938375152913213], [5.778751205333285, -8.886680659948414], [5.782046941867363, -8.75704440538884], [5.021415071815272, -8.737706896359196]]}