{"corridor_0": [[1.9153602613089786, -2.1508517766996373], [5.381236807973792, -2.142937514294791], [5.390259927488179, -3.3533118220413924], [1.9178404704648178, -3.363643160318462], [1.9153602613089786, -2.1508517766996373]], "balcony_1": [[0.7854588527691424, 1.8688885518350964], [9.200798941343361, 1.8745985236275975], [9.207867917952651, 0.9263557526386932], [8.935593927203074, 0.9243259997610838], [8.9355892113796, 0.9263911905664708], [0.7874243497451532, 0.9077850128748564], [0.7854588527691424, 1.8688885518350964]], "balcony_2": [[-0.7030324327716513, -7.918756099957502], [-0.7030324327716513, -6.9574860864535815], [9.132316219086913, -6.957486139733284], [9.132316219153397, -6.945214193732952], [9.266540836638052, -6.944213573722074], [9.273143524128974, -7.926338088324686], [-0.7030324327716513, -7.918756099957502]], "bathroom_3": [[3.8034352368975255, 0.632671280494765], [5.360518644961605, 0.6362268504989381], [5.380550974654897, -2.0509388405252085], [3.8234675664978917, -2.054494410526753], [3.8034352368975255, 0.632671280494765]], "living_room_4": [[4.442093835529917, -3.51813357631488], [8.965892795129568, -3.5046741144245455], [8.989530619710047, -6.675486138959785], [4.465631322218345, -6.675486114453077], [4.442093835529917, -3.51813357631488]], "room_5": [[0.4011323440310308, -3.495145611095709], [0.5130555978050557, -3.494890036529846], [0.5130864892551159, -3.5084182652753055], [1.6511781344981982, -3.5058194548999877], [1.651239477230495, -3.5264370836573784], [4.320093151518915, -3.5184965596330415], [4.343627932228058, -6.675486113792166], [0.40763627358736443, -6.675486092470253], [0.4011323440310308, -3.495145611095709]], "room_6": [[5.462519742853907, 0.6364597680434851], [8.93496228714757, 0.644389023783912], [8.952793141231133, -1.7474675679003173], [8.461089555853333, -1.744313873090241], [8.46019164051261, -1.8843109936087892], [8.458696190311448, -2.1174718623286486], [8.45773413817941, -2.267468777148605], [8.956693512427503, -2.2706690091964483], [8.964685136155051, -3.342676990497029], [5.492260499366241, -3.353008344185228], [5.462519742853907, 0.6364597680434851]], "kitchen_7": [[0.7539506613006695, -0.5101447689424234], [0.7617433524030803, 0.6257256355983869], [3.7014341390052237, 0.632438362950217], [3.7214664686055907, -2.0547273280711122], [1.9151721178452656, -2.0588519664648435], [1.912065321707063, -0.5396673532621636], [1.8927093275315978, -0.5397069370806356], [1.8926358854609773, -0.507544603145508], [0.7539506613006695, -0.5101447689424234]]}