{"bathroom_0": [[3.3424385951811573, 0.4991257164378462], [3.733595507853085, 1.8230074766873479], [3.6879363516259858, 1.836498027823601], [3.688790866027933, 1.839272121251521], [3.430361477888047, 1.918877094836465], [3.6286838259981593, 2.590104755161735], [5.226359652094516, 2.1143610677187734], [4.87107737334696, 0.91189803220478], [4.87292894200403, 0.9113509638024144], [4.871309729674351, 0.9060943569249584], [5.3223077161202355, 0.7671717558372944], [5.089788936891601, -0.0197947038209296], [3.3424385951811573, 0.4991257164378462]], "room_1": [[4.197185944118356, -7.097563150458836], [5.311489935195706, -3.3261694172287637], [8.54869968072138, -4.2826422743611525], [7.431476924141947, -8.063914652926336], [4.197185944118356, -7.097563150458836]], "room_2": [[6.49835138081707, 0.6907970964612007], [7.334200051968885, 3.519750833998195], [10.570510445267423, 2.560234093526458], [9.733530140631405, -0.2725496899089634], [6.49835138081707, 0.6907970964612007]], "shaft_3": [[3.0376246377961547, 0.5896480250391827], [3.407193022510212, 1.840462794860648], [3.6217940223196265, 1.7743584440974036], [3.2528702354232664, 0.5257253340291044], [3.0376246377961547, 0.5896480250391827]], "room_4": [[0.0899776700606623, -5.870398708206438], [1.229782492959222, -2.012696680208716], [1.744729072842322, -2.16541826665777], [1.7445566193677777, -2.1712522482321943], [1.7470658409356226, -2.1713264212428993], [3.185528346263835, -2.596337603867295], [3.185679443691397, -2.595826210301472], [3.2032525738464557, -2.601018404607509], [3.5300893970831453, -1.4948298269717677], [5.5154078529640245, -2.0814162285599336], [4.0466184097129165, -7.052576114971241], [0.0899776700606623, -5.870398708206438]], "room_5": [[5.342255732269031, -3.222041696957403], [6.469597505987668, 0.5934787845768152], [9.704776265802003, -0.3698680017933489], [8.57946547779471, -4.1785145540897926], [5.342255732269031, -3.222041696957403]], "kitchen_6": [[3.657437700827561, 2.6874230670461197], [4.179693832140085, 4.455013882967655], [7.183538506826732, 3.564419687458165], [6.660232027802735, 1.793273939661236], [3.657437700827561, 2.6874230670461197]], "corridor_7": [[3.5608551941564706, -1.3907021067004077], [3.6404698680892125, -1.1212439653427637], [3.6370449380838963, -1.120232028259542], [3.641112353593634, -1.1064657441156385], [3.647269147911665, -1.095185481334469], [3.6448373975749533, -1.0938582262034178], [4.00691977187795, 0.1316199272393543], [5.132666681951008, -0.2026994394815134], [5.1791075176750425, -0.046320143150794], [5.155584384978173, -0.0393343466488085], [5.387906126020109, 0.7469652316301216], [5.398867862608643, 0.7435886468002906], [5.424926072037277, 0.8281839530405062], [4.97435971720051, 0.9669735970249205], [5.306333148516966, 2.090547171642818], [6.631478152973337, 1.6959556277768506], [5.54617365003735, -1.9772885082885718], [3.5608551941564706, -1.3907021067004077]]}