{"room_0": [[5.782609594330604, -2.7087410576990045], [7.881261789622417, 1.0773277243126351], [10.828825693932515, -0.5710797085570611], [8.52981983834773, -4.642496153104084], [6.160943732044234, -3.3161145051917416], [6.329560885034265, -3.011921108839818], [5.782609594330604, -2.7087410576990045]], "balcony_1": [[-1.2422380624772966, -5.855564298942667], [-0.8624294965169312, -5.170371508089012], [-0.7177723132809124, -5.2505562941144], [0.0441900057266853, -4.987353620997387], [0.0443912123401606, -4.987465151644448], [0.044515324766488, -4.987241246900334], [0.128333083918351, -4.958288295109995], [1.4437302971345751, -5.687424876651498], [1.3982532894504551, -5.769467570280497], [1.4295683839658384, -5.786825810617472], [1.5569777550348505, -6.49956673769155], [1.7076606182922376, -6.58465279795978], [1.3146002281145037, -7.293752512546032], [-1.2422380624772966, -5.855564298942667]], "room_2": [[2.287540200379903, -6.4748338084141785], [4.448869809042209, -2.647234635746667], [8.405512024668575, -4.862638644507294], [6.236136442311588, -8.704486806377394], [2.287540200379903, -6.4748338084141785]], "corridor_3": [[1.2917928443306916, -0.5897784333330769], [2.006955018942004, 0.7004082824294926], [3.4225936537044097, -0.0842930264055504], [3.424377065769945, -0.081075665871996], [3.469420113239649, -0.1060434347894699], [3.635277435334328, 0.1931710948307632], [3.9488295282080523, 0.0193663316489001], [3.796347796604879, -0.2557179939697072], [3.797956476871649, -0.2566097000024712], [3.785472592412904, -0.2791312237373376], [5.931452068291359, -1.4686670714486354], [5.930560362258591, -1.4702757517154126], [6.20081864707687, -1.6200823652202843], [5.6409051717068595, -2.6301930136077747], [5.636079130906537, -2.6275178955094756], [5.469108044236079, -2.928741709612545], [1.2917928443306916, -0.5897784333330769]], "room_4": [[-3.512281111602432, -3.247111451415833], [-1.372875550243224, 0.6124783491694501], [1.2878451905686727, -0.8773130128362432], [-0.8452297884363436, -4.725482140535881], [-3.512281111602432, -3.247111451415833]], "room_5": [[-0.7694812567503906, -4.767470237283661], [1.2537218183904209, -1.117515271117636], [1.9647584963051834, -1.5116493376006943], [2.072762866342356, -1.3168042962756275], [4.379111896299971, -2.608175769387312], [2.2179241428523477, -6.435523724054487], [2.064818821455689, -6.34906977486844], [1.952691800739073, -5.721819863570252], [1.9618658886626168, -5.705269370845119], [1.948398811728124, -5.697804448203719], [1.9479583135604344, -5.695340256835351], [1.944929922060636, -5.695881611262539], [1.557946582554468, -5.481373243412852], [1.4687759792777761, -5.64224127009037], [0.1015383116662054, -4.884369055446102], [0.1960591511395151, -4.713848947167907], [0.0286158442473621, -4.621033606552402], [0.0101433391069889, -4.654358887985133], [0.0057049769873441, -4.641509988489901], [-0.6118680750425352, -4.8548366505325955], [-0.7694812567503906, -4.767470237283661]], "kitchen_6": [[3.6986664768685173, 0.3075279529193224], [4.599713856855258, 1.9330604561776], [5.0141583547469555, 2.680738122283678], [7.739853269636056, 1.1564095908926149], [6.430065010705738, -1.2065109775114884], [6.159806725887459, -1.0567043640066167], [5.983248931399576, -1.3752230568281547], [3.9644957557438882, -0.256209898913184], [4.12232772354367, 0.0285265083060793], [4.1030235603423595, 0.03922698069929], [4.121749387030469, 0.0730092663015753], [3.6986664768685173, 0.3075279529193224]], "bathroom_7": [[2.0587518820502204, 0.7938522970499697], [3.556526821226834, 3.4959098139733342], [4.92893607228615, 2.728398172554037], [4.561149376413349, 2.0648934094460216], [4.316770535010978, 2.200354813218894], [4.31855394707651, 2.203572173752441], [4.291065823393825, 2.218809089517208], [3.3413988984968697, 0.5055646054013394], [3.2078784363545036, 0.5795762061210112], [3.195394551895764, 0.5570546823861555], [3.1905685110954414, 0.5597298004844546], [3.023819482967994, 0.2589065905974408], [2.0587518820502204, 0.7938522970499697]]}