{"corridor_0": [[-2.504274362288604, -0.3332466603874309], [-1.7232978248025512, 0.8666308802221252], [-1.5836147724390814, 0.775713946711658], [-1.5882151697989189, 0.7686459834566826], [-1.3462282063937971, 0.6111414595359435], [-1.3416278090339597, 0.6182094227909154], [1.3707938681400123, -1.1472521497002965], [1.3615930734203392, -1.1613880762102475], [1.9977097663679952, -1.5754238385955972], [1.2259340236016172, -2.761165452695206], [-2.504274362288604, -0.3332466603874309]], "balcony_1": [[-4.753868671249004, -3.7894806920696773], [-4.156908028156439, -2.872321681659077], [-1.2324474533332452, -4.7757951749454115], [-1.8294080964258104, -5.692954185356012], [-4.753868671249004, -3.7894806920696773]], "bathroom_2": [[-3.9303975438381418, -2.524315269429348], [-2.5697709390125993, -0.4338743586930747], [-1.2285341333035618, -1.306858843375874], [-2.589160738129104, -3.3972997541121437], [-3.9303975438381418, -2.524315269429348]], "living_room_3": [[-0.0924934963873003, -5.022331035820958], [2.1054054279286163, -1.6455208126794325], [5.187741406819477, -3.65175228105074], [2.9943497341867182, -7.031496185083821], [-0.0924934963873003, -5.022331035820958]], "kitchen_4": [[-2.4885330398234604, -3.462796330836138], [-1.127906434997918, -1.3723554200998684], [1.160437446877621, -2.8617931510008496], [-0.2001891579479214, -4.952234061737123], [-2.4885330398234604, -3.462796330836138]]}