{"bathroom_0": [[-4.648343433775537, -5.54945031540234], [-4.648343433775535, -3.4332248760676096], [-3.0150351863477263, -3.4332248760676096], [-3.0150351863477276, -5.549450315402341], [-4.648343433775537, -5.54945031540234]], "corridor_1": [[-4.728545041798941, -3.430844827127764], [-4.728545041798941, -5.635577662026774], [-4.648343433775535, -5.635577662026774], [-4.648343433775535, -5.632584483726626], [-3.6242649755621663, -5.632584483726626], [-3.6242649755621663, -6.207366302698654], [-3.6206463297250497, -6.207366302698654], [-3.6206463297250497, -6.237256560175315], [-3.015035186347728, -6.237256560175315], [-3.015035186347728, -6.897956496490617], [-3.6186447409482616, -6.897956496490617], [-3.6186447409482616, -6.977931433186428], [-3.3647032328363267, -6.977931433186428], [-3.3647032328363267, -8.210406124807683], [-3.4722053908584067, -8.210406124807683], [-3.4722053908584067, -8.216422655117956], [-5.882859661933767, -8.216422655117956], [-5.882859661933767, -4.583608275091158], [-5.8890905174335515, -4.583608275091158], [-5.8890905174335515, -3.430844827127764]], "room_2": [[-6.068633440788772, -7.243370507179249], [-6.068633440788772, -10.6808061540384], [-10.197439325753429, -10.6808061540384], [-10.197439325753429, -7.243370507179249]], "kitchen_3": [[-3.4722026925408565, -8.27609634103522], [-3.4722026925408565, -10.6808061540384], [-5.882859661933767, -10.6808061540384], [-5.882859661933767, -8.27609634103522]], "living_room_4": [[-3.293196295420075, -6.97793143318643], [-3.0150351863477267, -6.97793143318643], [-3.0150351863477267, -6.980107073161196], [-2.925485844986143, -6.980107073161196], [-2.925485844986143, -6.991072298634047], [1.3640888241648423, -6.991072298634047], [1.364088824164842, -10.680806154038407], [-3.2875012440899294, -10.680806154038407], [-3.2875012440899294, -8.210402900667827], [-3.293196295420075, -8.210402900667827]], "room_5": [[-6.068633440788771, -4.759746937579382], [-6.068633440788771, -7.140855940344822], [-10.203752286391019, -7.140855940344822], [-10.203752286391019, -4.759746937579382]]}