{"bathroom_0": [[-1.751664611244066, -5.3266646751372715], [-1.6504933074912422, -2.6723402027433782], [-1.6456587760251322, -2.672491923906116], [-1.6343621347078185, -2.312529167729915], [-1.6161722258852773, -2.313222487936189], [-1.6016122979550484, -1.9312290610656833], [-0.10366483966793183, -1.9883243027681612], [-0.23311400894206002, -5.384545219075058], [-1.751664611244066, -5.3266646751372715]], "room_1": [[-0.18937683908772573, -6.261490053066005], [-0.15881390406395823, -5.45964265780757], [-0.1325207137433928, -5.460644839858868], [-0.12977026527978897, -5.3884842330839895], [-0.1609534021671566, -5.387295667538663], [-0.03150423289302928, -1.9910747512317677], [4.211328141651883, -2.152793066909374], [4.184861082051741, -6.428216976623918], [-0.18937683908772573, -6.261490053066005]], "kitchen_2": [[-4.226720762020854, -5.072280545906034], [-4.139185226340645, -2.5942380672469305], [-1.743280835498978, -2.6694282697596474], [-1.8717653695762975, -6.040341072848303], [-3.0045670625746963, -5.997163599496416], [-3.0056070574268547, -6.024448844272882], [-3.799968994915266, -5.994171222338601], [-3.7717627711235524, -5.104964597476211], [-3.7726900696418473, -5.1049351829523015], [-3.772105882684425, -5.08960848773314], [-4.226720762020854, -5.072280545906034]], "corridor_3": [[-4.308796153011464, -7.395751850980568], [-4.244693095128697, -5.581059118354127], [-3.879081186233842, -5.594994654071465], [-3.893065707820522, -6.035859384218581], [-3.801383621612498, -6.038767600789364], [-3.8003494592737255, -6.0061654343453], [-3.006064113346609, -6.0364401369424066], [-3.0067232282656393, -6.053732637827596], [-1.8739215352672414, -6.096910111179483], [-1.8740701059604055, -6.1008080032904], [-1.781306355170643, -6.104343753989308], [-1.7544150597076698, -5.398825281912151], [-0.24075440397238257, -5.456519442355915], [-0.32027707412459705, -7.542871616188775], [-4.308796153011464, -7.395751850980568]], "balcony_4": [[-3.9262697416069803, -2.1805712868265337], [-3.916871753066019, -1.7017801542149886], [-3.896409770825855, -1.635371831538781], [-3.871597630878166, -1.5851847841522533], [-3.8347074271733215, -1.5390297135040072], [-3.788999805834678, -1.4931632653659923], [-3.738525743195106, -1.4597042002687912], [-3.6819566516057582, -1.442642249582665], [-3.6403501314461395, -1.4427488817363399], [-1.9980185309341145, -1.5253985959614047], [-2.025264800800331, -2.240230155946401], [-3.9262697416069803, -2.1805712868265337]], "living_room_5": [[-0.23833273855863357, -7.545894199551216], [-0.20029867567445514, -6.54803472594171], [4.183085066039455, -6.715110248399657], [4.14656058872902, -12.615184753920072], [3.234183590738404, -12.580408911192169], [3.2337452335088255, -12.591909626107999], [0.026197789906692748, -12.446112641198084], [0.16996089423888172, -7.813004870943884], [0.17404634788740836, -7.813155566219415], [0.18333080056802142, -7.561447601615043], [0.1777729564639161, -7.561242596021867], [0.17784759899461466, -7.558837063040588], [-0.0074202058272634375, -7.553088292220922], [-0.007461220358542242, -7.554410082985408], [-0.23833273855863357, -7.545894199551216]], "balcony_6": [[-0.16387763890849705, -14.291178165824636], [-0.14918567977474417, -13.74314289929984], [0.12461161361186779, -13.761780726555461], [0.1606195992890571, -13.232808712623612], [0.16210613584103317, -13.232865372931197], [0.17221997690856838, -12.967519223779524], [3.0271118270689463, -13.097286477831373], [2.999020259534957, -13.834295218526776], [3.170527512415596, -13.840832329026064], [3.169636088256601, -13.864219681691605], [3.2498360953828946, -13.867276557128779], [3.2404862522535574, -14.408497133705776], [3.23389601700765, -14.428866394762622], [3.2136372988065105, -14.47388825978696], [3.191303069198595, -14.511358634351772], [3.158088445909735, -14.547860813006132], [3.1115024070674746, -14.578559087915483], [3.0694659512911944, -14.592139775156696], [-0.04061843451928837, -14.470705542159902], [-0.07042272897541046, -14.458683932571073], [-0.0860051443220593, -14.447401542826043], [-0.1113306250859063, -14.415979087127894], [-0.10937090345473699, -14.414852086763982], [-0.14944755958031752, -14.34516347580221], [-0.16387763890849705, -14.291178165824636]], "shaft_7": [[3.277259395741437, -13.448639978973961], [3.290195664404145, -13.109244782715844], [3.296428182370539, -13.10952807777036], [3.3170506026482105, -12.655832883158482], [4.211328141651878, -12.689918853234424], [4.2092746474588285, -13.48416434651623], [3.277259395741437, -13.448639978973961]]}