{"storeroom_0": [[-3.2948817811984767, -7.034419456868328], [-1.990811100319549, -6.384200306849841], [-1.2590078037680268, -7.846836954033005], [-1.2522273181062342, -7.843444462966222], [-1.2395962615625287, -7.868777138121516], [0.8492323215651467, -6.827271976039208], [0.897024883395245, -6.922793754534705], [-2.5143635813859584, -8.594421342920016], [-3.2948817811984767, -7.034419456868328]], "room_1": [[1.623755050043826, 3.4428792524934124], [5.332264271967933, 5.29836351040694], [5.430515043797321, 5.101992190178034], [5.857016574073604, 5.315384372331778], [5.855904720365139, 5.317606606076797], [6.336917500016458, 5.558272487456261], [7.736178655745043, 2.7616047831800508], [7.131687294289367, 2.4591586685540285], [7.128117562063377, 2.4662934016154487], [6.844368270815583, 2.3243246719728496], [6.847938003041566, 2.3171899389114365], [5.208142885424291, 1.4967486659182683], [5.161976224275055, 1.5890207980515392], [5.164127698335616, 1.590097248455674], [5.0591742132117705, 1.7998651113706323], [4.294662164944384, 1.417355594565553], [4.399615650068231, 1.207587731650598], [4.40744817147257, 1.2115065894168389], [4.45361483262181, 1.1192344572835715], [3.120155123893337, 0.4520624617333162], [1.623755050043826, 3.4428792524934124]], "room_2": [[-1.340602655036017, -2.0282894804389713], [-0.6685749818869731, -1.6920528166500244], [-0.6691040901037031, -1.6909953015065948], [-0.0622893516866014, -1.3873867280273942], [-0.0664329673370112, -1.3791049887530704], [3.021069427978663, 0.1656699458515725], [4.701442733211586, -3.1928494660774938], [3.743814623981791, -3.6703298238120396], [3.7823970252104218, -3.7477101627927247], [3.7871470152482267, -3.745341783125685], [4.601555268736998, -5.373078858012256], [2.1459073994922697, -6.598530789445025], [1.3108403207553447, -4.929503445659591], [1.3073423095911973, -4.931253611092835], [1.3039241890307007, -4.924398275001106], [0.3471079745692336, -5.401473816084298], [-1.340602655036017, -2.0282894804389713]], "shaft_3": [[4.604907662141397, 1.3103018072757173], [4.964516733606226, 1.4902255801926643], [5.010683394755468, 1.3979534480593934], [4.651074323290636, 1.2180296751424464], [4.604907662141397, 1.3103018072757173]], "shaft_4": [[2.6076769355214395, 4.543471917522314], [3.021533467951672, 4.7505374079946705], [3.124247442639774, 4.545245597661754], [2.71039091020954, 4.338180107189398], [2.6076769355214395, 4.543471917522314]], "storeroom_5": [[3.859562334593292, -3.709234976889441], [4.740131920290114, -3.2701765608547966], [5.41673521819034, -4.622486373856823], [5.317532306398258, -4.671949669006846], [5.454811493165728, -4.947274938269151], [4.673958214845705, -5.336947321703013], [3.859562334593292, -3.709234976889441]], "shaft_6": [[-4.475190229144516, 0.1690377737767115], [-4.315694219858654, 0.2488386632231716], [-4.22561966897502, 0.0688089479680052], [-4.3851156782608856, -0.0109919414784549], [-4.475190229144516, 0.1690377737767115]], "storeroom_7": [[5.688885846852262, 1.5004627350831825], [6.942702400924656, 2.1277867456692086], [7.837852604111578, 0.3386727882924525], [6.5831703349426185, -0.2869209395355874], [5.688885846852262, 1.5004627350831825]], "corridor_8": [[-0.8310322183025427, 3.6055820450802756], [0.9177335057800207, 4.480544753176343], [1.7273934701930465, 2.8622979629691976], [-0.0213722538895169, 1.9873352548731305], [-0.8310322183025427, 3.6055820450802756]], "room_9": [[-8.022703256643881, -1.6058950046978406], [-4.890553092826642, -0.0387813817825702], [-4.800478541943016, -0.2188110970377402], [-4.808190198156872, -0.2226694821329289], [-4.694278188273821, -0.4503425207682632], [-4.071843253283967, -0.1389186697443989], [-2.949991196721344, -2.381135858951559], [-3.550707879237317, -2.681693382520592], [-3.5438290462822204, -2.6954419310955835], [-3.549641342553344, -2.6983500064401564], [-3.4499278165702227, -2.8976448962145334], [-4.981291787938155, -3.6638346430840105], [-5.044219849317692, -3.5380619263667974], [-5.752618849549522, -3.892496313500363], [-5.746755086206598, -3.9042160682434535], [-6.6473365784129745, -4.354805424170744], [-8.022703256643881, -1.6058950046978406]], "bathroom_10": [[3.190022589667585, 0.2502025472497884], [5.609181161454753, 1.4605839643462168], [6.534336709288851, -0.3885009126740258], [6.553561882551232, -0.3788819514663437], [6.554864101927091, -0.3814936649295326], [7.870071246350115, 0.274278207012717], [8.195431141898649, -0.3760103459296928], [6.864964951757575, -1.0393904893271362], [6.872851815183839, -1.0552082753120544], [6.861749506071398, -1.0607631111104503], [7.186363471215682, -1.7095607919146012], [4.77269056367744, -2.9130357027257183], [3.190022589667585, 0.2502025472497884]], "bathroom_11": [[-6.177258960313397, 4.710541887174653], [-5.154389295459848, 5.222315877060634], [-3.6841449685187024, 2.283775912795985], [-4.478225789375769, 1.8864722054461964], [-5.660500804981916, 4.249455227008529], [-5.688496698061106, 4.235447997745737], [-5.692417340604176, 4.243284086338161], [-5.884375072147875, 4.147241572284678], [-6.0025004361426415, 4.383335734684277], [-6.01133565551624, 4.378915195464366], [-6.177258960313397, 4.710541887174653]], "kitchen_12": [[-0.0888294598637849, 6.86577838043242], [3.6196797620603203, 8.721262638345944], [5.246849431315809, 5.469079981267107], [3.322307500362278, 4.506170886834266], [3.0827948629851996, 4.984878707012207], [3.078666688283427, 4.982813250864016], [3.0747603658609233, 4.990620718195455], [2.3698704259608157, 4.637942024742539], [2.4552852666129397, 4.4672255538823755], [2.464907022258288, 4.472039622033506], [2.5676209969463866, 4.266747811700586], [2.5608857679946517, 4.263377963994802], [2.6161759124540076, 4.152870957678498], [1.5383402093917002, 3.6135957233535763], [-0.0888294598637849, 6.86577838043242]], "shaft_13": [[-4.7632644278679255, 0.0249051563674385], [-4.5904656441199405, 0.1113618439052466], [-4.500391093236307, -0.0686678713499163], [-4.6731898769843, -0.1551245588877279], [-4.7632644278679255, 0.0249051563674385]], "storeroom_14": [[-2.343571864090645, 6.628656588023876], [-0.6996985999937344, 7.451138286466094], [-0.5397618475718602, 7.1314767648167], [-0.5459114489104699, 7.1283999250966374], [-0.3493076531140371, 6.735452915890409], [-0.238265591789764, 6.791010765264328], [0.8614524916556441, 4.593032185505297], [-0.8873132324269211, 3.71806947740923], [-2.343571864090645, 6.628656588023876]], "corridor_15": [[-4.75908914041139, 1.6081040293696667], [-3.6289856912447176, 2.173530467396592], [-2.8321896852587223, 0.5809945439098918], [-3.9622931344253933, 0.0155681058829664], [-4.75908914041139, 1.6081040293696667]], "shaft_16": [[-0.7924336048280232, -1.438514066124199], [-0.6189141854475899, -1.3516968218257936], [-0.5539693522713236, -1.4815004090690156], [-0.7274887716517568, -1.5683176533674228], [-0.7924336048280232, -1.438514066124199]], "room_17": [[-4.902186849114731, -3.821939673549908], [-3.14331585859716, -2.941920981588053], [-3.144036257757528, -2.9404811380979794], [-2.3766456588350806, -2.5565313915114842], [-2.3805979835418505, -2.5486319805838136], [-1.5095558167249372, -2.1128220818371855], [0.812886402633298, -6.754628311743382], [-1.2029326698163896, -7.759730399458348], [-1.9110513817122747, -6.344431529590331], [-1.8978220056252653, -6.337835266212355], [-1.9311338682282777, -6.27102544779218], [-3.3282858421988557, -6.967655609241335], [-4.902186849114731, -3.821939673549908]], "balcony_18": [[1.8670689633543542, -7.1688353124419315], [5.0676582095036515, -5.571632259618678], [5.42512444834083, -6.3210758145428905], [2.2287501982499975, -7.927115790372696], [1.8670689633543542, -7.1688353124419315]], "shaft_19": [[-3.253515342787698, -2.6848879206228773], [-3.0606995688268492, -2.588416100855868], [-2.9938305889680645, -2.7220654311637578], [-3.186646362928908, -2.818537250930767], [-3.253515342787698, -2.6848879206228773]],