{"shaft_0": [[2.8759681308120277, -2.478440953919829], [3.723971578022208, -1.619036956435548], [3.7242978963652207, -2.473218069238717], [2.8759681308120277, -2.478440953919829]], "room_1": [[-2.0697787134022505, -4.930139093069665], [-1.7171350064846, -4.927967982860478], [-1.7171174422403355, -4.930820864386439], [-1.5325330624822087, -4.929684439650966], [-1.5379252854713945, -4.053849811180433], [-1.3439293417059368, -4.052655442570453], [-1.343934131954372, -4.05187738397246], [-1.3410812504284086, -4.051859819728193], [-1.3424725514740836, -3.8258770224898186], [0.4563255862721376, -3.814802419641338], [0.4825996532561807, -8.082381438819699], [-2.0502753964572404, -8.097975509467087], [-2.0697787134022505, -4.930139093069665]], "living_room_2": [[0.6409099660302617, -3.8136659949058678], [1.144634982478021, -3.8105647272400063], [1.1434985577425496, -3.625980347481881], [1.0400296474919482, -3.6266173712057457], [1.0337837671380896, -2.612127000506248], [3.724344634819475, -2.5955621106367426], [3.7264331062152505, -8.06241023335517], [0.6671840330143044, -8.081245014084228], [0.6409099660302617, -3.8136659949058678]], "kitchen_3": [[0.5180408279204256, 2.175730978226893], [3.4151669720623015, 2.193567621914175], [3.724288635618476, 1.8779593380989308], [3.726433106215248, 1.529642584107238], [3.722768704980259, 1.529641184215202], [3.7239115540523975, -1.4619163335035816], [2.7199238221547835, -2.4794016669141787], [1.1888023005040682, -2.4888282737185916], [1.1824531636839262, -1.4575664176846386], [1.7772357363694726, -1.4539045388804137], [1.7764825315088637, -1.3315648469614698], [1.7746794115833642, -1.3315759481721319], [1.770531056437997, -0.6577772023129527], [1.2039685456001803, -0.6612653395667691], [1.1972968653853648, 0.4223857953984953], [1.1978526215267835, 0.4223892170045227], [1.1965118128580507, 0.6401707636102119], [0.5275201201195197, 0.6360520038947413], [0.5180408279204256, 2.175730978226893]], "bathroom_4": [[-1.3637377568871363, -0.37186495369295747], [-1.339914343624867, -0.37171828084799774], [-1.3403973460729657, -0.2932663565617175], [-1.3370796925570465, -0.29016190069546033], [-1.3404385587545122, -0.28657236528906305], [-1.344707025202686, 0.4067355215090491], [1.0184182486791657, 0.42128449915155564], [1.0254612825221394, -0.7226839423500375], [1.0300061327453176, -0.7226559612163168], [1.030367226234545, -0.781306759340977], [1.6665598065242153, -0.7773899328700038], [1.6699757145521943, -1.3322205740681967], [-1.3577104031047749, -1.350861032160357], [-1.3637377568871363, -0.37186495369295747]], "balcony_5": [[0.7445757850922292, -8.655441410878296], [3.0391454513956435, -8.641314507347962], [3.044371687304992, -9.490188597893464], [0.7498020210015772, -9.504315501423797], [0.7445757850922292, -8.655441410878296]], "corridor_6": [[-1.3569571982441664, -1.4732007240793012], [1.0144673673495834, -1.4586006504534788], [1.0210076532138728, -2.5209099895755678], [1.026540514355133, -2.520875925586691], [1.0271025701715941, -2.612168134417499], [1.027219194600033, -2.612167416399618], [1.0334650749538912, -3.6266577870991146], [-1.343608976209555, -3.641292642731693], [-1.3569571982441664, -1.4732007240793012]]}