{"room_0": [[-8.622186664164065, -2.748405212122117], [-7.303862801674036, 1.4327838979826488], [-4.062292704028831, 0.4107207721287862], [-4.067156532987735, 0.3952946774831458], [-3.8473004264865445, 0.3259743133756725], [-5.259427579585058, -4.152720825667526], [-8.420901097098827, -3.155912054522454], [-8.32223397753144, -2.842979930938381], [-8.622186664164065, -2.748405212122117]], "bathroom_1": [[-10.823067229180907, 2.689820988275609], [-10.269530691453966, 4.445414594248509], [-8.241567935717661, 3.806000393473166], [-8.651216860154804, 2.506759993934647], [-8.788017802342182, 2.549893165323831], [-8.78691421151434, 2.553393308257344], [-8.808800891133291, 2.560294151833782], [-8.809904481961134, 2.556794008900269], [-8.81211721022752, 2.55749167944278], [-8.819611719592906, 2.533722132493267], [-8.817398991326517, 2.533024461950756], [-8.953792095250932, 2.1004408024658883], [-9.549437587810516, 2.28824710487115], [-9.478913160034814, 2.5119220134442095], [-9.47196010860548, 2.509729724749527], [-9.464465599240096, 2.5334992716990383], [-10.082693045498953, 2.728425636756203], [-10.084484587059201, 2.7227435928554957], [-10.094577790216086, 2.725925967586771], [-10.170805185796922, 2.4841635559649076], [-10.823067229180907, 2.689820988275609]], "balcony_2": [[-13.289777691243518, 0.1852319500849191], [-12.452462801114546, 2.8008453787327667], [-11.321019663548736, 2.5639055824226347], [-12.210368659078462, -0.2567490692863839], [-13.289777691243518, 0.1852319500849191]], "room_3": [[-6.442349401783741, 3.3692615553930088], [-5.053873147966268, 7.772945625205246], [-1.7877873537788034, 6.743152729923084], [-2.822727867849288, 3.4607407747420273], [-2.8059278840760413, 3.455443760205136], [-2.807329019387982, 3.4509999267323774], [-2.199894257933426, 3.2594764821227624], [-2.6215155825235925, 1.9222644804870956], [-3.1007527601436102, 2.0733673821764693], [-3.068706983677089, 2.175003600255386], [-3.0645678505371734, 2.1736985365893613], [-3.0271269068485758, 2.2924460389876895], [-3.031266039988491, 2.2937511026537143], [-3.03038662685287, 2.2965402447837784], [-3.4179540623159532, 2.4187397877942223], [-3.4188334754515743, 2.415950645664158], [-6.442349401783741, 3.3692615553930088]], "corridor_4": [[-8.645987722104614, 2.003390456401198], [-8.092451184377673, 3.7589840623740978], [-7.16863578515477, 3.4677061858513625], [-7.235348834823537, 3.2561194242721], [-6.793061559152022, 3.1166667819162868], [-6.726348509483255, 3.328253543495549], [-3.571741486100283, 2.333609769633761], [-3.6460360622610466, 2.0979774780385076], [-3.5398159868485095, 2.064486416906301], [-3.5452356332521404, 2.047297494541903], [-2.7641321112677453, 1.801016500071115], [-2.8287124609289727, 1.5961937987507655], [-2.691732174169207, 1.553004080235116], [-2.720094730525908, 1.463049543912473], [-2.690873545663443, 1.4538361397157287], [-3.0004718590404202, 0.4719157381888879], [-3.9487286441773968, 0.770899954088855], [-4.020009739945042, 0.5448252012454402], [-7.255485940545501, 1.5649669287415415], [-7.183315951087348, 1.793860892193634], [-7.592807542224303, 1.9229730949352444], [-7.664977531682457, 1.6940791314831518], [-8.645987722104614, 2.003390456401198]], "kitchen_5": [[-2.626424751574472, 3.541215490226022], [-1.6850528301293366, 6.526865783372079], [-1.500802852474525, 6.468771988566537], [-1.448063968750013, 6.636038358069639], [0.3270996986361094, 6.07633140368082], [-0.3716434376396052, 3.8602013044817944], [-0.9655815877492913, 4.047469283880402], [-0.9822325076648397, 3.9946593128216756], [-0.9706347827072683, 3.9910025641888014], [-1.0435487213857542, 3.759749095256285], [-1.034917704487853, 3.7570277460815813], [-1.0350783540343258, 3.7565182308149865], [-0.9958352767213086, 3.7441449360663093], [-1.0321971390871454, 3.628819842382586], [-1.0273396074093668, 3.627288268527641], [-1.1949603779489095, 3.095663103916312], [-2.1535479779841893, 3.397904613241848], [-2.1552075058322373, 3.392641263344605], [-2.626424751574472, 3.541215490226022]], "balcony_6": [[-10.041260117316, -4.2970232768515135], [-9.806718319655761, -3.152051372806235], [-6.98485457714618, -4.041781593201023], [-7.422003680323137, -5.122871659198845], [-10.041260117316, -4.2970232768515135]], "room_7": [[-12.28234117532211, -1.9384046745298837], [-10.865350193264696, 2.555716559158955], [-7.4470572550950145, 1.4779329357204718], [-8.864048237152431, -3.016188297968367], [-12.28234117532211, -1.9384046745298837]], "room_8": [[-10.154282443522138, 4.81093533837055], [-8.843613493947895, 8.967846166459074], [-5.19300974965169, 7.816815227205398], [-6.581486003469163, 3.4131311573931598], [-9.935051441804646, 4.470506278526756], [-9.857244137561416, 4.717279520250469], [-10.154282443522138, 4.81093533837055]]}