{"room_0": [[-10.401928970355183, -2.2021954448605108], [-10.292080105596437, -2.1616876248939896], [-10.324083269145552, -2.0749016367202593], [-10.320533670990777, -2.0735926884364204], [-10.35901155798111, -1.9692485838241325], [-10.348268492478548, -1.9505147617070264], [-10.376804196727743, -1.9341507256873314], [-10.334628693912087, -1.8606048306856202], [-10.3486241118326, -1.8525790423272248], [-10.30737842191119, -1.7806545606324455], [-10.309481095477448, -1.7794487650552497], [-10.267227784560395, -1.705767187819223], [-10.265401571422071, -1.706814444873551], [-10.227219196460656, -1.6402317901959726], [-10.223327777532331, -1.6424633566207838], [-10.148397202494206, -1.5117989700393437], [-10.147414556634136, -1.5123624764490131], [-10.082300973477368, -1.3988170192445395], [-10.07862356868327, -1.400925857490975], [-10.011726359401848, -1.2842701023427026], [-10.011469175175371, -1.2844175867681464], [-9.937131498710722, -1.154787100278476], [-9.947841555833609, -1.1486453292886516], [-8.80822483967662, 0.8386251417952728], [-6.947431443314443, 0.0077695470864931], [-6.9426288916059935, -0.0074276087905858], [-6.944078403063799, -0.0106739507130769], [-6.941196323109764, -0.0119608169814605], [-6.579592757846565, -1.1562162213219374], [-7.912341002631912, -4.872026841621587], [-8.72834701869616, -4.57935030431296], [-8.729075126275774, -4.581380327528251], [-8.911357630623154, -4.516001137750155], [-8.912780968483, -4.519969519593147], [-9.101941826964584, -4.4521232734076825], [-9.102217486663836, -4.452891835093716], [-9.276134317809515, -4.3905131578323555], [-9.275243610555005, -4.388029793484421], [-9.477569071575573, -4.315461804799138], [-9.57419530887841, -4.041672518347024], [-9.732962183177321, -4.097704826515951], [-10.401928970355183, -2.2021954448605108]], "corridor_1": [[-6.8920973437894935, 0.0010868021333437], [-6.887192472349949, 0.0120718065587013], [-5.494616029170355, 0.7590326848716522], [-5.499005596426134, 0.7672162566404381], [-5.135914166855697, 1.5828447822237308], [-4.911687973884892, 1.563684046172904], [-4.916902592138112, 1.5497634167330272], [-2.8209943092381327, 0.7646436320074024], [-3.3907435994322066, -0.8238637786718819], [-4.8009393683146095, -0.3180694506417332], [-4.922902593455294, -0.6581128527148294], [-5.34363328533048, -0.5072095510070689], [-5.344746657016384, -0.5103137219193243], [-6.535741407698188, -1.1265630467958125], [-6.8920973437894935, 0.0010868021333437]], "room_2": [[-7.859693878362948, -4.8909097637164685], [-6.529987255513628, -1.18357943302669], [-5.338877507811779, -0.5672706059265984], [-4.941447213639591, -0.709816763712162], [-4.9426962840196165, -0.7132992736323658], [-3.448948172714121, -1.2490612854577385], [-4.801622685847917, -5.020427964331695], [-5.177876048192969, -4.885477327848644], [-5.170324638260652, -4.864423382113188], [-5.213398749707099, -4.84897400853308], [-5.526364168240909, -5.72154707739632], [-5.853772864671777, -5.6041155368565825], [-5.871763132050547, -5.654273867096087], [-5.982041884240838, -5.8177381094184035], [-7.301057779624556, -5.34464722857183], [-7.266071177735735, -5.100977755737308], [-7.279304936263671, -5.099077623415749], [-7.859693878362948, -4.8909097637164685]], "shaft_3": [[-7.784531163060966, 2.624896116468152], [-7.581893957646516, 2.978256091759736], [-6.9925491245031015, 2.6394191610424027], [-7.194809914745483, 2.2867155807876074], [-7.784531163060966, 2.624896116468152]], "kitchen_4": [[-7.552326179772295, 3.0298165603207377], [-7.502137393822382, 3.117336066558021], [-7.519166365107071, 3.127101471226066], [-7.270701731826744, 3.5603755903454903], [-7.275724273300097, 3.563255808365085], [-7.266249666772886, 3.579777684106043], [-7.343547273794458, 3.624104637262386], [-7.43278678116787, 3.7099940181848687], [-6.728074199593479, 4.938876048528121], [-6.518397766767796, 4.85989103053957], [-6.515294135238847, 4.868130040979375], [-6.493868554238018, 4.85584336404375], [-6.332074429518003, 5.137980930027524], [-3.5761729395765034, 3.548802120853601], [-3.5760922829508868, 3.548941992914177], [-3.134555807743551, 3.2849385421963326], [-3.5192255254316382, 2.641591984395003], [-3.5115798424115017, 2.6370204782709337], [-3.995820029059159, 1.2667626230478213], [-4.892616825829793, 1.602699511969785], [-4.891551713747433, 1.6151638571119307], [-5.126754763915181, 1.635262595367731], [-7.552326179772295, 3.0298165603207377]], "room_5": [[-8.94456534605199, 1.102266977108954], [-8.295721565268884, 2.2337246572357614], [-8.055018924235302, 2.143052080562663], [-8.04385782967794, 2.1726807184083476], [-7.80724909151469, 2.585280456448242], [-7.217527843199204, 2.247099920767699], [-7.218350531705146, 2.2456653116122016], [-7.1843721994379335, 2.226180155463462], [-6.958592480380625, 2.619896184976673], [-5.186208194325762, 1.6008845337922857], [-5.546428320501352, 0.7917059455077329], [-6.851692292349448, 0.0915784030542746], [-6.706354428704754, 0.4170786929165935], [-6.745316468187596, 0.4344754810548501], [-6.749319153298666, 0.4255110231275872], [-7.516229639556688, 0.7506146190668694], [-7.5134457207230065, 0.7568495145345224], [-7.559809783469077, 0.777551351181895], [-7.719765398949511, 0.4193129823334907], [-8.777776386234624, 0.8917213376983177], [-8.75777010409628, 0.9266084125946641], [-8.768372204655053, 0.9326882749983767], [-8.94456534605199, 1.102266977108954]], "shaft_6": [[-7.864842553585435, 3.325332345432388], [-7.673366554455529, 3.659229342201023], [-7.3611993864439125, 3.480214493403219], [-7.552675385573819, 3.1463174966345857], [-7.864842553585435, 3.325332345432388]], "bathroom_7": [[-3.94266046414008, 1.2468492391913344], [-3.4548496264789037, 2.6272109906511645], [-3.4605012534432174, 2.629208238749861], [-3.0858424673521014, 3.2558118659612703], [-2.0835299423020626, 2.6565092484670565], [-2.0800031207198035, 2.6624077333765648], [-1.8150909323359272, 2.5104916441532765], [-1.8132275951641112, 2.513740942699645], [-1.6441518048295318, 2.416783029941225], [-2.277507652190458, 1.3123333010945686], [-2.262053913930764, 1.3034712268554909], [-2.7531593161921535, 1.081027158211434], [-2.7276873746351633, 1.0247909628344303], [-2.8013800900320227, 0.8193296721654839], [-3.94266046414008, 1.2468492391913344]], "shaft_8": [[-2.1958720916225705, 1.333447997130719], [-1.5918306754800131, 2.386779044835764], [-1.5653888218385195, 2.3716157447945854], [-1.5577023502664264, 2.385019460066122], [-1.3241256375472332, 1.8693357371505677], [-1.3230851466219953, 1.8698070230165573], [-1.2700791304502346, 1.7527819161976375], [-2.1958720916225705, 1.333447997130719]], "shaft_9": [[-7.673401336203444, 0.3986111456861181], [-7.531036443790316, 0.717453136235644], [-6.764125957532293, 0.3923495402963617], [-6.912941280084805, 0.0590610949314545], [-7.673401336203444, 0.3986111456861181]]}