{"bathroom_0": [[-4.648343433775537, -5.54945031540234], [-4.648343433775535, -3.4332248760676096], [-3.0150351863477263, -3.4332248760676096], [-3.0150351863477276, -5.549450315402341], [-4.648343433775537, -5.54945031540234]], "corridor_1": [[-5.890974754188709, -3.430844827127764], [-4.728545041798941, -3.430844827127763], [-4.72854504179894, -5.635577662026774], [-4.648343433775535, -5.635577662026774], [-4.648343433775537, -5.632584483726626], [-3.6242649755621663, -5.632584483726627], [-3.6242649755621654, -6.207366302698654], [-3.6206463297250497, -6.207366302698652], [-3.6206463297250506, -6.237256560175315], [-3.015035186347728, -6.237256560175315], [-3.015035186347727, -6.897956496490617], [-3.6186447409482616, -6.8979564964906155], [-3.6186447409482616, -6.977931433186428], [-3.3647032328363267, -6.97793143318643], [-3.366088814277161, -8.210406124807683], [-3.4722053908584067, -8.210410483983832], [-3.4722051438836763, -8.216422655117956], [-5.882859661933767, -8.216422655117956], [-5.882859661933766, -4.583608275091158], [-5.8890905174335515, -4.583608275091155], [-5.890974754188709, -3.430844827127764]], "room_2": [[-10.203569467315571, -7.243370507179249], [-6.068633440788772, -7.243370507179251], [-6.068633440788773, -10.6808061540384], [-10.197439325753429, -10.6808061540384], [-10.203569467315571, -7.243370507179249]], "kitchen_3": [[-5.882859661933768, -8.27609634103522], [-3.4722026925408565, -8.276096341035224], [-3.472103909165134, -10.6808061540384], [-5.882859661933767, -10.680806154038404], [-5.882859661933768, -8.27609634103522]], "living_room_4": [[-3.293196295420075, -8.210403130446764], [-3.291810717345583, -6.97793143318643], [-3.0150351863477267, -6.97793143318643], [-3.015035186347728, -6.980107073161196], [-2.925485844986143, -6.980107073161199], [-2.9254858449861447, -6.991072298634047], [1.364088824164842, -6.9910722986340526], [1.3677334210891479, -10.680806154038407], [-3.2875012440899294, -10.680806154038404], [-3.28760272609472, -8.210402900667827], [-3.293196295420075, -8.210403130446764]], "room_5": [[-10.20799863068991, -4.759746937579382], [-6.068633440788771, -4.759746937579382], [-6.068633440788772, -7.140855940344822], [-10.203752286391019, -7.140855940344822], [-10.20799863068991, -4.759746937579382]]}