{"living_dining_0": [[2.7811779079709016, 5.508434326030156], [3.7115123141742288, 6.197604747446847], [4.224876606881594, 5.5045969665265355], [4.223186769291178, 5.503345173540544], [4.303866116730251, 5.39443340010966], [7.180429935930871, 7.525325997751834], [11.1884629505455, 2.1147469902696017], [8.5736270166744, 0.1674678914153791], [5.972135946186395, 3.679308468279551], [7.177442081459233, 4.572171649135145], [7.041892474800953, 4.755154636945754], [5.695091328675844, 3.757475192596935], [5.388750168341041, 4.171015461649491], [5.2606017553634885, 4.0760860521954925], [5.5669429156982915, 3.662545783142937], [4.651125384738734, 2.984129130438543], [2.7811779079709016, 5.508434326030156]], "kitchen_1": [[0.1304241531093737, 5.5678793578215355], [1.6865181299158998, 6.720598137874211], [1.8374682102347304, 6.553059886677123], [1.851171958201677, 6.5654068094932505], [3.477461241720917, 4.370024030604499], [1.8892822778561218, 3.193537426955647], [0.1304241531093737, 5.5678793578215355]], "room_2": [[1.9565430450239791, 8.925414005192334], [4.659840442558856, 10.927954805845667], [7.099750588491801, 7.634237771182718], [4.398143028547334, 5.632948763515372], [3.0262822319850144, 7.484869942807759], [3.0245923943946025, 7.483618149821771], [1.9565430450239791, 8.925414005192334]], "bathroom_3": [[2.010951687887749, 3.0684622720877277], [3.5803951640855374, 4.231070055556626], [4.556194069977366, 2.9138061865986735], [2.986750593779579, 1.7511984031297754], [2.010951687887749, 3.0684622720877277]], "corridor_4": [[1.9507414574341109, 6.629468511611693], [2.839057654934315, 7.2875128063302625], [2.838580063232836, 7.28815752348323], [2.8805982719359555, 7.319283650181351], [3.6241215465090697, 6.315576493501022], [2.6937871403057425, 5.626406072084332], [1.9507414574341109, 6.629468511611693]]}