{"corridor_0": [[-5.314959064963363, 0.3013345397376455], [-4.467489344063452, 1.898509051178749], [-4.427749204633759, 1.8757693545783205], [-4.4233027723068785, 1.8835399877463797], [-1.0492471373102283, 0.7030621506053905], [-1.0434061834550388, 0.6909200310552226], [0.1533015821058452, 1.2665950446233012], [1.6379556520724226, -1.902362908563667], [0.6126180352627344, -1.539271815336992], [0.5302799161828862, -1.7717874907827103], [-1.8942003882876755, -0.911900743983697], [-1.8112160257857681, -0.6775601334111947], [-3.2436488552748237, -0.1703090645864229], [-3.326385400636749, -0.4039498611440564], [-5.314959064963363, 0.3013345397376455]], "shaft_1": [[1.5022624436751197, -3.1134964176233098], [1.8046204961814727, -2.2928248193704874], [2.1788576545948946, -2.4253491476957905], [1.8886428459207423, -3.2448904855029], [1.5022624436751197, -3.1134964176233098]], "bathroom_2": [[-3.4238066627741315, 1.5986129211514282], [-2.657302657371295, 2.917964702998905], [-2.697703997240895, 2.9414366755688945], [-2.6985521270875275, 2.939976824587678], [-2.7575555812310144, 2.972470821941606], [-2.4036236505391635, 3.581679280240003], [-1.357290815454629, 2.9829573946516383], [-1.3575544108337656, 2.982495309348188], [-1.1002917082885109, 2.83574045887201], [-1.100223098782699, 2.8358607320134297], [-1.0796312756956983, 2.8240778893720115], [-1.0778707921307298, 2.827154529468178], [-0.9075943670322015, 2.7300207784124595], [-1.8642603581914958, 1.052975845858576], [-3.4238066627741315, 1.5986129211514282]], "dining_3": [[-6.11630157224778, -4.951025930043585], [-4.396909688373994, -0.0956130337749705], [-1.0628177122722544, -1.2781103704505412], [-2.7797583451827697, -6.126601147538132], [-3.4329498036958066, -5.895293920660251], [-3.447264186261263, -5.935716490036263], [-3.560387086796573, -6.113283875448239], [-3.59965513818661, -6.099378329143935], [-3.5863733391544494, -6.061871685713054], [-4.826869306807644, -5.622589024417618], [-4.838901899052376, -5.656568016704703], [-4.887205380191255, -5.639462856915543], [-4.86844325866286, -5.397947051371457], [-4.866860103597563, -5.39347635938266], [-6.11630157224778, -4.951025930043585]], "bathroom_4": [[-1.8056424489126748, 1.0324672501954062], [-1.4470640665533843, 1.661058696547851], [-0.5597957989908711, 2.09369525896898], [-0.5585157976986164, 2.091070181414967], [-0.2935042352957087, 2.2202911797887985], [0.1298518879957964, 1.3166478455774673], [-1.0271217319966652, 0.7600869009972282], [-1.8056424489126748, 1.0324672501954062]], "shaft_5": [[-1.3880467001070844, 1.7645167229082386], [-0.8549582211231979, 2.6990260924734883], [-0.5892157227470793, 2.1540308085973123], [-1.3880467001070844, 1.7645167229082386]], "shaft_6": [[-7.169142406676328, 3.642646337030044], [-6.975080831628617, 3.979182664399815], [-6.644097015180506, 3.7842182968052], [-6.839703580851838, 3.4450026885413774], [-7.022805761720484, 3.5505874195918192], [-7.019484510181524, 3.5563470440559506], [-7.169142406676328, 3.642646337030044]], "room_7": [[-8.251813530505002, 1.4117201979294123], [-8.23628119299288, 1.438655956955964], [-8.210179811826526, 1.4237998143932042], [-7.574707635630027, 2.540287585121554], [-7.361564702638518, 2.464809713945595], [-7.358629800839632, 2.4730976209534443], [-7.1041871366518246, 2.9143451977130006], [-6.5056161375397314, 2.555485110227071], [-6.504496667868118, 2.5573523618473537], [-6.4941482789999245, 2.551497525127626], [-6.277588560006235, 2.9342655326082188], [-4.515052918340553, 1.9257253937435994], [-5.3671432828463175, 0.3198426370263228], [-8.045038527720383, 1.2696076758007457], [-8.251813530505002, 1.4117201979294123]], "shaft_8": [[-7.0829195108377885, 2.951226938374802], [-6.8956991067119375, 3.2758994924221874], [-6.894490903811456, 3.2752027897521447], [-6.889261806413159, 3.2842709488323187], [-6.314536094859184, 2.9554072735469035], [-6.510921137975243, 2.6082978849596685], [-7.0829195108377885, 2.951226938374802]], "kitchen_9": [[-6.850489425993215, 3.3515089608226027], [-6.560870975554842, 3.8537574333761864], [-6.552597747818566, 3.8631086162435917], [-6.5553917593350395, 3.8655805488216757], [-6.5540532336457575, 3.8678529145186378], [-6.565743541717813, 3.874739032228902], [-6.720037246145136, 4.011246570697683], [-6.019460415365982, 5.2495119270182435], [-5.789872409317275, 5.172692854780532], [-5.786820687915391, 5.181813488644822], [-5.6433135321602315, 5.435461527730103], [-2.444179311513322, 3.6048856262472615], [-3.5783507057000143, 1.652683107678257], [-4.392424886002884, 1.9375025154166856], [-4.389201418685522, 1.9431358817227533], [-6.850489425993215, 3.3515089608226027]],