{"kitchen_0": [[4.363213095095073, -4.3958019378089705], [5.458763778793834, -3.2282857831404455], [5.737848679428653, -3.4901679442376397], [5.73767972923708, -3.4903479925739997], [5.814208975263483, -3.562159990610964], [6.684606521667076, -2.6345870252241195], [8.27898790255567, -4.131140389451382], [8.04124719912703, -4.385332085797939], [8.043549641659162, -4.38748551690942], [6.434307489334117, -6.0832729137939126], [6.434312062506409, -6.083277253572376], [6.308016200552773, -6.218062392694165], [4.363213095095073, -4.3958019378089705]], "room_1": [[3.786157465203825, 0.290770162945039], [6.501247928236438, 3.1842118121025855], [8.27211874225344, 1.5104426807575662], [6.9420895479642155, 0.0930453904096487], [6.263061962877035, 0.7439967789624609], [6.206294915191519, 0.6847813106797656], [6.885955072403743, 0.0332235053742336], [5.562793479345302, -1.3768550588754165], [3.786157465203825, 0.290770162945039]], "bathroom_2": [[0.7335172914932393, -0.9948143994793615], [1.787141469167505, 0.1306571841720192], [2.5768411061298515, -0.6154041518216893], [1.9759945357134754, -1.255719646007611], [1.9609697507524615, -1.2414616574570996], [1.963444365754853, -1.238853957349857], [1.9072319147608106, -1.185510333148315], [1.4505932019980037, -1.666707133091645], [0.7335172914932393, -0.9948143994793615]], "living_room_3": [[-0.0873451828958167, -7.317518771173147], [3.3426594797429505, -3.6505626685909194], [6.20273319484677, -6.330422246387975], [2.7663491089538184, -9.997791073270221], [-0.0873451828958167, -7.317518771173147]], "balcony_4": [[-1.7859897511871807, -7.975028859535222], [-0.8156281279183517, -6.937244495206885], [2.6150358859782443, -10.159423465291434], [2.3677216507560193, -10.423757457305928], [2.3788616956297055, -10.43418022456821], [1.6606126604871676, -11.191056782803644], [-1.7859897511871807, -7.975028859535222]], "room_5": [[5.630185332471651, -1.44011188420383], [8.339291908199666, 1.446952802938374], [8.883223008912204, 0.9328469298589033], [11.072314530622961, -1.144523357540563], [8.380963748102396, -4.022108100103937], [5.630185332471651, -1.44011188420383]], "bathroom_6": [[1.6671703247887812, -1.869637663790054], [2.1249886872988135, -1.3871977723883058], [2.0687762363047746, -1.3338541481867638], [2.063827006299995, -1.3390695484012438], [2.0367415676133085, -1.3133664268136487], [2.6377157681472827, -0.6729149186337251], [4.03890120331755, -1.9966717355409385], [2.99267573170383, -3.111622561376562], [1.6671703247887812, -1.869637663790054]], "room_7": [[1.927938567167864, 2.0349725079175505], [3.253374576684351, 3.4474748924401704], [3.8108615829382373, 2.913038665118827], [3.867628630623752, 2.9722541334015222], [3.3095090522448256, 3.5072967774755863], [4.363439956368536, 4.630459196866834], [4.3680943463958055, 4.625997254940384], [4.656985357534968, 4.927348429692977], [6.434074762290209, 3.2477016899217794], [3.718765612077476, 0.3540269882734517], [1.927938567167864, 2.0349725079175505]], "corridor_8": [[1.011735514173786, 1.058585124619329], [1.8257842245559672, 1.9261077634163932], [6.190593640911571, -2.1708857756183235], [5.305618847600677, -3.113993550583679], [5.353066781762212, -3.158516803219551], [5.3677435056620695, -3.142875982118661], [5.391362448328316, -3.1650390577067675], [4.295765639486598, -4.332604367426119], [3.4361762843875, -3.527178005836312], [4.480691897959792, -2.4140493566605707], [4.487088293765138, -2.420092291691459], [4.554201353808754, -2.3490536832085747], [1.8465984447647124, 0.2089288067316719], [1.8770129833296032, 0.2411223394940691], [1.011735514173786, 1.058585124619329]]}