{"bathroom_0": [[-8.2389486525973, 2.6497695846736984], [-8.1293717336135, 3.9871200915557905], [-6.53818309540865, 3.8550627561699615], [-6.6458209592718065, 2.541377783713457], [-8.2389486525973, 2.6497695846736984]], "corridor_1": [[-4.709646422525947, -1.041246399351977], [-4.66267874341533, -0.475322233569632], [-3.9747888688024853, -0.28467237392404254], [-3.9849028878678547, -0.2481796572777143], [-3.97379517269448, -0.2489107472333224], [-3.8835179824666355, 1.1227033858954352], [-3.057774981660033, 1.0695458273183482], [-3.056641018452792, 1.0871606728194632], [-3.0454840243274557, 1.0862347216910222], [-3.019080974665872, 1.4043710259919093], [-2.241833358790474, 1.3543353785453838], [-2.2030928278899795, 1.3511804447428846], [-2.123028478120016, 2.31589386491759], [-0.8141330747673086, 2.210629688106475], [-0.8447601855358091, 1.8415967181961128], [-0.8515265340510487, 1.8422846369954375], [-0.8671710657272622, 1.688405496343044], [0.03788517853306714, 1.5963905486246235], [0.035744883848370684, 1.42491757774077], [0.05495693368900553, 1.42467777640098], [0.05360695390986789, 1.4113994161016343], [2.0483792520846884, 1.2085955904932986], [2.0703648577693072, -4.028625352940802], [2.1155717001885512, -4.028435576755603], [2.0931452869485954, -4.058676001068193], [2.933500763171361, -4.681886806029869], [2.303876049209988, -5.536116661000783], [0.6549354513496461, -5.4514432666219985], [0.622038451777574, -1.896334001023845], [0.6390210085069062, -1.8904863406757122], [0.5827749229821483, -1.7271385603054057], [0.6089307057594487, -1.7049268364954497], [0.5520717965145724, -1.6379716874089718], [0.5505565012124832, -1.6335710234002208], [0.5488373979999644, -1.634162967937808], [0.4818689940540699, -1.5553032161446398], [0.48916108651245227, -1.541891136373188], [0.45445526232296907, -1.5230217228932021], [0.43304718505862905, -1.497812287398835], [0.4233049885328318, -1.5060854475017362], [0.25044353314040235, -1.4121013871104982], [0.24071852869793983, -1.4299882331844294], [-1.9231036948120648, -1.2714908579394657], [-1.9231778669335144, -1.2725034632555259], [-4.709646422525947, -1.041246399351977]], "room_2": [[2.2608910015203376, -1.0498376730780739], [7.324136021434136, -1.0693849997745026], [7.3779767297467584, -1.7553946502724527], [7.383829208402122, -1.7549353249612678], [7.381069395835824, -1.7692835106117455], [7.7605480316409166, -1.8422746143825282], [7.936175400213095, -4.1959288853100345], [7.637238804248784, -4.27378359398356], [7.5352360048046405, -4.281789170826329], [7.582932207066243, -4.889508795419159], [3.4808360065293362, -4.817318293146914], [2.2729462833207648, -3.92154269816977], [2.2608910015203376, -1.0498376730780739]], "balcony_3": [[4.635968402973733, 5.515272323611424], [4.659243261889366, 5.507687554043499], [4.6659219836680945, 5.528182086638668], [6.184111338413725, 5.074548524551641], [6.1683018598295805, 5.02603506870036], [6.275569958541079, 4.991078731750462], [6.307015566587521, 4.8501466347462605], [6.379398486312912, 4.866297142482433], [6.622704030767851, 3.775856768674301], [6.561182588463387, 3.762129738407377], [6.619654409422841, 3.500072272980078], [6.681175851727307, 3.513799303247003], [6.926216080160787, 2.415584468522921], [6.88026974709268, 2.405332649302579], [6.9387415680521345, 2.1432751838752795], [6.984687901120242, 2.1535270030956233], [7.23039445379411, 1.0523258539601916], [7.181478462068009, 1.0414114268302526], [7.239950283027465, 0.7793539614029529], [7.288866274753565, 0.7902683885328915], [7.533926868006857, -0.30803771670365154], [7.500218361674159, -0.31555895920625365], [7.558690182633616, -0.577616424633553], [7.612747595644403, -0.5655548129945028], [7.66650058556993, -0.8787316526148236], [6.6228093788954085, -0.8747023447486598], [5.526804028186033, 3.7898307771881807], [5.526999491547003, 3.789931721854482], [5.526597342192487, 3.7907104203962243], [5.50617482884, 3.877627413916575], [5.484357544270472, 3.8725011000924336], [4.635968402973733, 5.515272323611424]], "bathroom_4": [[-6.490169420312383, 2.530787703143816], [-6.382721005741286, 3.8421605088675], [-5.381922728832289, 3.7591013727386553], [-5.488151550089958, 2.4626133050696453], [-6.490169420312383, 2.530787703143816]], "room_5": [[-5.01658165350898, 3.918774845626035], [-4.698773427283981, 7.819725464187257], [-1.5411822307682241, 7.186972216092048], [-1.5473835527706126, 7.165199236584051], [0.10153208510429643, 6.695559478668492], [0.04761594959596402, 2.375986103889679], [-0.7843386263275778, 2.4605689762726746], [-0.7864330072911949, 2.4399687084250647], [-3.6934152545282397, 2.6737544582077595], [-3.6019324554241057, 3.7760513514502225], [-3.616482971399735, 3.777258940746737], [-3.6143961580067105, 3.802403426294135], [-5.01658165350898, 3.918774845626035]], "balcony_6": [[-3.347509245265263, -7.301021989743117], [-3.1744890629509412, -5.216262763954414], [-1.7515524031191172, -5.33678272861226], [-1.8951533064892192, -7.424033710048772], [-3.347509245265263, -7.301021989743117]], "storeroom_7": [[-1.1312450887841061, -5.433774547160698], [-1.0262772646619798, -3.908058560865816], [0.4447558402734515, -3.99846938473778], [0.4587055564554261, -5.505985750853814], [-1.1312450887841061, -5.433774547160698]], "room_8": [[0.26653595347844916, 1.6081232669611634], [0.3292269503436518, 6.630708033916933], [4.436744600596105, 5.460815802568711], [5.307298794438269, 3.775125464793076], [6.399646466244088, -0.8738407948250514], [2.2600850861124737, -0.8578594709193157], [2.251496895353733, 1.1879450956266915], [2.259595765222055, 1.187121702503625], [2.2815699864503145, 1.4032594782512398], [0.26653595347844916, 1.6081232669611634]], "room_9": [[2.3351810226340537, -5.859809704038869], [3.1080038105350307, -4.81129892708202], [3.4784937041818296, -5.086055635859129], [3.5346969544927562, -5.010269547421185], [7.598022222557956, -5.081777741685069], [7.607979593841665, -5.208649267121776], [8.023142737055041, -5.176065647227102], [8.271084174098167, -8.498830356285689], [7.868293994776161, -8.617817872364753], [7.888345798780748, -8.685696167474047], [7.921156958133683, -9.116377486497623], [6.275238220652045, -9.07446534430313], [6.276245420737236, -9.047202107907603], [2.5476363938190545, -8.909454143026304], [2.5472775856651984, -8.852089323379031], [2.5592391318640013, -8.851193389688673], [2.3351810226340537, -5.859809704038869]], "kitchen_10": [[-1.2541464606953416, -7.220156130572296], [-1.1411807878429638, -5.57819075294466], [0.5411677538229445, -5.6545984160308], [0.5407503620064249, -5.662726758074058], [2.0431983996151453, -5.73987773330455], [2.2660871074194313, -8.715648824709328], [1.5025242349856744, -8.720424793435388], [1.5025707045967922, -8.72785416991957], [1.4411868162988493, -8.728238116731784], [1.4436145685616653, -9.116377486497626], [-1.0827473574984083, -9.102164662953518], [-1.0689947255682208, -7.409617183254625], [-1.0546449366185044, -7.236713337582475], [-1.2541464606953416, -7.220156130572296]], "bathroom_11": [[-1.0163439983778897, -3.7636777156638965], [-0.8768965797136921, -1.7367979772023578], [-0.8632236771950306, -1.7379327308263153], [-0.8476597928827567, -1.5503999761203855], [0.23246066166829657, -1.629517500256465], [0.32640965057072424, -1.6805971780635058], [0.37558961806693236, -1.7385098622762039], [0.4251759941181136, -1.8825167631831645], [0.4434134076509113, -3.8533955264252366], [-1.0163439983778897, -3.7636777156638965]], "bathroom_12": [[-8.600842846579882, 4.207452073409162], [-8.529670731636147, 5.17640927363576], [-5.1661087640561165, 4.897257562657697], [-5.244285600384017, 3.937672653063296], [-5.309615434773678, 3.9430945644844497], [-5.3103400300768575, 3.9343637521418673], [-8.600842846579882, 4.207452073409162]], "room_13": [[-8.528791632937404, 5.188377570693249], [-8.282759775049453, 8.537924515787054], [-4.92433451369219, 7.864925903758462], [-5.165134358116723, 4.909217949892343], [-8.528791632937404, 5.188377570693249]],