{"bathroom_0": [[-10.772966180988227, 2.6747512568885483], [-10.212254312684738, 4.453102104023269], [-8.132160154718296, 3.797250935262201], [-8.556024015777442, 2.4823549643863636], [-8.774857512527195, 2.5513529008777125], [-8.784266356442032, 2.52151186042117], [-8.782099144603414, 2.520828541153211], [-8.917978040032253, 2.0898757426602526], [-10.772966180988227, 2.6747512568885483]], "shaft_1": [[-0.968478732309503, 3.7465315690607017], [-0.8911539589694399, 3.9917744182799613], [-0.3372009171283068, 3.8171136950916225], [-0.4145256904683698, 3.571870845872363], [-0.968478732309503, 3.7465315690607017]], "corridor_2": [[-8.602872065585455, 1.9905232105486448], [-8.03076880804021, 3.7652823664517916], [-7.092213928671772, 3.4693571496904623], [-7.158921619385495, 3.257787384545165], [-6.7231528820203295, 3.1203900294226035], [-6.656445191306606, 3.3319597945679007], [-3.908366615834499, 2.4654939479772633], [-3.9576025889580144, 2.3093373915294357], [-3.9867493658505104, 2.216895625431529], [-3.8874033136296013, 2.1855719354863687], [-3.8582565367370982, 2.278013701584273], [-3.5659285726633705, 2.185843048556367], [-3.594392627924485, 2.095566598836032], [-2.7087130394652377, 1.8163128972599942], [-2.7798320878612977, 1.5907520930180334], [-2.6473651143064494, 1.5489854166897254], [-2.653603225835578, 1.5292006545873793], [-2.6547812811852687, 1.5295720940123694], [-2.9876081975315714, 0.473979976041865], [-3.902340225665238, 0.7623938766612275], [-3.9751679893126095, 0.5314137200094811], [-7.210028821238346, 1.5513614225077275], [-7.135790133374069, 1.78681645907234], [-7.527705045729004, 1.9103867562814631], [-7.601943733593281, 1.6749317197168505], [-8.602872065585455, 1.9905232105486448]], "room_3": [[-6.389470465036542, 3.365964136016254], [-4.985806748105013, 7.72036170424939], [-1.7104901902793657, 6.687658360371682], [-2.7584620014081587, 3.4366760553423594], [-2.6572795840026515, 3.4040593532893224], [-2.656939934426479, 3.405113002586303], [-2.157726147806006, 3.2477115002731765], [-2.1813204087357434, 3.17288006494282], [-2.1858571255034285, 3.174310486245159], [-2.585628655663676, 1.9063971790561371], [-2.649040466474819, 1.9263908462055133], [-2.6461957045389752, 1.9354132783751927], [-3.077395697692907, 2.0713701139812537], [-3.0395053215012915, 2.1915430341701754], [-3.033169049029741, 2.1895452151338892], [-2.9992760877993128, 2.2970399548090157], [-6.389470465036542, 3.365964136016254]], "room_4": [[-8.553208272657034, -2.7289180579687526], [-7.238111879417307, 1.442034827436971], [-3.8090950408156417, 0.3608699711802243], [-3.8188337574778934, 0.329982708032543], [-3.817748378183321, 0.3296404892554898], [-5.233775053233316, -4.161422353340735], [-8.369487114407068, -3.1727361381794292], [-8.258818115934549, -2.8217389178412464], [-8.553208272657034, -2.7289180579687526]], "room_5": [[-10.101586228357082, 4.804096425064346], [-8.802646574776503, 8.923806678943981], [-5.135776416179816, 7.767646958961958], [-6.5394401331113485, 3.413249390728825], [-9.856697023587742, 4.459176470696495], [-9.779921900490518, 4.702676052062446], [-10.101586228357082, 4.804096425064346]], "kitchen_6": [[-2.615450744902301, 3.5338193471279595], [-1.6570771696361888, 6.5068530697066915], [-1.476614981676871, 6.449953560404669], [-1.429591972326186, 6.599091492452779], [0.3618591937960023, 6.034249109438608], [-0.3277920732134696, 3.8469547355481684], [-0.8817451150546027, 4.021615458736507], [-0.8815697458270755, 4.022171658867029], [-0.913501686774282, 4.032239761174239], [-1.0100040852045744, 3.72617325589715], [-0.9780721442573643, 3.7161051535899396], [-0.9778875762243437, 3.7166905286041567], [-0.4239345343832071, 3.542029805415818], [-0.6243063880140731, 2.9065314759002785], [-2.1169146446703735, 3.377149051494781], [-2.1170630670322446, 3.3766783159033213], [-2.615450744902301, 3.5338193471279595]], "balcony_7": [[-9.982108777451923, -4.230772426936348], [-9.740383048734223, -3.1369737393457635], [-6.945162474118575, -4.0183034011716945], [-7.351153288033313, -5.060309506344549], [-9.982108777451923, -4.230772426936348]], "room_8": [[-12.232624533930903, -1.954693588530482], [-10.806859142218656, 2.5672565172134245], [-7.378263675301998, 1.486224518938629], [-8.804029067014245, -3.0357255868052775], [-12.232624533930903, -1.954693588530482]], "balcony_9": [[-13.206674097398007, 0.2022881641024332], [-12.382352685485479, 2.816701669600909], [-11.249225743294993, 2.5483887118941198], [-12.134320653503629, -0.258773704921726], [-13.206674097398007, 0.2022881641024332]]}