{"bathroom_0": [[-10.966988167808152, 2.190493452882951], [-8.84079942111346, 2.6765529914173016], [-8.541550136847869, 1.3278269803965275], [-8.765232952554655, 1.276691743061872], [-8.758259940156087, 1.2461894294212281], [-8.75604470321341, 1.2466958459130746], [-8.655343147198103, 0.8061931951061023], [-10.551437559774367, 0.37273460558666605], [-10.966988167808152, 2.190493452882951]], "shaft_1": [[-2.692222596147169, 6.5060455347977095], [-2.125994034209679, 6.635488790457939], [-2.06868767350296, 6.384811394812013], [-2.6349162354404503, 6.255368139151783], [-2.692222596147169, 6.5060455347977095]], "corridor_2": [[-8.73716125670944, 2.7002452992818204], [-7.777808135589447, 2.919559194187892], [-7.728370228165641, 2.703301073337947], [-7.282944917970562, 2.8051279789038364], [-7.332382825394367, 3.0213860997537814], [-4.523407222139083, 3.663534821307787], [-4.486917824062824, 3.503917857926399], [-4.465316781629826, 3.409427595526886], [-4.363769235115325, 3.432641975564813], [-4.385370277548315, 3.527132237964328], [-4.086564367644039, 3.595441066569121], [-4.0654692987869225, 3.5031641036480896], [-3.16016317745238, 3.7101225292592916], [-3.1074559574443845, 3.4795633298894333], [-2.972053534721189, 3.5105171382978266], [-2.9674303919174614, 3.4902939486999265], [-2.9686345528050357, 3.490018670276858], [-2.721972344858238, 2.411034782103891], [-3.656974703770875, 2.19728761793133], [-3.603001133428991, 1.9611889740781887], [-6.9095460182470845, 1.2052929214082342], [-6.964565242247056, 1.4459656078724308], [-7.365164932948337, 1.3543861085913962], [-7.310145708948365, 1.1137134221272], [-8.333254469472074, 0.8798246045028577], [-8.73716125670944, 2.7002452992818204]], "room_3": [[-8.110245716012106, 7.652156386887338], [-4.762348612200307, 8.417505805592032], [-4.022477056207853, 5.082881247239529], [-3.918691387048133, 5.105908746493856], [-3.918931180769441, 5.106989504397756], [-3.4086548881111454, 5.223641734694846], [-3.3911688849967025, 5.147152045471373], [-3.395806134758427, 5.146091942278392], [-3.099530432702542, 3.85008185773238], [-3.164347440162431, 3.8352642998913327], [-3.1664557289627506, 3.8444866678661285], [-3.607211052228992, 3.7437273494065666], [-3.6352920859204962, 3.8665632843014164], [-3.628815402558157, 3.8680438930814356], [-3.6539339018151535, 3.9779207007974717], [-7.11925450106935, 3.185727564621056], [-8.110245716012106, 7.652156386887338]], "room_4": [[-6.8784888693188195, 1.0967737247336569], [-3.3734855085146593, 1.8980385789298047], [-3.366268023279844, 1.8664668584529767], [-3.3651585921355, 1.866720481086853], [-2.3157234382311334, -2.7238636711046027], [-5.520922429732757, -3.4565914428708346], [-5.602940614482241, -3.0978161743831087], [-5.903854414929121, -3.1666068794469], [-6.8784888693188195, 1.0967737247336569]], "room_5": [[-12.01166616677613, 6.760268201101951], [-8.263538690459912, 7.617112690726077], [-7.272547475517163, 3.150683868459796], [-10.663314303746546, 2.3755341728512285], [-10.720213311754794, 2.624429670077805], [-11.049005675073394, 2.549265757825565], [-12.01166616677613, 6.760268201101951]], "kitchen_6": [[-4.624837591331641, 8.288532075529135], [-4.440376387124368, 8.330701016519846], [-4.475225729954185, 8.48314382378969], [-2.644076262477273, 8.90175560815403], [-2.1329670466082495, 6.665991104098585], [-2.6991956085457396, 6.536547848438356], [-2.6993255768828646, 6.537116373884137], [-2.7319651250696864, 6.529654776810821], [-2.660445985541293, 6.216805881597097], [-2.6278064373544687, 6.224267478670415], [-2.627943223041883, 6.224865825511136], [-2.0617146611043897, 6.354309081171367], [-1.9132165637463094, 5.70472819965965], [-3.4389008056696557, 5.355947603519622], [-3.4387908079931186, 5.355466436494852], [-3.948222685449365, 5.239007244592909], [-4.624837591331641, 8.288532075529135]], "balcony_7": [[-6.7217032225133275, -4.11898113150912], [-3.8645409601629193, -3.4658166497975564], [-3.6878687985039837, -4.570077584312315], [-6.377125884887631, -5.18485793268915], [-6.7217032225133275, -4.11898113150912]], "room_8": [[-10.526319060517373, 0.2628577978706321], [-7.021746408934432, 1.0640241893476858], [-5.965093769795249, -3.558131683320598], [-9.469666421378191, -4.3592980747976515], [-10.526319060517373, 0.2628577978706321]], "balcony_9": [[-12.011666166776132, -0.31864608247222037], [-10.898415399289854, 0.022881718859594447], [-10.242460444711066, -2.846487015204424], [-11.400751215088132, -2.990994616940422], [-12.011666166776132, -0.31864608247222037]]}