{"room_0": [[-6.943912581928313, 1.0844058346643477], [-3.6299650862734003, 1.839483133502187], [-3.6263717985992865, 1.8237126068195177], [-3.401606770666269, 1.8749249360393978], [-2.3583589228521706, -2.7037699842450422], [-5.590421451302482, -3.4401899326169065], [-5.663314504815992, -3.1202706971776486], [-5.969964499953611, -3.1901403768635035], [-6.943912581928313, 1.0844058346643477]], "bathroom_1": [[-11.025098523189728, 2.186699378782801], [-8.951855652231664, 2.659084239704822], [-8.649216220760726, 1.330834552483152], [-8.789071638385174, 1.298968733514636], [-8.78988694652048, 1.3025470272301964], [-8.812262309362122, 1.297448838874124], [-8.811447001226815, 1.2938705451585637], [-8.813709135031136, 1.2933551218198378], [-8.808172359714055, 1.269054851206095], [-8.805910225909733, 1.2695702745448227], [-8.705146061851547, 0.8273279377054923], [-9.314091057302953, 0.6885808564952027], [-9.366192921737671, 0.917249952266106], [-9.359084623389242, 0.918869565951387], [-9.364621398706326, 0.9431698365651267], [-9.99665255507804, 0.7991626128658269], [-9.99532900438156, 0.7933537009534719], [-10.005647567398041, 0.7910026339252259], [-9.94933247834272, 0.5438421794529371], [-10.616158152343521, 0.3919070841080594], [-11.025098523189728, 2.186699378782801]], "balcony_2": [[-12.07853414631703, -0.3352193129944814], [-10.982336422558909, 0.03173380532958925], [-10.32530534465194, -2.8519000935420866], [-11.480152382990157, -3.0156053110687253], [-12.07853414631703, -0.3352193129944814]], "room_3": [[-8.20417692113424, 7.6928729764799195], [-4.865166345332002, 8.453660855489295], [-4.100575521091739, 5.09795959008029], [-4.08340042924571, 5.1018729055372765], [-4.08236530192345, 5.0973298506704845], [-3.461367808160046, 5.238823073116145], [-3.149883436157082, 3.87175395830682], [-3.63982096542794, 3.760122525797351], [-3.663495665866124, 3.8640280654662718], [-3.6592641146455684, 3.8649922172127003], [-3.686924643541675, 3.9863910999559997], [-3.6911561947622302, 3.9854269482095708], [-3.69180588544983, 3.9882783659789007], [-4.088026881282468, 3.898000086172593], [-4.087377190594867, 3.895148668403264], [-7.178401826903042, 3.1908639638070166], [-8.20417692113424, 7.6928729764799195]], "corridor_4": [[-8.799409439508288, 2.6938188499158007], [-7.854967198099983, 2.9090084078330456], [-7.805681094270491, 2.6926973617881997], [-7.353518480037223, 2.795721844173139], [-7.402804583866714, 3.012032890217985], [-4.177761863825055, 3.7468533871867966], [-4.122874698378298, 3.5059599253441007], [-4.014282953545335, 3.5307023696562307], [-4.010279040417475, 3.5131296550436772], [-3.211735130351231, 3.695076526382708], [-3.16402461742233, 3.4856805677431186], [-3.0239858508408584, 3.5175881624595595], [-3.003032230755933, 3.4256251317708895], [-2.973158598695538, 3.432431788011585], [-2.744434313202759, 2.4285871826037964], [-3.713863664931191, 2.2077043541108954], [-3.6612027911662084, 1.9765818306274494], [-6.968920325955896, 1.2229240177736669], [-7.022237894429658, 1.4569286988705281], [-7.440872565919828, 1.3615435011982289], [-7.387554997446067, 1.1275388201013685], [-8.390469068662082, 0.899026555241059], [-8.799409439508288, 2.6938188499158007]], "kitchen_5": [[-4.6672592422448975, 8.318875084187164], [-4.478895352638687, 8.361793475968849], [-4.517857656295968, 8.532794549406923], [-2.703058342165661, 8.946293485597966], [-2.186842595237339, 6.680681892740191], [-2.7940421268963136, 6.5423325124854355], [-2.7817408009654936, 6.488343406569507], [-2.7698841233615266, 6.4910449303897035], [-2.7160169419005142, 6.254628061050017], [-2.7071932126667906, 6.2566385327440335], [-2.707074528387374, 6.2561176410801576], [-2.66695523623394, 6.265258753542026], [-2.640091908400871, 6.147358694654828], [-2.6351259183239226, 6.14849018704518], [-2.5112914550246255, 5.60499495793671], [-3.4912822868781297, 5.381705714165649], [-3.4900562649493945, 5.376324844807495], [-3.971794794241505, 5.266561540494155], [-4.6672592422448975, 8.318875084187164]], "balcony_6": [[-6.788444861041732, -4.1367846418384655], [-3.9035748749315125, -3.479471923557159], [-3.73485028868578, -4.633329403146298], [-6.412589177058435, -5.243447653202004], [-6.788444861041732, -4.1367846418384655]], "room_7": [[-10.584920447450713, 0.2548083869827975], [-7.090304264357408, 1.051050738880297], [-6.043463128869195, -3.5434147080868126], [-9.5380793119625, -4.33965705998431], [-10.584920447450713, 0.2548083869827975]], "room_8": [[-12.078534146317034, 6.810107274199004], [-8.346420148588829, 7.660463099104008], [-7.32064505435763, 3.1584540864311044], [-10.749088509570898, 2.377289078000845], [-10.806570799687517, 2.6295722438034366], [-11.110241342202452, 2.560381427328693], [-12.078534146317034, 6.810107274199004]]}