{"dining_0": [[-8.488204569446564, 1.3628574246316525], [-8.488204569446564, 5.715863474471782], [-5.862799195307829, 5.715863474471782], [-5.862799195307829, 1.3628574246473804], [-8.488204569446564, 1.3628574246316525]], "shaft_1": [[-3.1473929180130042, 2.5152180056113416], [-3.1473929180130042, 3.2733015098702154], [-2.921129797684813, 3.2733015098702154], [-2.921129797684813, 2.4970054530467074], [-3.1117770655053896, 2.4970054530467074], [-3.1117770655053896, 2.5152180056113416], [-3.1473929180130042, 2.5152180056113416]], "shaft_2": [[-3.203836847337989, 3.439847103818373], [-3.203836847337989, 4.049944784589698], [-2.921129797684813, 4.049944784589698], [-2.921129797684813, 3.439847103818373], [-3.203836847337989, 3.439847103818373]], "corridor_3": [[-9.908331001117318, -0.8495826814885188], [-9.908331001117318, 1.3531448991581385], [-8.733841271535548, 1.3531448991581385], [-8.733841271535534, 1.3508574246301777], [-5.862799195307829, 1.3508574246473763], [-5.862799195307829, 0.6294859870544123], [-5.861716561478612, 0.6294859870544123], [-5.861716561478612, 0.5945488040172702], [-3.8369479085113696, 0.5945488040172702], [-3.8369479085113696, -0.8763458040973955], [-7.879870882966898, -0.8763458040674088], [-7.879870882966898, -0.2266479318290351], [-8.034143821772547, -0.2266479318290351], [-8.034143821772547, -0.8495826814885188], [-9.908331001117318, -0.8495826814885188]], "shaft_4": [[-3.203836847337989, 5.1356710568797155], [-3.203836847337989, 5.715863474471782], [-2.921129797684813, 5.715863474471782], [-2.921129797684813, 5.1356710568797155], [-3.203836847337989, 5.1356710568797155]], "corridor_5": [[-3.663294777494091, -0.6013316479205066], [-3.663294777494091, 0.5945488040172702], [-1.4458013361147621, 0.5945488040172702], [-1.4458013361147621, -0.6013316479205066], [-3.663294777494091, -0.6013316479205066]], "room_6": [[-2.7502726419300174, 0.7783534642882586], [-2.7502726419300174, 5.715863474471782], [-0.1131824049913668, 5.715863474471782], [-0.1131824049913668, 0.7783534642882586], [-2.7502726419300174, 0.7783534642882586]], "bathroom_7": [[-5.718603695724843, 1.636540187456987], [-5.718603695724843, 3.2733015098702154], [-4.917806158471507, 3.2733015098702154], [-4.917806158471507, 2.475020745761732], [-4.850753759473079, 2.475020745761732], [-4.850753759473079, 3.171605838748089], [-4.846009471398357, 3.171605838748089], [-4.846009471398357, 3.1720141611436325], [-3.1758474741802942, 3.1720141611436325], [-3.1758474741802942, 2.4970054530467074], [-3.1794614963468746, 2.4970054530467074], [-3.1794614963468746, 2.4697072978806496], [-3.1642878987095138, 2.4697072978806496], [-3.1642878987095138, 0.7783534642882586], [-5.472080983283902, 0.7783534642882586], [-5.472080983283902, 1.636540187456987], [-5.718603695724843, 1.636540187456987]], "shaft_8": [[-3.203836847337989, 4.09794587715637], [-3.203836847337989, 4.681976197648094], [-2.921129797684813, 4.681976197648094], [-2.921129797684813, 4.09794587715637], [-3.203836847337989, 4.09794587715637]], "room_9": [[-3.663294777494091, -4.542893597247367], [-3.663294777494091, -0.785136308191495], [-0.1131824049913668, -0.785136308191495], [-0.1131824049913668, -4.542893597247367], [-3.663294777494091, -4.542893597247367]], "living_room_10": [[-7.882639481854291, -5.755078476769905], [-7.882639481854291, -0.9798610966035763], [-7.879870882966898, -0.9798610966035763], [-7.879870882966898, -0.8883458040674075], [-3.8369479085113696, -0.8883458040973942], [-3.8369479085113696, -4.854976672633406], [-3.8258735129618735, -4.854976672633406], [-3.8258735129618735, -5.755078476769905], [-7.882639481854291, -5.755078476769905]], "balcony_11": [[-3.6328401897329528, -6.747621177894015], [-3.6328401897329528, -6.156794941134734], [-3.4538041283493506, -6.156794941134734], [-3.4538041283493506, -5.755078476769905], [-3.463955657603055, -5.755078476769905], [-3.463955657603055, -4.938034639254681], [-0.1131824049913668, -4.938034639254681], [-0.1131824049913668, -6.747621177894015], [-3.6328401897329528, -6.747621177894015]], "kitchen_12": [[-5.718603695724843, 3.439847103818373], [-5.718603695724843, 5.715863474471782], [-3.259069414674215, 5.715863474471782], [-3.259069414674215, 3.439847103818373], [-5.718603695724843, 3.439847103818373]], "shaft_13": [[-3.203836847337989, 4.729977290214769], [-3.203836847337989, 5.051700696903211], [-2.921129797684813, 5.051700696903211], [-2.921129797684813, 4.729977290214769], [-3.203836847337989, 4.729977290214769]], "shaft_14": [[-3.1117770655053896, 0.7783534642882586], [-3.1117770655053896, 2.4697072978806496], [-2.921129797684813, 2.4697072978806496], [-2.921129797684813, 0.7783534642882586], [-3.1117770655053896, 0.7783534642882586]], "storeroom_15": [[-1.3219829850702354, -0.6013316479205066], [-1.3219829850702354, 0.5945488040172702], [-0.1131824049913668, 0.5945488040172702], [-0.1131824049913668, -0.6013316479205066], [-1.3219829850702354, -0.6013316479205066]]}