{"shaft_0": [[-7.6273454899500805, 3.5756432448175133], [-7.434238592910192, 3.9125898089702478], [-7.106762073942074, 3.7249102741147055], [-7.299868970981969, 3.387963709961973], [-7.6273454899500805, 3.5756432448175133]], "shaft_1": [[-7.035347613440937, -4.918655476185311], [-6.740242407520697, -4.085304082579267], [-6.344830393917839, -4.2253268203978], [-6.639935599838079, -5.058678214003844], [-7.035347613440937, -4.918655476185311]], "balcony_2": [[-6.493399633524158, -6.507477411022592], [-6.224807813525339, -5.7489975095609545], [-5.4948621749461966, -6.007484817119607], [-5.494010606852779, -6.005080063007643], [-4.094009855279214, -6.500846330696778], [-4.098846657697759, -6.514505039371613], [-3.3512999364872513, -6.779225217186681], [-3.6159065221609428, -7.526451164085451], [-6.493399633524158, -6.507477411022592]], "shaft_3": [[1.049991938436376, -3.3382514492631934], [1.3416947652928375, -2.514508077737055], [1.7267413350828367, -2.6508602193889317], [1.4350385082263752, -3.47460359091507], [1.049991938436376, -3.3382514492631934]], "balcony_4": [[-11.786285933570383, -1.9027806305976576], [-11.707560919771947, -1.344635660582913], [-10.915504464358538, -1.4563533302412317], [-10.973198670747184, -1.865393983790863], [-10.97746209681349, -1.8656782666290859], [-10.976106427565512, -1.886009411643709], [-10.977303107524355, -1.894493638797428], [-10.9755239713678, -1.89474458169936], [-10.965673179135498, -2.0424781720882663], [-10.978018474122063, -2.043637229469038], [-10.967989704964197, -2.15045516243762], [-10.974851879828321, -2.152885186004955], [-10.965203510429639, -2.1801313406749365], [-10.956292877154397, -2.2750398397060536], [-10.970129163456402, -2.280597222755773], [-10.937234242670097, -2.3624961197382106], [-10.727050628446598, -2.27807528386365], [-10.085801502086332, -3.993173980188619], [-10.244580686111066, -4.0557187640855545], [-10.250401390065996, -4.047558438103284], [-10.318285347395383, -4.095979594287755], [-10.175059702083718, -4.296774543457712], [-10.170108920759866, -4.2932431854587385], [-10.155332454093436, -4.330755431466816], [-10.144699847953625, -4.326567136525259], [-10.131805118410234, -4.359302314545747], [-10.133370696586594, -4.3608465836170645], [-9.723362495826832, -4.776512417479921], [-10.257063487271203, -5.369344575394653], [-10.659491395233129, -4.946550435244415], [-10.661401072770829, -4.948368122538053], [-10.969081376465208, -4.5610225442119265], [-10.965770555794476, -4.5589224388318], [-11.247698335873672, -4.114462684205776], [-11.47122981983199, -3.637981791562968], [-11.474217999836462, -3.639383636465986], [-11.634585669894157, -3.1418267448002624], [-11.639861188194054, -3.143527098251841], [-11.7533430299199, -2.564663867651163], [-11.757023130971245, -2.565385324159312], [-11.778884632453584, -1.9025365273329093], [-11.786285933570383, -1.9027806305976576]], "shaft_5": [[-3.83481459351097, 1.502204720031557], [-3.102723666135832, 2.7804177419176455], [-3.068483766659037, 2.760806988989927], [-3.7970102024569634, 1.4888174830361187], [-3.83481459351097, 1.502204720031557]], "room_6": [[-6.586950243121823, -5.077441312889235], [-6.048081893778995, -3.5557240375375905], [-6.0452024488460685, -3.5567437024669175], [-6.024156591764138, -3.4973120354647413], [-6.061614994721749, -3.484047319280112], [-5.520898151287643, -1.9571100576451492], [-5.470632652195061, -1.974910004431358], [-5.453901478176055, -1.9276626265278587], [-5.450706152471742, -1.9287941507050412], [-5.18174587596102, -1.1692737601516576], [-4.756364825391133, -1.319909090561076], [-4.748220536870625, -1.2969103292639659], [-4.741396241941694, -1.2993269388427287], [-4.4478529072647515, -0.4703861335662793], [-2.8824872768702487, -1.0247111760901966], [-2.8796384138053686, -1.016666234971968], [-1.5213631028896533, -1.4976567491771355], [-3.213187931624242, -6.275222683220104], [-3.924867712787284, -6.023203655015688], [-3.9854320435230948, -6.194232048988333], [-5.385432795096659, -5.698465781299195], [-5.323902622277183, -5.524709933421033], [-6.586950243121823, -5.077441312889235]], "storeroom_7": [[0.2491086368811875, -1.8291857599976034], [0.6305362039923903, -0.7520675383089142], [1.3212558324215191, -2.2088529944251363], [0.2491086368811875, -1.8291857599976034]], "room_8": [[-3.152673839184015, -6.2966518472530275], [-1.460849010449424, -1.5190859132100591], [0.0916417801499119, -2.0688517358441487], [0.0907011465389065, -2.0715080032188986], [1.3077245684712029, -2.50247860012999], [1.0160217416147415, -3.3262219716561283], [1.0106391894972706, -3.324315909983717], [0.9986897695416843, -3.3580600309717568], [1.423089088270789, -3.5083477119031095], [0.0323847835660764, -7.435575518019245], [-0.7641963261626046, -7.153491352537202], [-0.8272731604758494, -7.3316148377372805], [-2.1791868855759784, -6.852877079220164], [-2.112637694869557, -6.664947962057994], [-3.152673839184015, -6.2966518472530275]], "bathroom_9": [[-3.740852019609255, 1.468930827490171], [-2.9871060513827583, 2.7849530260381243], [-3.037969204627524, 2.8140846749813058], [-3.0399278306434283, 2.810664961411696], [-3.074167730120223, 2.8302757143394146], [-2.7233179397501246, 3.4428509478353284], [-1.706150541052688, 2.858932406546483], [-1.7076811576242328, 2.856232672934887], [-1.316733577328625, 2.6345845657154534], [-2.282600785913049, 0.95253698222254], [-3.740852019609255, 1.468930827490171]], "room_10": [[-10.753319580670823, -2.173184526002327], [-10.45632676725317, -2.06801385486299], [-10.461914048974284, -2.052235858015255], [-10.473200039046908, -1.882978422145822], [-10.375876538891237, -1.1929738168091184], [-10.306223876448552, -1.1785369004330164], [-10.315776862753935, -1.1324473538072546], [-10.283558514490004, -1.1717151875023895], [-10.052329026593087, -0.981996747015117], [-10.049374015563625, -0.9839769958731246], [-9.880154980565898, -0.7314612008047376], [-9.681465022026003, -0.8453320795985384], [-8.61415745830055, 1.0169816026374043], [-4.943762290034729, -0.2981317736914768], [-5.5090393928873675, -1.8944250683721329], [-5.539250348190097, -1.883726808005541], [-6.1010130487061325, -3.4700957366426763], [-6.113820144841105, -3.465560506041097], [-6.134866001923036, -3.524992173043273], [-6.101067250495251, -3.5369609386522], [-6.331372748241464, -4.187323601362436], [-6.731036254330001, -4.04579533109375], [-6.7313820962580895, -4.046771958570858], [-6.7801159604886685, -4.029514392135621], [-7.088332970157195, -4.8998923772999206], [-8.271582066557757, -4.4808818963343136], [-8.343766875022022, -4.684725507101174], [-8.788050182958022, -4.618160200882521], [-8.789394847847644, -4.627135028749514], [-8.961984464130783, -4.6858906740313415], [-9.35323384542448, -4.4019024888106735], [-9.731663593382693, -4.01825085342368], [-9.744989619117463, -3.9844207662345354], [-10.035296280626664, -4.098775601343807], [-10.070598320687036, -4.009156151631878], [-10.01913332410334, -3.989914177879502], [-10.67614268285923, -2.2326628252399168], [-10.722472519445745, -2.249984841342652], [-10.753319580670823, -2.173184526002327]], "room_11": [[-8.716449140339451, 1.3237250714617925], [-8.06066676630767, 2.4679805131319394], [-7.8481932120650875, 2.346210140236183], [-7.571472900003149, 2.829051301322636], [-6.9922183135855835, 2.497075647970915], [-6.992594736122291, 2.4964188393205937], [-6.94166877677216, 2.4672327456335648], [-6.717777913420586, 2.8578933502411576], [-4.960092435600387, 1.8505490864780683], [-5.945931115085242, 0.1303880722773627], [-8.581140778345013, 1.0745914396824805], [-8.507116262936046, 1.2037546467582487], [-8.716449140339451, 1.3237250714617925]],