{"shaft_0": [[0.6103242775216788, 5.605204197639508], [0.816508673749962, 5.606799646256137], [0.8202021330889828, 5.129483312860296], [0.6140177368606945, 5.127887864243673], [0.6103242775216788, 5.605204197639508]], "shaft_1": [[-3.156833207764207, 4.816296237141625], [-3.15359579160971, 5.270868508543023], [-2.879789541438511, 5.268918489077967], [-2.883026957593009, 4.814346217676569], [-3.156833207764207, 4.816296237141625]], "bathroom_2": [[-6.90045647479264, -1.814187554476808], [-3.855082552128368, -1.8219402250634156], [-3.86114004675525, -2.6724855241962113], [-6.348996092350371, -2.698222023246413], [-6.348901353078258, -2.707380132530045], [-6.358364738881518, -2.7073127352865196], [-6.360099405822479, -2.950880893918709], [-6.4058288042374665, -2.951264151624479], [-6.405927817021142, -2.9394501816378753], [-6.890991586748474, -2.9435154970362922], [-6.90045647479264, -1.814187554476808]], "shaft_3": [[0.7650033155080576, -3.5400033430113744], [0.7665669082323459, -3.320456067558529], [0.9482065878705694, -3.3190505452158887], [0.9466429951462818, -3.5385978206687327], [0.7650033155080576, -3.5400033430113744]], "balcony_4": [[1.0768221499689954, -7.813218418308521], [1.0874547746723318, -6.320269680272053], [5.647798421878876, -6.3527479705734065], [5.650238189438825, -8.969860088407982], [1.365592621842453, -8.971614039276975], [1.3738437251634554, -7.813059624520145], [1.2896197082731287, -7.81245978988431], [1.2896035128336019, -7.814733824911283], [1.0768221499689954, -7.813218418308521]], "shaft_5": [[0.7293092586878513, -0.6387312587125233], [0.9181114417039336, -0.6372703131355558], [0.919921863926124, -0.8712363643832955], [0.7311196809100402, -0.8726973099602583], [0.7293092586878513, -0.6387312587125233]], "corridor_6": [[-3.7439742754118557, -3.0658752499283177], [-3.73511727533213, -1.822245623118448], [-1.9411357513446705, -1.8268125985201962], [-1.94989190838922, -3.0562826470215954], [-3.7439742754118557, -3.0658752499283177]], "kitchen_7": [[-6.2362170390750995, 7.457172078757274], [-2.763066913183916, 7.4686523544606365], [-2.7510309005845417, 5.402173880685299], [-3.3173836611528404, 5.406207385787919], [-3.31741154653838, 5.4022919413602395], [-3.323915809736462, 5.4023382640421875], [-3.329278680496508, 4.649326532991823], [-3.328781946517926, 4.6493229953044], [-3.3289246980957805, 4.6292789521865165], [-2.74650508636856, 4.62513102065104], [-2.7395966560464107, 3.439013738832995], [-6.202524694132424, 3.4370815698597625], [-6.2362170390750995, 7.457172078757274]], "room_8": [[-2.479999988722856, -3.8833095376803], [-1.934283390942539, -3.88719607419073], [-1.9342040305778903, -3.8760529219063935], [-1.9283154781780667, -3.876094859560458], [-1.9234668688896541, -3.1952916411326164], [0.5268329348282064, -3.1821903736258794], [0.5219897977640144, -3.8622252257779777], [0.6216658368768828, -3.8629351080993204], [0.6360810046063117, -5.725848538121609], [0.49738845636496176, -5.724860784304596], [0.49317815904436024, -6.316037304395403], [0.5147537630589083, -6.3161909635897135], [0.5080078617168997, -7.263396867726544], [-2.4537692208300017, -7.273186832527107], [-2.479999988722856, -3.8833095376803]], "shaft_9": [[-2.3380296696345697, -3.456495893597254], [-2.3361851163266993, -3.1974983638187067], [-2.087374056894836, -3.1961680203875447], [-2.0892407036925036, -3.458267742581615], [-2.3380296696345697, -3.456495893597254]], "room_10": [[-2.6149391869571965, 7.469141981189903], [0.3708956878079861, 7.479011467484634], [0.37040729619653234, 7.41043539522285], [0.5223467672759043, 7.409353298207424], [0.5352336727717923, 5.743941575615445], [0.4575484927469766, 5.743340450044012], [0.4633444271297751, 4.994315242435769], [0.5504663652983373, 4.994989389356057], [0.5615010400595926, 3.5689467518703526], [0.551111151782957, 3.5688663552293796], [0.5521017356105797, 3.4408503688269363], [-2.59146655942371, 3.439096389229873], [-2.6149391869571965, 7.469141981189903]], "balcony_11": [[6.992853327312376, 2.6174637993423637], [7.909357083728704, 2.6109365554840163], [7.909357083728702, -1.0929720812115469], [7.0334833020783485, -1.0867341997823248], [6.992853327312376, 2.6174637993423637]], "bathroom_12": [[-6.941687591074281, 3.1054112302643473], [-6.772492501459948, 3.1068292528957495], [-6.772463037727195, 3.103313710342016], [-6.199767615203591, 3.108113465889821], [-6.201062076226177, 3.2625654780571764], [-3.88605604757382, 3.263857154572603], [-3.899475885486705, 1.3795500680628392], [-6.927287763473495, 1.387258030593666], [-6.941687591074281, 3.1054112302643473]], "room_13": [[0.9520855508367188, 7.406292743554972], [6.024252664726681, 7.370169300076585], [6.054127131726797, 3.443920268820064], [0.99220544694389, 3.4410959282860643], [0.9791312404039463, 5.1307131014817715], [0.9718999406395343, 5.130657145903092], [0.9672407074725435, 5.732783198357492], [0.9650352490932139, 5.732766132587309], [0.9520855508367188, 7.406292743554972]], "room_14": [[0.6190569247342615, 3.104161272105968], [0.9947901396461634, 3.1070686843491764], [0.9935558476639869, 3.266579773870985], [6.013022048636315, 3.269380426021146], [6.017305681367219, 2.7064043950212278], [6.321989661597089, 2.708722707344364], [6.364163989313371, -1.1362725514741934], [6.04021721212647, -1.138737432643937], [6.043874718712633, -1.6194248936344744], [1.0308544397135972, -1.622221949229837], [1.029542443474668, -1.452668915958581], [1.0298650298262244, -1.4526664197951604], [1.0198384371656275, -0.1569011206753661], [1.0088182794138916, -0.1569863943224576], [0.9992484856895216, 1.0797454693846595], [0.6347436180922442, 1.0769249417530828], [0.6190569247342615, 3.104161272105968]], "shaft_15": [[-2.340109870340524, -3.74858115997923], [-2.3386148978918313, -3.5386689987824793], [-2.089825931949765, -3.54044084776684], [-2.0913209043984584, -3.7503530089635913], [-2.340109870340524, -3.74858115997923]], "corridor_16": [[-3.779510608690464, 1.379244670007806], [-3.766088119045668, 3.26392409165785], [-1.9683440190241341, 3.2649271576568193], [-1.9818062454173817, 1.3746682172980593], [-3.779510608690464, 1.379244670007806]], "room_17": [[-6.279449607173556, -2.950204968630556], [-6.2782393295821155, -2.780267398817743], [-3.8617296217729646, -2.7552689669711916], [-3.8639462956792348, -3.066516716547407], [-3.869890247914068, -3.0665484976821715], [-3.8691462601907936, -3.205694803288163], [-2.609380759960439, -3.198959086789621], [-2.57785133530106, -7.273596978023947], [-6.130931142767806, -7.285341456179868], [-6.1672717649095885, -2.9492648070724705], [-6.279449607173556, -2.950204968630556]], "room_18": [[1.0322048404336965, -1.7967381036449193], [6.160155458956091, -1.7938769217282213], [6.209163957305869, -5.765539451792593], [1.065819788167126, -5.72890909277406], [1.0488651051772904, -3.5378068290756692], [1.0404630763868494, -3.5378718437201155], [1.0420266691111384, -3.3183245682672724], [1.0439787135561822, -3.3183094634064463], [1.0429622824976166, -3.1869531652878624], [1.0440258937390163, -3.037609319819938], [1.0418065420358817, -3.0375935138293206], [1.0322048404336965, -1.7967381036449193]], "corridor_19": [[-1.8101132485032903, 1.435981241696316], [-1.7970870065271962, 3.2650227119052335], [0.5534521363306806, 3.2663342144118572], [0.5703975718022624, 1.0764270339947022], [0.5695591127642767, 1.0764205460240492], [0.5786375961284312, -0.09681787206172317], [0.5025047989267705, -0.09740698534186186], [0.5165343771442795, -1.9104895778937991], [0.6033647457461228, -1.909817687129995], [0.6121300573651747, -3.0425840232529664], [-1.7786290548392198, -3.055366938480577], [-1.7698742862612276, -1.8260918474281946], [-1.6554847197832536, -1.8251570222575084], [-1.68214424712108, 1.4370270420017377], [-1.8101132485032903, 1.435981241696316]]}