{"room_0": [[5.54704280526784, 2.670224205867595], [8.924228028901844, 2.6702242058675907], [8.90494760988177, -2.0054028167234383], [6.190014769420796, -2.0040047034323387], [6.1887045594434245, -1.65620641416628], [5.563350013618508, -1.6585622215138773], [5.54704280526784, 2.670224205867595]], "balcony_1": [[0.9651694557867583, -7.050491797348234], [1.1305626611058133, -7.049868735549237], [1.6671241065820228, -6.448234263505074], [1.667354155349665, -6.448233396875765], [1.667353190955852, -6.44797739629227], [1.7263762907510676, -6.381796100919804], [3.230330373740652, -6.37613047315263], [3.230683744842893, -6.469933655053179], [3.266487731488464, -6.469798775894826], [3.7255785430563533, -7.029681266866417], [3.898623201319565, -7.030394833948897], [3.901677408058255, -7.841141124334596], [0.9681206915524456, -7.833904203187038], [0.9651694557867583, -7.050491797348234]], "room_2": [[4.3511318987034775, -6.6515064348405355], [4.369257707471765, -2.2558799085144106], [8.90390511286969, -2.25821512311473], [8.885711827220524, -6.670205231960019], [4.3511318987034775, -6.6515064348405355]], "corridor_3": [[0.6039980253473289, -0.5260011625055148], [2.222562732188279, -0.5199037787823231], [2.2225488744979973, -0.5162252226304083], [2.2740486606247456, -0.5160312149664885], [2.272759895428708, -0.17392549283874525], [2.6312584125073277, -0.17257497344734407], [2.632443245026267, -0.4870915244357592], [2.6342825231022173, -0.4870845955906189], [2.6343795269341763, -0.5128344886540093], [5.087976480258969, -0.5035914092372613], [5.087983409104108, -0.5054306873132193], [5.396982125864655, -0.5042666413296997], [5.401332835201671, -1.6591725652970957], [5.395815000973809, -1.6591933518325157], [5.397112420481902, -2.0035963812462163], [0.6095550674394239, -2.0011309252071467], [0.6039980253473289, -0.5260011625055148]], "room_4": [[-2.302956015595906, -2.2524439079812675], [0.7464555172841452, -2.2540142682975928], [0.7630302018308586, -6.653802874727454], [-2.2863321403706864, -6.66529029455866], [-2.302956015595906, -2.2524439079812675]], "room_5": [[0.8339160349217731, -2.480315366984397], [1.6468769444941682, -2.4772528174325195], [1.6460377155028512, -2.254477527575691], [4.289309225707793, -2.2558387373173585], [4.27118460659632, -6.6511767641281585], [4.095357990042889, -6.6504517253631645], [3.6913336666317234, -6.157725365107781], [3.691262380992524, -6.138802426196734], [3.6758648530533824, -6.138860431067244], [3.674277617674904, -6.136924724067469], [3.671898712083612, -6.138875372134037], [3.229442876194917, -6.1405421717377715], [3.230135760708918, -6.324469979333301], [1.6669101038794543, -6.330358892291394], [1.666175646294615, -6.135395416240102], [1.474730018662487, -6.1361166215455585], [1.4748735560198247, -6.174218947271934], [1.4647282500500827, -6.165170961677119], [1.0298433728987308, -6.6527977482227625], [0.8496369791335163, -6.653476613594974], [0.8339160349217731, -2.480315366984397]], "kitchen_6": [[2.2620455433821736, 2.670224205867595], [5.385023327591523, 2.6702242058675933], [5.395200807252778, -0.03141146807636508], [5.0862020904922325, -0.032575514059884014], [5.0875740018299505, -0.3967525730990944], [2.7794407242383956, -0.4054476683388837], [2.778214318648619, -0.07989544889472944], [2.7561429817371446, -0.07997859503640647], [2.755997475989205, -0.04135375544133746], [2.2722673420128707, -0.04317604171315681], [2.2652659115746916, 1.8153699706583182], [2.2620455433821736, 2.670224205867595]], "bathroom_7": [[0.5919573497695141, 2.6702242058675996], [2.164401711935418, 2.670224205867596], [2.1672595338706824, 1.911608718824363], [1.8878499740581647, 1.9105561397739796], [1.887836116367885, 1.9142346959258871], [1.8564076813438988, 1.9141163001476098], [1.8637869014179904, -0.044714850745132484], [1.7111268211136694, -0.04528994489175053], [1.7112238249456289, -0.07103983795512869], [1.7057059907177663, -0.07106062449054873], [1.7070016847589449, -0.4150056246942533], [0.6035955469183116, -0.41916232636735073], [0.5919573497695141, 2.6702242058675996]]}