{"balcony_0": [[-8.037676154407556, -2.4514706371529575], [-8.037676154407553, -1.3230215549865596], [-5.079488254879303, -1.340344028356915], [-5.079488254879303, -2.4514706371529593], [-8.037676154407556, -2.4514706371529575]], "room_1": [[-8.737223046087113, -0.9169182757606666], [-8.737223046087108, 4.284270477444937], [-4.869624187375415, 4.284270477444933], [-4.86962418737542, -0.9395660522078408], [-8.737223046087113, -0.9169182757606666]], "balcony_2": [[-2.250031267834475, 8.879436450460268], [-2.217361095779911, 9.050158468323474], [-2.14254712540361, 9.19404735306082], [-2.0657145187841173, 9.286276278191472], [-1.9640235061407156, 9.368135378134784], [-1.8491306838629913, 9.41946910632574], [-1.6946969745678433, 9.447776675497487], [-1.5189083369937846, 9.412767373071873], [-1.413957748599914, 9.362842691318269], [-1.2935865083756921, 9.254160099145928], [-1.2237145923185104, 9.156552008204631], [-1.1701462670400713, 9.037504081625336], [-1.1494460052222633, 8.91337909855747], [-1.163066544518896, 8.728781040854305], [-2.2286111656922993, 8.728781040854305], [-2.250031267834475, 8.879436450460268]], "kitchen_3": [[-3.0377567917715242, 5.868002436459463], [-3.0377567917715225, 8.336507511812023], [-0.2795804577183114, 8.33650751181202], [-0.259401942115975, 5.868002436459461], [-3.0377567917715242, 5.868002436459463]], "corridor_4": [[-4.661441945617241, 3.371724580887127], [-4.661441945617238, 5.62300193724446], [-0.2573992132395584, 5.623001937244457], [-0.23899640106225295, 3.371724580887123], [-4.661441945617241, 3.371724580887127]], "room_5": [[-8.737223046087106, 4.510861847931533], [-8.737223046087102, 8.336507511812028], [-4.8696241873754165, 8.336507511812023], [-4.86962418737542, 5.624455048873148], [-4.869624187375413, 4.510861847931528], [-8.737223046087106, 4.510861847931533]], "bathroom_6": [[-4.76453306649633, 5.8680024364594665], [-4.764533066496327, 8.336507511812023], [-3.1538933898876524, 8.336507511812023], [-3.153893389887655, 5.868002436459466], [-4.76453306649633, 5.8680024364594665]]}