{"room_0": [[4.046217635700193, 1.8706700184439962], [7.961374093244174, 1.856507160910136], [7.990843272917774, -1.748919325881531], [4.062688324188815, -1.734709447039375], [4.046217635700193, 1.8706700184439962]], "corridor_1": [[1.511356611272491, 7.075581834569124], [3.824430947958256, 7.075581834569118], [3.836326440073807, 4.471697787169123], [3.1268907635543366, 4.4641250108265735], [3.1269104250785, 4.4622830725380025], [3.0181635972758416, 4.461122269054097], [3.0245687096376357, 3.8610761279786248], [3.1364421336081767, 3.8622703058955867], [3.1364711088810946, 3.8595558334991926], [3.8390886650787057, 3.8670558307273186], [3.853853860081224, 0.6350032724684245], [2.2583790509917385, 0.6207562810045095], [2.246250624310736, 1.7569761029493218], [2.5506948629161794, 1.7602258522980545], [2.5506934515043724, 1.7603580767090312], [2.6542868866951386, 1.7614638709920376], [2.6410653191837605, 3.0000917226276167], [2.5291557869020926, 2.998897159277311], [2.5291847349219836, 2.996185240009323], [1.5204491867748633, 2.993938105094724], [1.511356611272491, 7.075581834569124]], "bathroom_2": [[-1.2591442186517106, 4.569366001003843], [-0.6095221940982962, 4.570813147716719], [-0.609079361789465, 4.372026377559119], [0.30459852912572094, 4.374061754911634], [0.30415569681688615, 4.572848525069229], [1.320469044235693, 4.575112540857462], [1.3239923618462401, 2.9935004631465256], [-1.2499741324645188, 2.9877665024578253], [-1.2591442186517106, 4.569366001003843]], "living_dining_3": [[4.022439699991931, 7.075581834569122], [7.918715658839407, 7.075581834569122], [7.959154491826052, 2.1280657801747456], [4.044977073053666, 2.142225096091104], [4.022439699991931, 7.075581834569122]], "balcony_4": [[8.412186801017944, 6.259233000935965], [9.392624492203913, 6.26935785522715], [9.418915139519035, 3.723509706492554], [8.432995913325932, 3.7133282450923817], [8.412186801017944, 6.259233000935965]], "room_5": [[-1.2492753968363668, 2.8672529220467187], [2.5304711270605824, 2.8756729687059055], [2.5410924195719082, 1.8806450558984409], [2.1070207713627527, 1.87601161608519], [2.1070713804404977, 1.8712704374632763], [2.0979310739780725, 1.8711728704831656], [2.1112924988052857, 0.6194428532765874], [-1.236069327763667, 0.5895521680096856], [-1.2492753968363668, 2.8672529220467187]], "kitchen_6": [[-1.2736752141525431, 7.075581834569118], [1.3148988114198672, 7.075581834569118], [1.3201355881073913, 4.724800504930889], [-1.2600120999426268, 4.7190527745517175], [-1.2736752141525431, 7.075581834569118]]}