{"shaft_0": [[1.4200718233223197, -5.372140491096308], [1.4200718233223197, -4.68295603300013], [1.6459617019576527, -4.68295603300013], [1.6459617019576527, -5.372140491096307], [1.4200718233223197, -5.372140491096308]], "corridor_1": [[-0.7791694130222206, -1.7892708887859177], [-0.578212595494571, -1.789270888785918], [-0.5782125954945709, -1.679927358539845], [-0.5835797720068737, -1.6799273585398453], [-0.5835797720068729, -1.3588341483748878], [3.1489049276840033, -1.3588341483748878], [3.1489049276840033, -3.3372990468845773], [-0.7791694130222196, -3.337299046884577], [-0.7791694130222206, -1.7892708887859177]], "shaft_2": [[1.4200718233223193, -3.713111406427975], [1.4200718233223197, -3.4720146842797193], [1.8618527176036048, -3.47201468427972], [1.8618527176036057, -3.7131114064279758], [1.4200718233223193, -3.713111406427975]], "balcony_3": [[-4.362748769643359, -6.455322515628973], [-1.4022880422877084, -6.455322515628971], [-1.5009449704485278, -7.597246410652227], [-4.2314350451694995, -7.597246410652227], [-4.362748769643359, -6.455322515628973]], "room_4": [[3.3015111534535047, -6.008247718522638], [3.3015111534535055, -1.3588341483748876], [6.781344934526147, -1.3588341483748865], [6.781344934526147, -6.008247718522634], [3.3015111534535047, -6.008247718522638]], "kitchen_5": [[-0.7791694130222218, -6.008247718522636], [-0.7791694130222208, -3.472014684279719], [1.2697425815277508, -3.472014684279719], [1.2697425815277512, -6.008247718522636], [-0.7791694130222218, -6.008247718522636]], "room_6": [[-4.624391248867289, -1.3588341483748876], [-0.9317756387917254, -1.3588341483748883], [-0.931775638791724, -6.008247718522636], [-4.624391248867287, -6.008247718522636], [-4.624391248867289, -1.3588341483748876]], "bathroom_7": [[1.4200718233223197, -5.4012431364435916], [1.6359617019576516, -5.401243136443593], [1.6787671696574051, -5.401247431559339], [1.6859332619365506, -5.401243135396825], [1.6859332619365506, -5.372140491096307], [1.6787696655121591, -5.372140491096308], [1.6787696655121591, -4.670189184848702], [1.6680819267418494, -4.6701891848487005], [1.6680819267418503, -4.657260333222267], [1.4200718233223206, -4.657260333222265], [1.4200718233223197, -3.7580488185264027], [1.8618527176036048, -3.758048818526404], [1.861852717603604, -3.763415995038709], [1.9067901297020349, -3.763415995038707], [1.906790129702034, -3.4720146842797184], [3.1489049276840033, -3.4720146842797193], [3.148904927684005, -6.008247718522636], [1.420071823322321, -6.008247718522638], [1.4200718233223197, -5.4012431364435916]]}