{"kitchen_0": [[5.66360440610087, -1.754700514576349], [5.71779686031398, 0.09045988367929003], [5.702579460060241, 0.09090681949434165], [5.760833583666025, 2.072988804293176], [6.039402346621454, 2.3540176200170895], [6.120071823416957, 2.2709660694318248], [6.131329421091213, 2.281900778151374], [6.2682241439900945, 2.2723258532883324], [6.32508501251589, 2.255935316157219], [6.398173094032431, 2.509487213857136], [7.604615266659416, 2.384511393685948], [7.628174969675146, 2.13273124053221], [7.640312564350629, 2.133866985833409], [7.639727103939896, 2.1267258564860083], [7.841381001886327, 2.110193405080301], [7.835186855646488, 1.8994391285885195], [7.836642128131884, 1.8993963575912076], [7.835303657919954, 1.853855243416961], [8.176120872131662, 1.8438384992681636], [8.126690792647763, 0.16199240859108155], [8.139029060867012, 0.1616297823185877], [8.090291453840743, -1.496655106193273], [8.10703649361616, -1.4971472491138678], [8.09736464058773, -1.82622962922144], [5.66360440610087, -1.754700514576349]], "shaft_1": [[1.3788713128084582, -4.665020058025874], [1.4038394381572565, -3.8154858382176218], [1.8161328761184616, -3.8276032950539434], [1.7886826758230703, -4.677064565760267], [1.3788713128084582, -4.665020058025874]], "shaft_2": [[2.7603536645590925, 0.4181216764787412], [3.0646198578402553, 0.6984087915689612], [3.521794132688715, 0.2135477498806735], [3.2059671407674557, -0.06576757943088696], [2.7603536645590925, 0.4181216764787412]], "balcony_3": [[4.74219428593569, -10.108964259822326], [4.765595478677766, -9.312744530026801], [4.857632444926918, -9.315449530551149], [4.8711085574197615, -8.856928173712221], [5.244202503054942, -8.867893542951377], [5.244118948556724, -8.87073646385407], [7.348328869180272, -8.932579972724348], [7.348518765767129, -8.9261187888546], [7.713622522131463, -8.936849323471888], [7.700194020399892, -9.393750736067325], [7.938494195423506, -9.40075446646676], [7.932985629909488, -9.588182030244182], [7.955459826485007, -9.58884255520495], [8.000949200200273, -9.651799886413706], [8.000549601394429, -9.659388242799155], [8.00666478842629, -9.659710265291421], [8.012161102505116, -9.667317168566328], [8.021600534649856, -9.660496773733064], [8.176120872131657, -9.668633732410317], [8.160226919218132, -10.209421504797511], [4.74219428593569, -10.108964259822326]], "room_4": [[1.2599703674775855, -8.710594982656156], [1.377826498402072, -4.700569606867626], [1.7875339966841242, -4.712611061979061], [1.7874249069243995, -4.7159869034999655], [1.8229712514269527, -4.717135577736226], [1.8230836972557733, -4.713655880844845], [1.8251802332904983, -4.7137174988153685], [1.8262250476968835, -4.6781679499736155], [1.824232376394723, -4.678109384626051], [1.851682576690118, -3.828648113919726], [3.0361067818898047, -3.863458779967121], [3.0467764381167717, -3.5004263956060626], [4.622856849696443, -3.5467479826105173], [4.46878540735386, -8.788990270998239], [3.4621353179810326, -8.759404452054405], [3.4615791812673002, -8.77832686463474], [3.4167563536168784, -8.766774868961862], [3.3521264410804985, -9.017544996714], [1.9585492128213342, -8.97658724585817], [1.9107828402197937, -8.714583397308745], [1.839271005649764, -8.727620842958508], [1.2599703674775855, -8.710594982656156]], "bathroom_5": [[5.7554866537954, -3.4723955228174286], [5.8044202962046025, -1.8074405794347943], [7.871403907622107, -1.8681899932905845], [7.822470265212902, -3.533144936673211], [5.7554866537954, -3.4723955228174286]], "shaft_6": [[2.887137527762584, -0.7372521614893004], [2.898839870549865, -0.33908287521570957], [3.290168298995944, -0.3505841626578976], [3.278465956208662, -0.7487534489314882], [2.887137527762584, -0.7372521614893004]], "room_7": [[4.542747710379635, -8.434766420952482], [4.6863535345339535, -3.54861417369416], [5.700727200648016, -3.5784269914188833], [5.6980124102921375, -3.6707970542371817], [5.699060977862761, -3.670827872026427], [5.683035685433116, -4.118390217898936], [5.684115965731632, -4.11842889811377], [5.683945079121331, -4.124243272286044], [6.602989524721748, -4.151254328914284], [6.603165220237197, -4.145276332947146], [6.604040976087139, -4.145300133909468], [6.6165785467924465, -3.6839805141881996], [8.062033043540449, -3.7264629571778842], [8.031424463085154, -4.767912251158554], [8.04022437734164, -4.768170883897637], [7.99258285866581, -6.389161640446408], [8.009591157241085, -6.389661520640633], [7.961554258884406, -8.024104971935365], [7.970657172094762, -8.024372509925922], [7.955753843230503, -8.531454546817978], [7.328911573904713, -8.513031420368778], [7.324376843410527, -8.66732449117814], [5.290586166498566, -8.607550629960617], [5.29501455490411, -8.456875822118302], [4.542747710379635, -8.434766420952482]], "shaft_8": [[5.751443804760208, -3.609952450016988], [5.754059472449808, -3.5209550111256447], [7.8746424979866285, -3.5832797316131724], [7.875368378245676, -3.558581837360931], [7.87846996499711, -3.5586729941442417], [7.928104908492862, -1.8698564567056324], [8.095937459242137, -1.8747891175296596], [8.05897053503788, -3.132579467179829], [8.079469792126183, -3.1331819479376426], [8.063460224886041, -3.677903468869664], [5.751443804760208, -3.609952450016988]], "shaft_9": [[5.71965020522398, -4.089712402841643], [5.734611256711214, -3.67187270788798], [5.749610988772345, -3.6723135555684703], [5.750016623414613, -3.6585119383252085], [6.5810289110599065, -3.6829356972280616], [6.56929502447122, -4.114683778748915], [5.71965020522398, -4.089712402841643]], "room_10": [[3.090779413697409, 0.7225067249087549], [5.719343301684383, 3.1439147066801367], [6.214764840815873, 2.6122160935081467], [5.696447645228614, 2.089321616396456], [5.709296145471863, 2.0765855885646665], [5.6496896513276935, 0.04848953446063842], [5.664907934451969, 0.048042263483460745], [5.638758298324668, -0.8423081314468013], [3.3571567033825707, -0.7752510155705346], [3.3695692334264624, -0.3529177855272878], [3.371855031142913, -0.3529849659687294], [3.374318748290201, -0.269157606272618], [3.384572878401542, -0.2597145808104844], [3.2300642090876135, -0.09193445516871557], [3.569376465820394, 0.2081510889838698], [3.5647603094597597, 0.2133706620778737], [3.5679800325487028, 0.21640653100080098], [3.090779413697409, 0.7225067249087549]], "corridor_11": [[0.620317456380344, -2.7978984407835723], [2.7569398013022965, -0.8193108887955691], [2.8113529892885714, -0.8147865548114259], [2.8112601117733975, -0.8179466890341092], [3.276030875119904, -0.8316064738987051], [3.2759433123964135, -0.8345857736637465], [3.355344246826931, -0.8369193965331334], [3.355557886693223, -0.8296503535194537], [5.6371605860645975, -0.8967075018553012], [5.612005827610015, -1.753184013244747], [5.611862168533008, -1.7531797910512703], [5.610434987187413, -1.801739279359491], [5.7528217177243945, -1.805924078103506], [5.702675427057186, -3.512139075149646], [3.0170040819598043, -3.4332061996673566], [3.01661605993399, -3.4464085520411847], [1.1704757867383921, -3.392149805686013], [0.620317456380344, -2.7978984407835723]]}