{"kitchen_0": [[-2.5858650769769653, -3.5991941551024205], [-1.1752468664596796, -1.4452071025656998], [1.1003402152193074, -2.951385335172464], [-0.3076940915168809, -5.101426816010214], [-2.5858650769769653, -3.5991941551024205]], "corridor_1": [[-2.5422204615443516, -0.3628083335082657], [-1.7157676513978828, 0.8991693152385771], [1.3490751825115872, -1.123696569196067], [1.3444271769470646, -1.1307189395830655], [2.0059340804239376, -1.5685608076256763], [1.1814866386219673, -2.8274762972302305], [-2.5422204615443516, -0.3628083335082657]], "room_2": [[-7.564326367008322, -0.316382110404259], [-5.244509350510414, 3.2282189875871357], [-1.8220180313285326, 0.9692969793366935], [-4.14190991798975, -2.5731336017351296], [-7.564326367008322, -0.316382110404259]], "bathroom_3": [[-4.03562941961316, -2.6432152755418166], [-2.6233668849470098, -0.4867173714504993], [-1.2814068213900756, -1.3749413612200847], [-2.692145575353557, -3.5291124812957335], [-4.03562941961316, -2.6432152755418166]], "room_4": [[-0.2014135931402858, -5.171508489816905], [2.1120940353543354, -1.638826548971295], [2.3967711974082775, -1.8272502521369667], [2.3787370509408614, -1.8551204931798004], [2.516253372186249, -1.9441039172983317], [2.5333648335655212, -1.9176596076606636], [2.6153199694211473, -1.9719045287493309], [2.619594261442412, -1.9654467779358207], [5.202472097604062, -3.675016324023588], [2.8944135162083295, -7.212906008207316], [-0.2014135931402858, -5.171508489816905]], "balcony_5": [[-6.284272933359659, -2.878746307891614], [-5.679378531559715, -1.9648505572316282], [-1.3012648710567518, -4.851791605972043], [-1.9111618339985483, -5.773245402063353], [-6.284272933359659, -2.878746307891614]]}