{"room_0": [[-25.901069864872994, 0.36120791062618096], [-21.835828818047098, 0.36120791062618096], [-21.835828818047098, -2.4230418813056644], [-25.901069864872994, -2.4230418813056644]], "living_dining_1": [[-20.0932837134025, 0.367233212547152], [-19.957582509981485, 0.367233212547152], [-19.957582509981485, 3.019392114683752], [-13.773472262460292, 3.019392114683752], [-13.773472262460292, -0.043518637188881826], [-14.743589188753644, -0.043518637188881826], [-14.743589188753644, -0.03211717796418867], [-15.007560303707125, -0.03211717796418867], [-15.007560303707125, -2.426335285104411], [-20.0932837134025, -2.426335285104411]], "kitchen_2": [[-25.901069864872987, 3.1148653008684626], [-25.88419264221868, 3.1148653008684626], [-25.88419264221868, 3.268238643829207], [-21.839284101109577, 3.268238643829207], [-21.839284101109577, 0.49500303638816234], [-25.901069864872987, 0.49500303638816234]], "bathroom_3": [[-19.848652381284502, -4.281355838897358], [-18.15119577193436, -4.281355838897358], [-18.15119577193436, -6.464493457894903], [-19.848652381284502, -6.464493457894903]], "bathroom_4": [[-21.70626123901151, -4.266166960981504], [-19.954010194522922, -4.266166960981504], [-19.954010194522922, -5.0512147415560875], [-20.240424184453992, -5.0512147415560875], [-20.240424184453992, -5.206374456712336], [-20.235333458215862, -5.206374456712336], [-20.235333458215862, -6.466677331699611], [-21.70626123901151, -6.466677331699611]], "balcony_5": [[-14.768501248929049, -0.29398462260938274], [-13.447818247414464, -0.29398462260938274], [-13.447818247414464, -0.30648207026886354], [-12.218738657840408, -0.30648207026886354], [-12.218738657840408, -3.076993754540066], [-13.442381508706696, -3.076993754540066], [-13.442381508706696, -3.08470262942064], [-13.775900228617687, -3.08470262942064], [-13.775900228617687, -3.090392546371241], [-14.768501248929049, -3.090392546371241]], "room_6": [[-17.999283559739812, -2.631878740196054], [-15.02895147550061, -2.631878740196054], [-15.02895147550061, -3.3382527357055487], [-13.778079867949408, -3.3382527357055487], [-13.778079867949408, -6.459940092324107], [-17.999283559739812, -6.459940092324107]], "corridor_7": [[-20.25239062779221, 4.6402608697367], [-20.25239062779221, 3.039489034380475], [-20.09185613854537, 3.039489034380475], [-20.09185613854537, 0.3675852942767044], [-20.08104407067344, 0.3675852942767044], [-20.08104407067344, -2.4022582836448763], [-20.435949674617714, -2.4022582836448763], [-20.435949674617714, -2.6202649507544713], [-18.146414793086784, -2.6202649507544713], [-18.146414793086784, -4.1405755734582215], [-21.695653281164745, -4.1405755734582215], [-21.695653281164745, 4.6402608697367]], "shaft_8": [[-20.10480686587633, -5.207578135302668], [-19.96160121850574, -5.207578135302668], [-19.96160121850574, -6.466391037781694], [-20.10480686587633, -6.466391037781694]], "room_9": [[-21.832371432183997, -2.6334478855539523], [-21.832371432183997, -4.167449098416057], [-21.822412056664845, -4.167449098416057], [-21.822412056664845, -6.468346016249733], [-25.901069864872998, -6.468346016249733], [-25.901069864872998, -2.6334478855539523]]}