{"living_room_0": [[-1.081782826478067, -6.27270216981321], [-0.593140264294431, -6.27270216981321], [-0.593140264294431, -6.272783085228775], [-0.47059813994731803, -6.272783085228775], [-0.47059813994731803, -2.892267633346443], [-0.558852027128039, -2.892267633346443], [-0.558852027128039, -0.4559734961998445], [2.795015528533332, -0.4559734961998445], [2.795015528533332, -3.2746389930527524], [2.993138212937186, -3.2746389930527524], [2.993138212937186, -3.2556786822006787], [3.032272803454629, -3.2556786822006787], [3.032272803454629, -5.252792954687296], [2.7809179878467196, -5.252792954687296], [2.7809179878467196, -6.841028454278214], [-0.6659974782681215, -6.841028454278214], [-0.6659974782681215, -6.824530569025801], [-1.081782826478067, -6.824530569025801]], "kitchen_1": [[-3.130580961529387, -1.5940349221009424], [-0.9115420304697626, -1.5940349221009424], [-0.9115420304697626, -1.5652919527836813], [-0.9094001944451497, -1.5652919527836813], [-0.9094001944451497, -0.457760365927923], [-0.5717205075264675, -0.457760365927923], [-0.5717205075264675, -2.8922676333464468], [-0.5931402642944319, -2.8922676333464468], [-0.5931402642944319, -3.4768239422836618], [-3.130580961529387, -3.4768239422836618]], "bathroom_2": [[-3.130580961529385, -3.5951217611800796], [-0.5931402642944337, -3.5951217611800814], [-0.593140264294431, -3.901211278075991], [-1.1441668892603531, -3.9012112780759884], [-1.1441668892603571, -4.015741839657075], [-0.5931402642944317, -4.015741839657076], [-0.5931402642944321, -4.869107268458115], [-1.5190402266005603, -4.869107268458116], [-1.5190402266005592, -3.986471801607957], [-1.6415823509476763, -3.986471801607955], [-1.6415823509476768, -4.869107268458121], [-3.130580961529384, -4.869107268458121], [-3.130580961529385, -3.5951217611800796]], "balcony_3": [[2.9931382129371853, -0.43775150543439967], [3.716966743541657, -0.43775150543439967], [3.716966743541657, -0.5272048169385166], [3.7264460048153056, -0.5272048169385166], [3.7264460048153056, -0.5325635374946853], [4.592198443031289, -0.5325635374946853], [4.592198443031289, -3.004081106603285], [3.755018592181081, -3.004081106603285], [3.755018592181081, -3.116736406992203], [3.469210072654791, -3.116736406992203], [3.469210072654791, -3.0201313020830667], [3.032272803454628, -3.0201313020830667], [3.032272803454628, -3.035968832357675], [2.9931382129371853, -3.035968832357675]], "balcony_4": [[3.7757134524941227, -3.3784049625115298], [3.7757134524941227, -5.174230743767904], [3.469210072654792, -5.174230743767904], [3.469210072654792, -3.3784049625115298]]}