{"bathroom_0": [[2.0798620112400172, -5.44762501100819], [4.682788847832363, -4.918053560871824], [4.683785024652813, -4.922786778123379], [5.036204269287882, -4.848614843067951], [5.03983338716446, -4.866452527315596], [5.414429994528884, -4.790239986190988], [5.713289540889377, -6.259181586787518], [2.3828321465532945, -6.936770801797854], [2.0798620112400172, -5.44762501100819]], "room_1": [[1.5411207680625978, -7.186705067575014], [2.3274414028136867, -7.026726326347786], [2.3326872282851348, -7.05251038229755], [2.403450536189883, -7.038113424589499], [2.397229104261349, -7.007534109702627], [5.727686498597432, -6.329944894692291], [6.574185454034801, -10.490620187304712], [2.413836799290735, -11.476241404594555], [1.5411207680625978, -7.186705067575014]], "kitchen_2": [[0.94677969660518, -3.6153476556427275], [1.8174228457940025, -3.4324145543998963], [1.8172320761922158, -3.4315066145807], [1.832261989346069, -3.4284487441894083], [1.7415605459439263, -2.982636906923048], [4.169982752727616, -2.481515582645576], [4.663669562897301, -4.827210522332484], [1.3580302221806626, -5.499750447266726], [1.1320218944433016, -4.388884026107794], [1.1052649939172703, -4.394327779045268], [0.94677969660518, -3.6153476556427275]], "corridor_3": [[-0.5353856172714959, -3.452500126519551], [1.2429697452175361, -3.0855244862058537], [1.315913965411518, -3.4440567829683086], [0.8842529247833433, -3.534754209257583], [0.90311433212052, -3.6245222991801125], [0.9350358811391537, -3.6178151793183293], [1.0935058974618208, -4.396720194258274], [1.0765482439820033, -4.400170267851573], [1.3025565717193643, -5.5110366890105045], [1.2987341573585098, -5.511814368001572], [1.3172417040193451, -5.602781866099447], [2.009098703335269, -5.4620219687162415], [2.3110932321914746, -6.946372500568879], [0.2651406290607703, -7.362626262195052], [-0.5353856172714959, -3.452500126519551]], "balcony_4": [[4.622274167964857, -2.590537069360087], [5.089700335950283, -2.4864119122724606], [5.159064212538119, -2.490584520877581], [5.213696186595971, -2.5028209184153933], [5.267267636223696, -2.527746356439904], [5.322644384892417, -2.56130724766936], [5.367093356020707, -2.6024342339698254], [5.397052319211394, -2.6533619553894887], [5.406790595662837, -2.6938129116447396], [5.714974485157654, -4.309085876675022], [5.013984734100571, -4.451703853400032], [4.622274167964857, -2.590537069360087]], "living_room_5": [[-4.41698961902426, -8.85911338900472], [0.1186378618123598, -7.902850456523941], [0.1194578435672717, -7.906855612014299], [0.3662185764335462, -7.856335900790329], [0.3651030746670116, -7.850887294162243], [0.3674579953891239, -7.8503907976124285], [0.3292191407976794, -7.669021015484896], [0.327925160425842, -7.669293830099894], [0.2815874831590861, -7.4429600105938345], [1.2601246703106703, -7.243874369792737], [2.1346654089227997, -11.542379430140366], [-3.6066055270790756, -12.902534291748017], [-3.7886363281066497, -12.007824320205804], [-3.7999143462260463, -12.010118858925141], [-4.41698961902426, -8.85911338900472]], "balcony_6": [[-6.3999300020477285, -9.273104040887434], [-6.395299669709564, -9.24130191693994], [-6.388023440588929, -9.223492917075314], [-6.363483407200295, -9.191453293804953], [-6.361924825393107, -9.193090810657457], [-6.30369396593705, -9.137666918056903], [-6.254654138441184, -9.11087631892273], [-5.718696704705149, -8.995515423290035], [-5.672039764132869, -9.265951102088303], [-5.149562336092885, -9.175810635346837], [-5.1492657531672865, -9.177268386998888], [-4.889057696542462, -9.124328459549995], [-4.339827108929171, -11.928894874874521], [-5.062564607645385, -12.075937480868069], [-5.028346732038418, -12.244123712745976], [-5.051281218203586, -12.24878978669238], [-5.035280298000897, -12.327436822130233], [-5.563352782190233, -12.446376233256162], [-5.5847028643704615, -12.444791308180383], [-5.633239146640264, -12.435757300384891], [-5.674929203964652, -12.422920404245419], [-5.718252263175536, -12.399282875031352], [-5.759099096014129, -12.361280515308843], [-5.782237947422182, -12.32364951431643], [-6.3999300020477285, -9.273104040887434]], "shaft_7": [[-4.622037679518776, -12.25505477848838], [-4.289214441915863, -12.18734112549643], [-4.288015415933566, -12.193463777943132], [-3.8423178650679795, -12.106180864469541], [-3.6638981360257965, -12.983141850153048], [-4.4360887974078995, -13.169022733815494], [-4.622037679518776, -12.25505477848838]]}