{"kitchen_0": [[-4.1458628447883275, 4.938793888336926], [-3.872315650623694, 4.962726166765657], [-3.8733815547827852, 4.9749095070538], [-2.240867642153292, 5.117735967457234], [-1.9701953675111987, 2.0239377113907313], [-3.8762564743053254, 1.85717897255857], [-4.1458628447883275, 4.938793888336926]], "balcony_1": [[-9.769982375958259, -5.110521193913275], [-5.719724732035679, -4.756169565710831], [-5.516422357418909, -7.079926340856088], [-9.566680001341489, -7.434277969058532], [-9.769982375958259, -5.110521193913275]], "room_2": [[-10.080321496360117, 0.138302402233224], [-8.617331180265094, 0.2662974697397473], [-8.574533914334378, -0.2228775182635125], [-8.568172447315062, -0.2223209620159299], [-8.56814727490078, -0.2226086840277706], [-6.975512956326623, -0.0832712360101961], [-6.975820650232006, -0.0797542785784398], [-5.575170960567238, 0.0427866908383319], [-5.151237927606141, -4.384163114216391], [-9.650220621113625, -4.777773097297622], [-10.080321496360117, 0.138302402233224]], "corridor_3": [[-6.747549495816534, 1.5351931402272356], [-0.3990858445480843, 2.09061174051962], [-0.3079117270087295, 1.0484868083866914], [-0.9518511477023708, 0.9921494090785483], [-0.952052974466147, 0.9944562995446145], [-1.0698962777557437, 0.9841463464343274], [-1.0414879301031608, 0.6594374469302622], [-6.628168857388372, 0.1706661990563081], [-6.747549495816534, 1.5351931402272356]], "room_4": [[-7.048817937037391, 4.978707180553032], [-4.253181327959423, 5.223293691185409], [-4.227664687352458, 4.931637154457034], [-4.220133634297451, 4.932296036223759], [-3.9505272638144486, 1.8506811204454028], [-6.753694925947425, 1.6054357280462987], [-7.048817937037391, 4.978707180553032]], "bathroom_5": [[-2.166596852644169, 5.124233819570401], [-0.5720406419490818, 5.263739411361078], [-0.5140733137627382, 4.601169818339846], [-0.617936221134725, 4.592082991383952], [-0.4052312746789752, 2.160854328338683], [-1.8959245780020755, 2.0304355635039], [-2.166596852644169, 5.124233819570401]], "balcony_6": [[-4.012162427068045, 6.355805582517723], [-0.8636321131645399, 6.631266291752], [-0.7959474200965353, 5.85762670988837], [-0.8154288067398099, 5.855922309407317], [-0.7902398905641217, 5.568011680069324], [-3.9014571857094253, 5.295815436978321], [-3.9250167638117084, 5.5651026469184135], [-3.942848395926635, 5.563542581256192], [-4.012162427068045, 6.355805582517723]], "room_7": [[-10.477557555414085, 4.678731333762867], [-7.123088726546515, 4.972209328439861], [-6.702439646897496, 0.164168346943141], [-7.076763514300657, 0.1314192520581816], [-7.065515488795981, 0.0028537322369484], [-8.547538241160087, -0.1268064576823988], [-8.583405503455303, 0.28315822630878], [-8.584670681548754, 0.2830475375682617], [-8.589962317466433, 0.3435312128745238], [-10.086819348473288, 0.2125731917423526], [-10.477557555414085, 4.678731333762867]]}