{"room_0": [[9.795177306174654, -7.746110689088727], [12.521099208524385, -4.873588365324512], [14.936109663499897, -7.17637466382493], [12.213188689185744, -10.045734669267855], [10.157183546214446, -8.094658639604535], [10.159688536395379, -8.09201893073784], [9.795177306174654, -7.746110689088727]], "bathroom_1": [[7.200939729342197, -4.477298471378678], [9.530745883021151, -2.0221950508745117], [10.492071536874644, -2.9388484506682744], [9.276252913511625, -4.220053951914682], [9.287014821579122, -4.230266621340984], [9.28644686109343, -4.230865126812748], [9.437793190199228, -4.37448743043652], [8.322769549193325, -5.549477182546958], [7.252147722590742, -4.533495004749547], [7.255943494600926, -4.529495095645114], [7.200939729342197, -4.477298471378678]], "kitchen_2": [[8.41184637208308, -5.634007931184872], [9.571854565043724, -4.411614352279862], [9.482777742153969, -4.327083603641949], [9.477089762657881, -4.333077483387932], [9.37777052613002, -4.238827047129817], [10.554717712168314, -2.9985834939773035], [12.396915781629447, -4.7551756713482405], [10.07599519226923, -7.200915660771415], [9.153354665143697, -6.325362492714149], [9.147207833468304, -6.331839901767125], [8.41184637208308, -5.634007931184872]], "shaft_3": [[6.1153328427731175, -5.826903613557061], [6.25371160794216, -5.6810828210610005], [6.373238675816376, -5.794509773236957], [6.234859910647334, -5.940330565733017], [6.1153328427731175, -5.826903613557061]], "corridor_4": [[6.275069047785411, -5.45520652613428], [7.033846225727469, -4.655622216502163], [7.032725797367483, -4.6545589696889955], [7.070286011220535, -4.614978762829345], [9.137810957949227, -6.576986678073947], [9.14395778962462, -6.57050926902097], [9.949137246157752, -7.334596043117653], [9.521277624152326, -7.785466009197197], [9.645744173545108, -7.903580354312215], [9.723295278183118, -7.821858541551098], [10.087806508403842, -8.167766783200218], [10.091826387834889, -8.163530714149754], [12.147831530806188, -10.114606743813074], [10.563231463089233, -11.784426801692067], [8.450064958554465, -9.779106665319834], [8.448787721037093, -9.780452592830901], [8.141871421712697, -9.4891998998248], [8.983498113548029, -8.602310419062764], [8.855909875126178, -8.481233701670849], [8.786274776623978, -8.554613784494453], [8.694241049049099, -8.4672770380832], [8.698242011522451, -8.46306090334679], [6.275145945880352, -6.1636285953062036], [6.621899679690321, -5.798226402250293], [6.493472855865383, -5.676353897024693], [6.500408285949124, -5.669045478642172], [6.275069047785411, -5.45520652613428]], "balcony_5": [[2.4041578407073896, -10.261355757152092], [3.1553534673176173, -9.469760735632253], [5.549852616947435, -11.7453213408284], [5.115619450870346, -12.20290762097827], [5.111738949261975, -12.19922516245084], [4.872303642522445, -12.451537329983513], [4.946475812693189, -12.521924091311892], [4.870579299680498, -12.601902328302788], [2.4041578407073896, -10.261355757152092]], "room_6": [[5.350286269512695, -12.42559811685356], [5.996197130828875, -11.744950088495461], [5.998852853453073, -11.747470275164854], [8.089420137790048, -9.544472020367952], [8.42894340949257, -9.866667574788753], [8.431748577202216, -9.863711544808243], [10.512308109358857, -11.83808881976579], [7.773024795996056, -14.724691132901288], [5.350286269512695, -12.42559811685356]], "living_dining_7": [[3.0774994880105204, -8.956084061888749], [5.861269249837116, -6.022602813517768], [6.021027345788729, -6.17420758582168], [6.023052787445545, -6.172073215658813], [6.147529878312897, -6.290197564259678], [6.14433826681128, -6.2935608210277], [8.529137819631186, -8.556651095371283], [8.525136857157836, -8.560867230107693], [8.659416830512502, -8.688294166840688], [5.876818416010952, -11.62054107268074], [5.770135333664136, -11.519302607665683], [5.772297608716816, -11.51702731525506], [3.0774994880105204, -8.956084061888749]]}