{"room_0": [[-3.8484622855299495, 4.415247242094948], [0.3786979037920011, 4.4152472420949405], [0.3950375005402105, 1.2368718292485932], [-0.8458123741536472, 1.2304927884041392], [-0.8454765180596309, 1.1651621215630321], [-0.8505570427613076, 1.1651360032748754], [-0.8472650088231619, 0.5247701552987456], [-3.828383084258425, 0.5094446317578436], [-3.8484622855299495, 4.415247242094948]], "bathroom_1": [[-7.618523822038815, 4.415247242094947], [-6.120900666611088, 4.415247242094949], [-6.109492535385767, 2.1961396134405295], [-7.607076111947006, 2.1884407394689878], [-7.618523822038815, 4.415247242094947]], "living_dining_2": [[-5.7711246487777235, -5.209529510052543], [-5.765506989673505, -2.504523161428896], [-5.746891273397152, -2.504427460557343], [-5.753322795614846, -1.2533689186055712], [-5.749398580975886, -1.2533487447505571], [-5.757523076773597, 0.3270267126820441], [-0.8463782307374323, 0.352274241980167], [-0.834079266699614, -2.0401180247116013], [-0.6062328452134498, -2.038946697173464], [-0.6061708663372087, -2.0510028170027264], [0.396998072426598, -2.0458456616007936], [0.41319347118923044, -5.196171708296808], [-5.7711246487777235, -5.209529510052543]], "bathroom_3": [[-5.708791593700798, 4.415247242094943], [-4.001818847962156, 4.4152472420949485], [-3.9904667193808057, 2.2070332376463497], [-5.611854475656277, 2.1986979031849314], [-5.619737925005262, 3.7321850488810053], [-5.705277802955463, 3.731745299974707], [-5.708791593700798, 4.415247242094943]], "balcony_4": [[-0.580693385102129, 0.9601845955978217], [0.4777302398457035, 0.9656258078443432], [0.47767576634357933, 0.9762219836541264], [0.7240953464610076, 0.9774887932807395], [0.7241064790860499, 0.9753232770651685], [1.9708950856135905, 0.9817328481242003], [1.985193444513385, -1.7995813465570842], [0.7472039683001839, -1.8059456824810587], [0.7471338452632983, -1.7923053619917848], [0.39570394390743946, -1.7941120154318435], [0.39576701396640335, -1.8063803919277834], [-0.5664454200573372, -1.811326995495918], [-0.580693385102129, 0.9601845955978217]], "kitchen_5": [[-11.283394207748472, 0.33344413461119604], [-7.715120280180409, 0.351788146721268], [-7.700614597725695, -2.469854588475437], [-11.269010014094352, -2.4645666210024606], [-11.283394207748472, 0.33344413461119604]], "room_6": [[-11.276095176091072, 0.5222202677523393], [-11.254048058247394, 4.400668676782527], [-10.255108992057995, 4.405804086983472], [-10.255157538037157, 4.415247242094951], [-7.736009972050317, 4.415247242094951], [-7.716090534122616, 0.5405217685871397], [-11.276095176091072, 0.5222202677523393]], "corridor_7": [[-7.606444050290488, 2.0654922200259063], [-3.989834657724284, 2.0840847182032682], [-3.9817355938159884, 0.5086562673134267], [-6.343048955439598, 0.4965170757097086], [-6.342162177353869, 0.3240211623911291], [-5.767975204952617, 0.3269729797092449], [-5.759955229171078, -1.2330712630262672], [-5.912395874761322, -1.233854939701752], [-5.90602809676476, -2.4725139672541996], [-7.583127552675264, -2.470028691286429], [-7.606444050290488, 2.0654922200259063]]}