{"room_0": [[0.464049917677773, -0.2209785768234447], [2.986971077191816, 2.354657499291495], [5.761377075956828, -0.4078272567928849], [3.247667066063384, -2.992634903479779], [0.464049917677773, -0.2209785768234447]], "corridor_1": [[0.8367966656230426, 2.7226264597313055], [1.6269504472181637, 3.539204431479863], [1.845748301356501, 3.3274868027491955], [1.8458402532977853, 3.327581829731866], [1.9202907386358685, 3.255540537207761], [2.7816614541050715, 4.145717067580755], [2.701234359695224, 4.2235415681052615], [2.699348427744738, 4.221592567135001], [1.9803808200181354, 4.929150363184824], [4.843369882703852, 7.838306913841546], [6.488371293252801, 6.2121816891659485], [4.666262352155318, 4.352000880263365], [4.156405426030968, 4.845359006722433], [4.155124499157427, 4.8440352433073635], [4.07697037583894, 4.91966032532509], [3.6596842852910747, 4.488419423369802], [3.7400854293954495, 4.410620033407557], [3.7381977219398834, 4.408669197556076], [4.243154604290982, 3.9200525510920166], [1.9814748377203841, 1.6111163493279896], [0.8367966656230426, 2.7226264597313055]], "bathroom_2": [[0.0057853674416748, 6.872409546909122], [1.1111515005814372, 8.003650801456242], [1.5741640252987263, 7.547986153964903], [1.4347289382385675, 7.406302588980569], [2.085945016298476, 6.765421125069761], [2.2253801033586296, 6.907104690054094], [2.9497487225041343, 6.194231595102163], [1.8403579035065274, 5.066951155791738], [0.0057853674416748, 6.872409546909122]], "living_dining_3": [[3.1769960268339776, 2.5486529056935545], [6.629190233323332, 6.072978628857111], [9.40012558396822, 3.3338394155203197], [5.950708247184155, -0.2131410530468436], [3.1769960268339776, 2.5486529056935545]], "balcony_4": [[7.402155369064483, 0.5811410302151927], [9.177164870005424, 2.406354803051517], [9.881545892298819, 1.7242932556781128], [8.110474519468184, -0.1047338591814295], [7.402155369064483, 0.5811410302151927]], "room_5": [[-1.670305771779283, 5.157083388252612], [-0.0784405257078316, 6.786212039879334], [2.615541381731388, 4.134982859954114], [1.9235757489264866, 3.419876628588799], [1.6116173239436495, 3.7217401832384844], [1.6083201976790278, 3.7183327950306655], [1.601751246171501, 3.724689177463656], [0.7312689789822393, 2.8250963883871556], [-1.670305771779283, 5.157083388252612]], "kitchen_6": [[1.2157662846724122, 8.110714475700622], [2.862723948162797, 9.796225183488236], [4.70365394156641, 7.976419631992382], [3.054744413544787, 6.3009204072819465], [1.2157662846724122, 8.110714475700622]]}