{"room_0": [[0.3786979037920011, 4.415247242094948], [0.3786979037920011, 1.2368718292485932], [-0.8458123741536472, 1.2368718292485932], [-0.8458123741536472, 1.1651621215630321], [-0.8505570427613076, 1.1651621215630321], [-0.8505570427613076, 0.5247701552987456], [-3.828383084258425, 0.5247701552987456], [-3.828383084258425, 4.415247242094948]], "bathroom_1": [[-6.120900666611088, 4.415247242094947], [-6.120900666611088, 2.1961396134405295], [-7.607076111947006, 2.1961396134405295], [-7.607076111947006, 4.415247242094947]], "living_dining_2": [[-5.7711246487777235, -2.504523161428896], [-5.746891273397152, -2.504523161428896], [-5.746891273397152, -1.2533689186055712], [-5.749398580975886, -1.2533689186055712], [-5.749398580975886, 0.3270267126820441], [-0.8463782307374323, 0.3270267126820441], [-0.8463782307374323, -2.0401180247116013], [-0.6062328452134498, -2.0401180247116013], [-0.6062328452134498, -2.0510028170027264], [0.396998072426598, -2.0510028170027264], [0.396998072426598, -5.196171708296808], [-5.7711246487777235, -5.196171708296808]], "bathroom_3": [[-4.001818847962156, 4.415247242094943], [-4.001818847962156, 2.2070332376463497], [-5.611854475656277, 2.2070332376463497], [-5.611854475656277, 3.7321850488810053], [-5.705277802955463, 3.7321850488810053], [-5.705277802955463, 4.415247242094943]], "balcony_4": [[0.4777302398457035, 0.9601845955978217], [0.4777302398457035, 0.9762219836541264], [0.7240953464610076, 0.9762219836541264], [0.7240953464610076, 0.9753232770651685], [1.9708950856135905, 0.9753232770651685], [1.9708950856135905, -1.7995813465570842], [0.7472039683001839, -1.7995813465570842], [0.7472039683001839, -1.7923053619917848], [0.39570394390743946, -1.7923053619917848], [0.39570394390743946, -1.8063803919277834], [-0.5664454200573372, -1.8063803919277834], [-0.5664454200573372, 0.9601845955978217]], "kitchen_5": [[-7.715120280180409, 0.33344413461119604], [-7.715120280180409, -2.469854588475437], [-11.269010014094352, -2.469854588475437], [-11.269010014094352, 0.33344413461119604]], "room_6": [[-11.276095176091072, 4.400668676782527], [-10.255108992057995, 4.400668676782527], [-10.255108992057995, 4.415247242094951], [-7.736009972050317, 4.415247242094951], [-7.736009972050317, 0.5405217685871397], [-11.276095176091072, 0.5405217685871397]], "corridor_7": [[-3.989834657724284, 2.0654922200259063], [-3.989834657724284, 0.5086562673134267], [-6.343048955439598, 0.5086562673134267], [-6.343048955439598, 0.3240211623911291], [-5.767975204952617, 0.3240211623911291], [-5.767975204952617, -1.2330712630262672], [-5.912395874761322, -1.2330712630262672], [-5.912395874761322, -2.4725139672541996], [-7.583127552675264, -2.4725139672541996], [-7.583127552675264, 2.0654922200259067]]}