{"bathroom_0": [[-3.6416355082558844, -5.870422770263019], [-2.7278060239703903, -3.9616729742609387], [-1.254628012715405, -4.666968925100377], [-2.168457497000899, -6.575718721102458], [-3.6416355082558844, -5.870422770263019]], "corridor_1": [[-5.906772514628514, -7.742834616186734], [-4.338048866523973, -4.466182905124498], [-4.343668846296955, -4.463492294113877], [-3.8475814866423255, -3.422932613509495], [-2.799116878312015, -3.9248935694864784], [-3.7511656686036687, -5.913473458298096], [-3.6788270603872224, -5.948106155144391], [-3.6775345446979415, -5.945406429319526], [-2.7538571746634, -6.387624480356283], [-3.0020597354326366, -6.906054445007619], [-2.9987958631745038, -6.907617050388726], [-3.0117030884952847, -6.934576854292683], [-2.4654663195329736, -7.196092148714257], [-2.7507700829449995, -7.792016781893636], [-3.2952014997466375, -7.53136581449774], [-3.329736315271525, -7.603499974340085], [-3.100691340763756, -7.713157118178959], [-3.634148891716647, -8.824201143703682], [-3.729863636318365, -8.778381764504989], [-3.7324595921800867, -8.783804606469399], [-5.906772514628514, -7.742834616186734]], "room_2": [[-10.862520215283489, -8.102485047370266], [-9.383694245323746, -4.9994099345980665], [-5.654149107828455, -6.784959992942685], [-7.138504217660876, -9.885387985045124], [-10.862520215283489, -8.102485047370266]], "kitchen_3": [[-6.970943779202345, -9.965608907338833], [-5.932540834304481, -7.796657868522779], [-3.758225700843928, -8.83762891734548], [-4.796539547130294, -11.006622612846218], [-6.970943779202345, -9.965608907338833]], "living_room_4": [[-4.6300354059578375, -11.086337824225794], [-3.563356220795729, -8.85809013590557], [-3.5684014934254815, -8.855674925367786], [-3.034945238535265, -7.74463359918191], [-2.785304898469887, -7.864150941735982], [-2.7862443843673628, -7.866113281041059], [-2.7054744985702346, -7.904782520581197], [-2.710209507493518, -7.914672710678804], [1.1588134342454186, -9.766998901855612], [-0.4312019299290597, -13.096563490280491], [-4.6300354059578375, -11.086337824225794]], "room_5": [[-9.33959125131644, -4.906866994534244], [-8.315209650511228, -2.7573692740371314], [-4.581669586705114, -4.544831935834555], [-5.609881218405715, -6.692495997899712], [-9.33959125131644, -4.906866994534244]]}