{"balcony_18": [[7.171, -1.305], [7.171, 2.287], [8.005, 2.287], [8.005, -1.305], [7.171, -1.305]], "storeroom_23": [[3.998, 5.999], [3.998, 7.409], [6.489, 7.409], [6.489, 3.213], [4.747, 3.213], [4.747, 5.999], [3.998, 5.999]], "storeroom_7": [[1.128, 6.007], [1.128, 7.409], [3.199, 7.409], [3.199, 6.007], [1.128, 6.007]], "storeroom_0": [[4.742, -5.846], [4.742, -4.299], [6.379, -4.299], [6.379, -4.381], [6.407, -4.381], [6.407, -2.047], [6.517, -2.047], [6.517, -5.846], [4.742, -5.846]], "shaft_13": [[-2.229, -4.0], [-2.229, -3.678], [-1.773, -3.678], [-1.773, -4.0], [-2.229, -4.0]], "shaft_19": [[0.87, -3.863], [0.87, -3.288], [1.149, -3.288], [1.149, -3.863], [0.87, -3.863]], "shaft_6": [[-2.229, -3.678], [-2.229, -3.288], [-1.773, -3.288], [-1.773, -3.678], [-2.229, -3.678]], "room_9": [[-2.229, -7.645], [-2.229, -4.0], [-1.773, -4.0], [-1.773, -3.288], [0.87, -3.288], [0.87, -3.863], [1.149, -3.863], [1.149, -7.645], [-2.229, -7.645]], "room_20": [[-6.242, -7.645], [-6.242, -3.368], [-2.229, -3.368], [-2.229, -7.645], [-6.242, -7.645]], "storeroom_21": [[-6.242, -3.368], [-6.242, -2.912], [-3.643, -2.912], [-3.643, -3.368], [-6.242, -3.368]], "room_17": [[1.149, -5.846], [1.149, -1.858], [6.407, -1.858], [6.407, -4.299], [4.742, -4.299], [4.742, -5.846], [1.149, -5.846]], "corridor_15": [[-3.643, -3.288], [-3.643, 1.1189999999999998], [-1.685, 1.1189999999999998], [-1.685, -3.288], [-3.643, -3.288]], "bathroom_11": [[-7.052, -3.158], [-7.052, 1.1189999999999998], [-3.643, 1.1189999999999998], [-3.643, -2.912], [-6.242, -2.912], [-6.242, -3.158], [-7.052, -3.158]], "shaft_16": [[0.857, -1.104], [0.857, -0.445], [1.139, -0.445], [1.139, -1.104], [0.857, -1.104]], "storeroom_24": [[4.997, -1.761], [4.997, -0.785], [7.171, -0.785], [7.171, -1.761], [4.997, -1.761]], "storeroom_14": [[-7.052, 1.119], [-7.052, 3.241], [-3.671, 3.241], [-3.671, 1.119], [-7.052, 1.119]], "storeroom_5": [[4.969, 2.04], [4.969, 3.213], [7.171, 3.213], [7.171, 2.04], [4.969, 2.04]], "room_2": [[1.139, -1.858], [1.139, -1.107], [1.139, 3.213], [4.969, 3.213], [4.969, 2.04], [7.171, 2.04], [7.171, -0.785], [4.997, -0.785], [4.997, -1.858], [1.139, -1.858]], "corridor_25": [[-1.685, -3.288], [-1.685, 3.241], [0.649, 3.241], [0.649, 0.998], [1.139, 0.998], [1.139, -0.445], [0.857, -0.445], [0.857, -1.858], [1.149, -1.858], [1.149, -3.288], [-1.685, -3.288]], "shaft_22": [[0.649, 0.998], [0.649, 3.213], [1.139, 3.213], [1.139, 0.998], [0.649, 0.998]], "corridor_8": [[-3.671, 1.119], [-3.671, 3.241], [-1.685, 3.241], [-1.685, 1.119], [-3.671, 1.119]], "kitchen_12": [[-6.255, 3.241], [-6.255, 7.388], [-2.428, 7.388], [-2.428, 5.236], [-2.972, 5.236], [-2.972, 4.613], [-2.428, 4.613], [-2.428, 3.241], [-6.255, 3.241]], "room_1": [[-2.428, 3.241], [-2.428, 7.388], [-2.208, 7.388], [-2.208, 8.403], [1.128, 8.403], [1.128, 5.578], [0.814, 5.578], [0.814, 4.953], [1.128, 4.953], [1.128, 3.241], [-2.428, 3.241]], "shaft_4": [[-2.972, 4.613], [-2.972, 5.236], [-2.428, 5.236], [-2.428, 4.613], [-2.972, 4.613]], "shaft_3": [[0.814, 4.953], [0.814, 5.578], [1.128, 5.578], [1.128, 4.953], [0.814, 4.953]], "bathroom_10": [[1.128, 3.213], [1.128, 6.007], [3.199, 6.007], [3.199, 7.409], [3.998, 7.409], [3.998, 5.999], [4.747, 5.999], [4.747, 3.213], [1.128, 3.213]]}