{"bathroom_0": [[-2.282173492388095, 0.8756715135590252], [-1.9133067951891807, 1.5199760109666567], [-1.0417093589280402, 1.9335193736930183], [-1.0405225327666674, 1.9309667445321015], [-0.7455345246444942, 2.0681192501493673], [-0.3251853950855246, 1.1640311193024075], [-1.5099623160101618, 0.6018947343429613], [-2.282173492388095, 0.8756715135590252]], "kitchen_1": [[-7.318667794050032, 3.188249006428773], [-7.021604180683417, 3.707134076731178], [-7.025914315411502, 3.709601644733617], [-7.216413206747452, 3.884161717480506], [-6.515645502812953, 5.108202235943304], [-6.269174585400675, 5.020922306498937], [-6.265742201943057, 5.030615058373227], [-6.2629776400096375, 5.029032336486782], [-6.113124939930397, 5.290782094171377], [-2.8241063197914915, 3.4027571201105964], [-3.9353263267780765, 1.4617739585846081], [-4.917978339789014, 1.8101596223018674], [-7.318667794050032, 3.188249006428773]], "room_2": [[-10.44844543366823, -1.9425659748733093], [-10.327446773641938, -1.2469793851585873], [-10.291377944368088, -1.2352434167598876], [-10.286739010470697, -1.2414206072429526], [-10.06645111233449, -1.075989251248588], [-10.063329375107, -1.0785644429460053], [-9.887170239002792, -0.865018191732533], [-9.707572605631714, -0.967838498144916], [-8.653720133902194, 0.8729400061105732], [-4.965876829001207, -0.4417698357650472], [-6.621171517081797, -5.098586734058719], [-8.01164906539668, -4.602883862071936], [-8.096396062612003, -4.84060448782242], [-8.38316221094707, -4.73772995505786], [-8.3820259836634, -4.730824230604705], [-8.608889550810659, -4.693497433624712], [-8.608980975258707, -4.692452966256608], [-8.61306492126686, -4.692810442728403], [-8.6594143193144, -4.685184385389972], [-8.661364680073675, -4.697038223245654], [-8.88902809841288, -4.716966085999482], [-8.888001806672126, -4.728690829831747], [-8.92026215709345, -4.742976219926925], [-9.186760419854886, -4.584659921819783], [-9.759811994448604, -4.005847884971152], [-10.144130863364147, -3.4098751631774658], [-10.38875570828756, -2.667709821840708], [-10.44844543366823, -1.9425659748733093]], "shaft_3": [[-1.864110839708415, 1.6059072582471092], [-1.326220730044751, 2.5454472584670125], [-1.0655505120029112, 1.9847969950914663], [-1.864110839708415, 1.6059072582471092]], "bathroom_4": [[-3.787869509615234, 1.4094951860011147], [-3.0347851903509024, 2.7249178509198746], [-3.075757362682088, 2.7483745704456215], [-3.0754383110548265, 2.748931862280072], [-3.1175153343970843, 2.773021113077901], [-2.7735906072495613, 3.373759130777957], [-1.576009443631678, 2.6863008319618107], [-1.5744288054770301, 2.689054369861873], [-1.3762512573638066, 2.575292727454359], [-2.3379662276488826, 0.8954520552432275], [-3.787869509615234, 1.4094951860011147]], "shaft_5": [[-7.5503408919959405, 2.7835824424141524], [-7.348187132371968, 3.1366871750524297], [-6.765489228472511, 2.80219585044917], [-6.967257242000894, 2.4497649057839777], [-7.5503408919959405, 2.7835824424141524]], "shaft_6": [[-3.879533591517289, 1.4419934169004005], [-3.153223175563264, 2.710649739270517], [-3.1207231338406665, 2.6920433457139357], [-3.8436622448760236, 1.4292757276853187], [-3.879533591517289, 1.4419934169004005]], "shaft_7": [[0.9590768657463702, -3.475938154160401], [1.251959238772086, -2.651976358270124], [1.640547454931637, -2.7905073938873084], [1.3476650819059142, -3.614469189777589], [0.9590768657463702, -3.475938154160401]], "room_8": [[-8.719364320358451, 1.2589364823566545], [-8.07008871357862, 2.3930350515200516], [-7.838985806013149, 2.3111972197852726], [-7.82527653003414, 2.303348608807525], [-7.572253594968127, 2.7453072248828594], [-6.9603064682300895, 2.3949652415373475], [-6.938393765257903, 2.4332404590686387], [-6.939078618373651, 2.4336325399991434], [-6.737329246757183, 2.786030922582208], [-4.979127127498854, 1.7767543285609442], [-5.793876163033399, -0.0885120081748898], [-8.6261064268339, 0.9211732453520263], [-8.528697669600678, 1.0913184518692969], [-8.549335244010958, 1.1031335392100594], [-8.719364320358451, 1.2589364823566545]], "balcony_9": [[-11.733709618131915, -1.964080932332271], [-11.732562476327182, -1.9641722093284937], [-11.69818287424407, -1.532099722107608], [-11.695569668691274, -1.5323662095602817], [-11.683857666970786, -1.4175170201384102], [-10.89517670635982, -1.5232583723014077], [-10.966203647712373, -1.9315718850506638], [-10.963018652873112, -1.9321259211885629], [-10.894333152434376, -2.766555426457378], [-10.89516205107598, -2.766828639433472], [-10.89402727144033, -2.770271438205187], [-10.893986129563572, -2.770771252513166], [-10.893865792759588, -2.7707613470705237], [-10.605993943655632, -3.6441334251125976], [-10.6029236052933, -3.643121412015363], [-10.146884298576094, -4.350312780568453], [-10.14221481026339, -4.347301615122236], [-9.693243854521647, -4.8007857427297775], [-10.229735900426725, -5.411064862743599], [-10.525557363022553, -5.130182331534735], [-10.52468891019878, -5.129427311334288], [-10.811026241945829, -4.800071270047335], [-10.80973577839702, -4.799176937255426], [-11.055667281258888, -4.444313912194529], [-11.05466316829257, -4.443751752999029], [-11.275130707292494, -4.049958826834368], [-11.444823221113486, -3.6689475510659886], [-11.443732088872522, -3.6685819060975593], [-11.582400967622386, -3.2547758989511397], [-11.580866622511337, -3.2544428638273484], [-11.67244755216302, -2.832515140183224], [-11.671304798277998, -2.832379569653556], [-11.724067122995507, -2.387634301656819], [-11.726819521838557, -2.3879608323069714], [-11.733709618131915, -1.964080932332271]], "dining_10": [[-6.570876683345611, -5.116516756416393], [-4.915581995265023, -0.4596998581227165], [-4.57852080129949, -0.5798615983007576], [-4.58116761459902, -0.5872860750903062], [-2.856316625383906, -1.2021925078762], [-2.8536698120843766, -1.1947680310866513], [-1.5802420819376461, -1.6487428427377626], [-3.23723380633537, -6.310333989058416], [-3.930399707487836, -6.063221528752239], [-3.951043493543816, -6.121128639332428], [-4.052311260010054, -6.274127544888392], [-5.37447126070867, -5.802779761987024], [-5.341406782858249, -5.551630118369571], [-5.355596767923472, -5.549761971395002], [-6.570876683345611, -5.116516756416393]], "room_11": [[-3.186938972599185, -6.328264011416087], [-1.529947248201461, -1.6666728650954337], [-0.0033349926575941, -2.2109075277840997], [-0.0012975749992137, -2.2051924438686807], [1.2136853604683626, -2.638331786000526], [0.9208029874426398, -3.462293581890803], [0.919668005015815, -3.4618889625934184], [0.90539580058004, -3.501923388364167], [1.3334299030448253, -3.654516815102495], [-0.0151343473861694, -7.448413355134184], [-0.7733406261291123, -7.178114111261612], [-0.7740494898621737, -7.177644924591844], [-0.9160580524808051, -7.392196458790741], [-2.2373753590200725, -6.921149094918432], [-2.2100728842351263, -6.7137662097831114], [-2.198290379368535, -6.680715546965194], [-2.20538853773966, -6.678185065624701], [-2.2041973125175414, -6.669136811744634], [-2.2463280698838037, -6.663590192312116], [-3.186938972599185, -6.328264011416087]], "corridor_12": [[-5.74346009029719, -0.106485252029076], [-4.931681558843234, 1.7519804859665307], [-1.5092427746896568, 0.5386022080391992], [-1.5087975777076608, 0.5398579247810282], [-0.3013442420106571, 1.1127534979039577], [1.2485048103433645, -2.220666353132275], [0.1144012456796997, -1.816360368605208], [-0.0052998989877704, -2.152129563366193], [-2.835299936548817, -1.1432393816859356], [-2.756901163225761, -0.9233259208576339], [-4.481752152440872, -0.3084194880717437], [-4.56015092576393, -0.5283329489000419], [-5.74346009029719, -0.106485252029076]]}