{"storeroom_0": [[4.741523534267189, -5.845772853540645], [4.7435344648018445, -4.388590215729867], [6.379028893568535, -4.388590215729869], [6.379028893568535, -4.381008396591431], [6.407335897894953, -4.3810474606166725], [6.410556957336796, -2.0469678824721447], [6.517367720526779, -2.0469678824721447], [6.485890051007119, -5.845772853540646], [4.741523534267189, -5.845772853540645]], "room_1": [[-2.427566254070506, 3.2410818349419817], [-2.4275662540704994, 7.387871253330751], [-2.20798731707172, 7.387871253330753], [-2.207987317071718, 7.864777720819241], [-2.210472179540051, 7.864777720819244], [-2.210472179540046, 8.402637703201316], [0.9167121818420045, 8.402637703201304], [0.9167121818420028, 7.726706154650037], [0.9087342495269852, 7.726706154650035], [0.908734249526991, 7.409422715939536], [0.9167121818419988, 7.4094227159395345], [0.9167121818419965, 5.5758328189909], [0.8135351157367412, 5.575832818990904], [0.8135351157367419, 5.578238559231625], [0.5789764016552781, 5.57823855923163], [0.5789764016552785, 4.723374709023627], [0.8135351157367403, 4.723374709023626], [0.8135351157367425, 4.732132895921692], [0.9167121818419959, 4.732132895921693], [0.9167121818419918, 3.241081834941979], [-2.427566254070506, 3.2410818349419817]], "room_2": [[1.1284994824917092, -0.42806848007311904], [1.1284994824917183, 3.0243220887447837], [4.88393648572367, 3.0243220887447793], [4.88245978385932, 1.9542581154418066], [4.968925408862536, 1.9541387917818862], [4.968932733542209, 1.9594464818590818], [6.789039540383753, 1.959446481859071], [6.786190064698545, -0.7849898490596835], [4.919913209488236, -0.7849898490596826], [4.919913209488234, -0.7889012632730105], [4.912252983032954, -0.7888906920632773], [4.910777533143675, -1.8580474453992029], [1.1389424715953111, -1.8580474453991989], [1.1389424715953131, -1.1065979876483536], [1.1377599768665325, -1.1065979876483536], [1.1377599768665358, -0.4280684800731186], [1.1284994824917092, -0.42806848007311904]], "shaft_3": [[0.8135351157367374, 4.952928605859579], [0.8135351157367421, 5.355037109053016], [0.9167121818419997, 5.3550371090530176], [0.9167121818419945, 4.952928605859579], [0.8135351157367374, 4.952928605859579]], "shaft_4": [[-2.971579043414877, 4.6134726597681315], [-2.9715790434148746, 5.076239714321211], [-2.7420253721613, 5.076239714321214], [-2.742025372161303, 4.613472659768132], [-2.971579043414877, 4.6134726597681315]], "storeroom_5": [[4.9690444009379915, 2.0403641403943], [4.970402275395049, 3.0243220887447784], [6.482531189565742, 3.0243220887447766], [6.482378214602518, 2.9134716856161167], [6.790029638717973, 2.9130471227461525], [6.7891235550493185, 2.040364140394291], [4.9690444009379915, 2.0403641403943]], "shaft_6": [[-2.228719802916763, -3.6781400602687278], [-2.228719802916762, -3.4997944437412616], [-2.0274137595605213, -3.499794443741259], [-2.0274137595605235, -3.6781400602687278], [-2.228719802916763, -3.6781400602687278]], "storeroom_7": [[1.1284994824917178, 6.007427221822774], [1.1284994824917247, 7.409422715939538], [3.129055065010217, 7.409422715939534], [3.1271202934342854, 6.007427221822772], [1.1284994824917178, 6.007427221822774]], "corridor_8": [[-3.67146928826139, 1.1185460936453353], [-3.671469288261389, 3.073984995346131], [-1.8619743498907306, 3.073984995346128], [-1.8619743498907322, 1.118546093645332], [-3.67146928826139, 1.1185460936453353]], "room_9": [[-2.2287198029167636, -7.644906381641983], [-2.228719802916762, -4.142591467784722], [-2.027413759560521, -4.1425914677847295], [-2.027413759560523, -4.151214505364577], [-1.7728337946829966, -4.151214505364577], [-1.7728337946829993, -3.4552187702610078], [0.7343738074891553, -3.4552187702610095], [0.7343738074891555, -4.1269295395858325], [0.7497471913308156, -4.126929539585834], [0.7497471913308156, -4.133428746472296], [0.9725952120852472, -4.133428746472295], [0.9725952120852472, -5.8457728535406375], [0.8319583848335808, -5.845772853540639], [0.8319583848335808, -6.637892085924379], [0.8450632072963242, -6.637892085924377], [0.8450632072963207, -7.644906381641988], [-2.2287198029167636, -7.644906381641983]], "bathroom_10": [[1.1284994824917176, 3.213242525817729], [1.1284994824917192, 5.9183028523730705], [3.196113486631074, 5.918302852373061], [3.196113486631071, 5.939800101073381], [3.199031843411343, 5.939796073703987], [3.201059946830044, 7.4094227159395345], [3.928201104872474, 7.409422715939531], [3.9261494713787464, 5.9227454515130775], [3.9438244359675476, 5.922721059837616], [3.9438244359675476, 5.91030665415811], [4.6692985271545036, 5.910306654158114], [4.665576544426411, 3.2132425258177233], [1.1284994824917176, 3.213242525817729]], "bathroom_11": [[-7.0518177721125, -3.168215009723819], [-7.0518177721125, -2.024460242301436], [-3.765994358950571, -2.0244602423014406], [-3.7659943589505755, -2.9123873710270587], [-6.408240178839097, -2.912387371027057], [-6.408240178839097, -2.943691883496058], [-6.417002354503785, -2.9436918834960553], [-6.417002354503786, -3.1583356236915616], [-6.680998671027453, -3.1583356236915616], [-6.680998671027456, -3.1682150097238195], [-7.0518177721125, -3.168215009723819]], "kitchen_12": [[-6.254991517040525, 3.2410818349419923], [-6.254991517040516, 7.387871253330758], [-2.6184583922705267, 7.387871253330753], [-2.6184583922705285, 5.235882506115791], [-3.1537410097380123, 5.235882506115795], [-3.153741009738014, 5.231266454180595], [-3.1624711816149045, 5.231266454180595], [-3.162471181614901, 4.4430709909939345], [-2.971579043414877, 4.443070990993933], [-2.971579043414878, 4.45382986797355], [-2.742025372161302, 4.453829867973547], [-2.742025372161304, 4.446298654087826], [-2.618458392270526, 4.446298654087823], [-2.6184583922705307, 3.241081834941982], [-6.254991517040525, 3.2410818349419923]], "shaft_13": [[-2.228719802916762, -4.000259534022461], [-2.228719802916757, -3.807038990381799], [-2.0274137595605195, -3.8070389903817947], [-2.0274137595605244, -4.000259534022467], [-2.228719802916762, -4.000259534022461]], "storeroom_14": [[-7.051817772112496, 2.956696101856045], [-6.694377912557827, 2.956696101856039], [-6.694377912557827, 2.949819726409135], [-6.254991517040527, 2.9498197264091335], [-6.2549915170405255, 3.0739849953461382], [-3.7972507454910986, 3.0739849953461307], [-3.797250745491101, 1.1185460936453335], [-7.051817772112494, 1.1185460936453366], [-7.051817772112496, 2.956696101856045]], "corridor_15": [[-3.6427198518507704, -2.0244602423014406], [-1.8619743498907426, -2.024460242301442], [-1.8619743498907413, -3.2881219306651523], [-3.64271985185077, -3.2881219306651523], [-3.6427198518507704, -2.0244602423014406]], "shaft_16": [[0.8567799594779911, -1.1039196951527712], [0.8567799594779949, -0.9098933494940135], [1.001924034856571, -0.909893349494013], [1.0019240348565688, -1.1039196951527712], [0.8567799594779911, -1.1039196951527712]], "room_17": [[1.1389424715953114, -2.046967882472142], [6.329328096792497, -2.046967882472146], [6.326219621013869, -4.299465846280158], [4.743657457562848, -4.299465846280154], [4.7436778578039664, -4.284683198816546], [4.66902384643431, -4.2845801753333514], [4.666869380723817, -5.845772853540645], [1.149385460698908, -5.8457728535406375], [1.149385460698911, -3.879034421647236], [1.1477754531752742, -3.879034421647237], [1.1477754531752742, -3.020951827010574], [1.1389424715953123, -3.020951827010577], [1.1389424715953114, -2.046967882472142]], "balcony_18": [[7.171451792000017, -1.2895406630469899], [7.175165680033179, 2.2874434467234352], [8.005348012991767, 2.271789438633568], [8.011423064111597, -1.3053792524349728], [7.171451792000017, -1.2895406630469899]], "shaft_19": [[0.8702097494991157, -3.862577112599978], [0.8702097494991197, -3.646973924550081], [1.0196540667517402, -3.6469739245500845], [1.019654066751739, -3.8625771125999773], [0.8702097494991157, -3.862577112599978]],