{"bathroom_0": [[0.6773378431300685, -6.0930675880797445], [0.8813171176505143, -5.446127981220885], [1.1443349643729501, -5.529057189746027], [1.1542190833624524, -5.497708769332979], [1.146858836734566, -5.495388092485356], [1.354559414596876, -4.836646019289418], [1.3417525854643504, -4.832608041574552], [1.3453728413466433, -4.8211260568350465], [1.1025220703846195, -4.744555502872393], [1.3808762660216125, -3.8617287827741134], [1.859028158709652, -4.012489495438846], [1.8694518029802616, -3.9794299194484957], [1.8671123608690685, -3.9786922961841835], [1.9375918881768186, -3.755159793701907], [3.165674133461639, -4.1423726382839945], [2.3812325389917355, -6.630303522062253], [0.6773378431300685, -6.0930675880797445]], "kitchen_1": [[-1.4237941378730952, -5.430583219194547], [-0.6393525434031915, -2.9426523354162883], [1.3584996835359515, -3.5725727229293813], [0.574058089066046, -6.060503606707639], [-1.4237941378730952, -5.430583219194547]], "corridor_2": [[-0.6071744917539519, -2.840596594055385], [-0.1296893150282656, -1.3262070893467195], [0.0541092541234161, -1.384158555597935], [0.0805274799733304, -1.300370647804689], [-0.0247474150303475, -1.2671776009106672], [0.0594778487664769, -1.000049192024985], [0.1624133016589653, -1.0325046156546955], [0.1885861240573945, -0.9494950281726586], [3.8121536738817348, -2.0920014880534605], [3.1978521851108788, -4.040316896923091], [-0.6071744917539519, -2.840596594055385]], "room_3": [[-5.140487498087964, -4.258714304084238], [-3.7095663631979647, 0.2795877299245539], [-0.0961527570471183, -0.8597172038136494], [-1.5270738919371176, -5.3980192378224405], [-5.140487498087964, -4.258714304084238]], "shaft_4": [[1.3912999102922239, -3.828669206783763], [1.461779437599974, -3.6051367043014864], [1.9059197684095057, -3.745173612698043], [1.8354402411017556, -3.9687061151803196], [1.3912999102922239, -3.828669206783763]], "balcony_5": [[-5.201354061088029, -5.866073355473805], [-4.967808272211929, -4.718031788727169], [-2.100975742785387, -5.6219406131742335], [-2.5419749626754644, -6.705074753014911], [-5.201354061088029, -5.866073355473805]], "room_6": [[2.4845122930557544, -6.662867503434358], [3.9154334279457554, -2.1245654694255656], [7.315393852899396, -3.196568873649923], [5.902394705466829, -7.678029625390703], [5.896271836527241, -7.676099092229586], [5.87834984906981, -7.732940374497598], [2.4845122930557544, -6.662867503434358]], "shaft_7": [[0.8912012366400166, -5.414779560807837], [1.0926379513951172, -4.775903923285439], [1.321644236239047, -4.848109327542405], [1.1202075214839464, -5.486984965064805], [0.8912012366400166, -5.414779560807837]]}