{"kitchen_0": [[1.2513135530997617, -1.5325740796916838], [1.2513135530997617, -4.106161437626214], [-1.4683469367093935, -4.106161437626214], [-1.4683469367093933, -1.5325740796916838]], "corridor_1": [[0.45211567848722023, 0.12629529885586677], [0.45211567848722, 0.11787404465122842], [1.2453864425816872, 0.11787404465122842], [1.2453864425816872, -1.3879974964713304], [-3.214701759296512, -1.3879974964713304], [-3.2147017592965117, 0.12629529885586677]], "room_2": [[-3.3474177356391275, 0.126295298855867], [-3.3474177356391275, -4.108144716435176], [-7.4317289558126465, -4.108144716435176], [-7.4317289558126465, 0.126295298855867]], "bathroom_3": [[-1.604886866571198, -1.5303226385942263], [-1.604886866571198, -4.107394814231215], [-3.204927399858737, -4.107394814231215], [-3.204927399858737, -1.5303226385942263]], "room_4": [[1.714079851409362, 0.11668052706145038], [1.714079851409362, 0.08304320022147249], [1.8781692310685707, 0.08304320022147249], [1.8781692310685707, 0.1160255631246605], [1.9761643989062088, 0.1160255631246605], [1.9761643989062088, 0.12364230489727746], [5.073571705034084, 0.12364230489727746], [5.073571705034084, -4.104505121850098], [1.3878357823584442, -4.1045051218500985], [1.3878357823584442, 0.11668052706145016]], "balcony_5": [[-4.951903286666667, -4.447394175319294], [0.2937813694077409, -4.447394175319294], [0.2937813694077407, -5.550140579660112], [-4.951903286666667, -5.550140579660112]]}