{"room_0": [[-7.506255100587019, 12.469924855984445], [-6.7569967643229205, 17.537504927507676], [-3.591156984682776, 17.069425131491965], [-4.3404153209468745, 12.001845059968733], [-7.506255100587019, 12.469924855984445]], "living_dining_1": [[-10.844591588092705, 17.057816943780608], [-9.202465602732783, 16.815023230339197], [-9.203908277143853, 16.80526575719358], [-9.037693771827986, 16.780690397365376], [-9.036251097416919, 16.790447870510995], [-9.02813465384579, 16.789247827705424], [-9.003559294017585, 16.955462333021295], [-9.011675737588714, 16.956662375826866], [-8.853567808464224, 18.02601930120467], [-6.908320139021626, 17.738408052386312], [-7.683409951306903, 12.496117781767184], [-10.844591588092701, 12.963508856082226], [-10.844591588092705, 17.057816943780608]], "balcony_2": [[-10.11515183264395, 12.429490629381043], [-7.915716690532349, 12.104296929026944], [-8.230890587892791, 11.896821719989488], [-8.231945545057254, 11.896976760573585], [-8.232083763683896, 11.896036266629451], [-8.235618608380353, 11.893709320621376], [-8.233008460406676, 11.889744266129474], [-8.434590128506688, 10.518103245646927], [-8.65201617749354, 10.374974276714115], [-9.686188320850224, 10.526960213739434], [-10.085043979266171, 10.889722039920603], [-10.11515183264395, 12.429490629381043]], "bathroom_3": [[-10.844591588092708, 19.857928458693294], [-8.797316724828043, 19.555232154683257], [-9.177890242904578, 16.981237735655068], [-10.844591588092705, 17.22766499665924], [-10.844591588092708, 19.857928458693294]], "kitchen_4": [[-10.844591588092712, 23.001000808997837], [-7.7126608552588465, 22.537934576780977], [-8.12109603548112, 19.77549887156507], [-8.58476542771525, 19.84405391214205], [-8.58175876309031, 19.86438937322091], [-8.612672212101653, 19.86896002805961], [-8.604258797240739, 19.92586383735883], [-10.8335624088635, 20.255473688904786], [-10.535186854938068, 22.273525324394697], [-10.516394016995374, 22.270746741660552], [-10.506173338207368, 22.339873911338486], [-10.524966176150063, 22.34265249407263], [-10.522582986280629, 22.35877110751276], [-10.591710155958555, 22.368991786300764], [-10.594093345828, 22.352873172860633], [-10.844591588092708, 22.38991015966446], [-10.844591588092712, 23.001000808997837]], "corridor_5": [[-8.851812649790986, 18.03789024969381], [-8.586520586388485, 19.83218296365291], [-8.122851193655471, 19.76362792300217], [-8.122851193655567, 19.763627923001494], [-8.112105236678868, 19.762039098014128], [-8.110980246839741, 19.76187276457621], [-8.11084492399344, 19.762788007345023], [-8.10922508699139, 19.773743712891097], [-7.700789906769707, 22.536179418107743], [-6.502526328347024, 22.35901221749063], [-6.446667479549848, 20.869336334305544], [-6.4699795946080485, 20.744706422481226], [-5.867890798700925, 20.63208527816698], [-6.289443476582827, 17.780929880706584], [-6.878201980855582, 17.867979756810495], [-6.88295963840152, 17.835801522148287], [-6.8936857166222545, 17.837387407996935], [-6.906564980348389, 17.750279000875448], [-8.851812649790986, 18.03789024969381]]}