{"corridor_0": [[2.346345872596448, -1.9637528708188796], [3.0071532313171403, -0.946795287495906], [5.913833878986001, -2.8345374533485312], [5.259826728728349, -3.8530471631454972], [2.346345872596448, -1.9637528708188796]], "balcony_1": [[3.7343915856978445, 2.2310377488751882], [4.258063092286516, 3.0369484318713944], [11.308262351880458, -1.557904319867582], [10.795893947668954, -2.355834731325107], [10.566779944244509, -2.2087156660403267], [10.567904781702321, -2.2069836798985953], [3.7343915856978445, 2.2310377488751882]], "balcony_2": [[-2.3381172693293113, -4.3457339244222055], [-1.8127088474173245, -3.5407581303477613], [6.423496851100465, -8.916537031615853], [6.430204418947961, -8.906260398304973], [6.543152186692362, -8.978786606953054], [6.0118743141299475, -9.804835019451424], [-2.3381172693293113, -4.3457339244222055]], "bathroom_3": [[4.6576854882122145, -1.9090330435000666], [6.109654159970582, 0.3521718834060756], [7.415512619755248, -0.4959171831166103], [5.96354394807326, -2.757122110075745], [4.6576854882122145, -1.9090330435000666]], "living_room_4": [[2.6697095264158968, -6.129683490082549], [4.3757364329119, -3.472824205574053], [8.17136130741401, -5.934159208382507], [6.4580617742521635, -8.602344425221016], [2.6697095264158968, -6.129683490082549]], "room_5": [[-0.728490489378733, -3.9116752693207495], [1.004365153887207, -1.2448758396352844], [1.0982303424855449, -1.3058365353590204], [1.090861987759638, -1.3171820752714432], [2.0453301911032593, -1.9370609308500732], [2.03411243103287, -1.954359839414245], [4.273373610188358, -3.4064453596959368], [2.567542836505355, -6.062999199264958], [-0.728490489378733, -3.9116752693207495]], "room_6": [[5.3454087608414795, -3.908544231010815], [7.501056525688709, -0.551473626302478], [10.413243791379145, -2.4427920622269284], [9.120840851623253, -4.455499327541727], [8.710807769618885, -4.184104350936892], [8.633536591661787, -4.300848366040736], [8.504843837741399, -4.4952819078021555], [8.422053289957582, -4.62036478112007], [8.838136995896054, -4.895764578301758], [8.258893962976984, -5.797841341574522], [5.3454087608414795, -3.908544231010815]], "kitchen_7": [[2.9313521200548482, 1.0619470891732607], [3.558718828661741, 2.0088754470114214], [6.024110254037119, 0.4077283265919434], [4.5721415822788565, -1.8534766003140426], [3.0572806913446513, -0.8696510185422675], [3.8850309418981297, 0.4042253741594237], [3.8688004299359164, 0.4147717744383712], [3.8863181323423035, 0.4417449318414945], [2.9313521200548482, 1.0619470891732607]]}