{"room_0": [[-11.224101745161672, 0.5201974786457342], [-11.20719796477155, 4.423031790132689], [-7.692318803062848, 4.423031790132689], [-7.7092885174959696, 0.5049742777176602], [-11.224101745161672, 0.5201974786457342]], "room_1": [[-3.86450669032771, 0.496081046322951], [-3.847498457930858, 4.423031790132689], [0.3553793647758754, 4.42303179013269], [0.3415727276891154, 1.2352823219753102], [-0.6914986782779344, 1.2397567143732604], [-0.6915081080879144, 1.2375795099200375], [-0.9076656101931682, 1.2385157215687133], [-0.9108034195531891, 0.5140416837755097], [-3.86450669032771, 0.496081046322951]], "balcony_2": [[-0.6604109488715171, -1.7846525584953188], [-0.6482911581355424, 1.0136288933896735], [0.41835350531156745, 1.0090090900093132], [0.4184102272023802, 1.0221053404678386], [0.6616977868963794, 1.0210516243342553], [0.6616503991063203, 1.0101104804765435], [1.8948215118775238, 1.0047694252305188], [1.8951664030962467, -1.7795583202993255], [0.6799584507821592, -1.7742950662857542], [0.6798832305790361, -1.7916623050271916], [0.3770850221059563, -1.790350839048867], [0.37709023985740586, -1.789146136969082], [-0.6604109488715171, -1.7846525584953188]], "shaft_3": [[-7.56201107689927, 0.4062249173273065], [-7.561862165638421, 0.4406063376246889], [-7.561706290943638, 0.47659551241594045], [-7.560735842934692, 0.7006576866404717], [-7.264223262987224, 0.6993734446936402], [-7.388867476977805, 0.637337464091345], [-7.380873996249889, 0.6212767665299199], [-7.543789531728661, 0.4586472434527087], [-7.538468970183035, 0.45331732477095965], [-7.56201107689927, 0.4062249173273065]], "bathroom_4": [[-5.722541743279108, 3.724186015780226], [-5.719514933900743, 4.423031790132688], [-4.004029197301051, 4.423031790132691], [-4.013734373716741, 2.1822492763981867], [-5.648967877918535, 2.189331726186086], [-5.64232169090935, 3.7238385702983243], [-5.722541743279108, 3.724186015780226]], "living_dining_5": [[-5.785033475370819, -5.227738055112958], [-5.7765262693943225, -3.2635492988884014], [-5.087946308414443, -3.266531645437725], [-5.087386088962763, -3.137185212420322], [-5.080850498358904, -3.1372135190763224], [-5.080238324553438, -2.9958715897899975], [-5.2173893869613375, -2.9952775672786167], [-5.217903667165212, -3.114017303543079], [-5.775868156341049, -3.1116006728491366], [-5.7718006601055665, -2.1724756071352003], [-5.2142418744320995, -2.174890480664385], [-5.214716686222724, -2.2845175407172684], [-5.077565623814826, -2.285111563228649], [-5.076953450009358, -2.1437696339423225], [-5.077164311658295, -2.1437687206678344], [-5.076643560619866, -2.023534963862012], [-5.771142547052294, -2.0205269810959336], [-5.7678844644454434, -1.2682836193026912], [-4.615880317755853, 0.31982865992863996], [-0.9115470269673254, 0.3423536670604044], [-0.9218074888558867, -2.026636096542356], [-0.6828771900296, -2.0276709407036924], [-0.6828843455198195, -2.029323038169365], [0.35800406503841753, -2.033831287225932], [0.34428468078829155, -5.201435358512018], [-5.63981697034566, -5.231617014117971], [-5.639802894339413, -5.228367071271922], [-5.785033475370819, -5.227738055112958]], "corridor_6": [[-7.574462387774748, -2.468599659559376], [-7.563688523676466, 0.018927124369799486], [-7.386784216286635, 0.37279731205354416], [-7.2521241787749275, 0.5072209421495293], [-7.256396213998666, 0.5115004904928577], [-7.136445725961737, 0.5712003827771182], [-6.930693398265846, 0.659208067937028], [-6.7410538027410745, 0.674695541586936], [-6.7415460006746635, 0.6807223616580216], [-6.634712766228201, 0.6544399591935388], [-6.634971889460951, 0.6533165138175518], [-6.4080832098992015, 0.6009845274304007], [-6.245811402184655, 0.5016321321303749], [-6.242653944437242, 0.5067891932652202], [-6.156471069761408, 0.4041991896987476], [-6.022634792855306, 0.22484695530170473], [-5.963074764946311, 0.044138236346739745], [-5.957331771604638, 0.046031077188561476], [-5.958103622517714, -0.13217794809339178], [-5.786424911636614, -0.1329215152025185], [-5.785382255331998, 0.10781249262500392], [-5.8033220352364685, 0.10789019259265498], [-5.875379447511243, 0.3265167298951672], [-5.882531998445488, 0.3241593110847889], [-5.998307568576027, 0.4793086298757743], [-5.996572695840124, 0.4807660459434189], [-6.0218366616814425, 0.5108396580793926], [-6.024296882532521, 0.5141365676838019], [-6.024487073140805, 0.5139946435923575], [-6.151420016967995, 0.6650925410448858], [-6.165156243031459, 0.6535531375144106], [-6.361477281815062, 0.7737524852979267], [-6.365409704511306, 0.7673296774965608], [-6.517894014929259, 0.8025002592658197], [-6.76124845438065, 0.8623687014441335], [-6.765534136057177, 0.8449481769722902], [-6.902787723069502, 0.8337389603193799], [-6.902757269001947, 0.8407703566717997], [-7.560116661900035, 0.8436174821011897], [-7.554769166179076, 2.078275605824254], [-4.014251116038479, 2.062941073325478], [-4.021041552283526, 0.4951292019274458], [-4.6603890819813145, 0.4912415097206102], [-4.659345161614847, 0.3195643624583395], [-4.6236258100453105, 0.31978156177214334], [-5.761367338985399, -1.2486687757491213], [-5.962124805819693, -1.247799264040399], [-5.967423314072731, -2.471146901811351], [-7.574462387774748, -2.468599659559376]], "bathroom_7": [[-7.554252423857338, 2.197583808896963], [-7.54461366367894, 4.42303179013269], [-6.1143524991805585, 4.4230317901326845], [-6.124018088987168, 2.191389242288817], [-7.554252423857338, 2.197583808896963]], "kitchen_8": [[-11.237021544993514, -2.4627943088443267], [-11.224765431305542, 0.3669621079429035], [-7.709952203639843, 0.3517389070148287], [-7.711007090556153, 0.10818103080560082], [-7.714906581968497, 0.1003806907329503], [-7.71104922698586, 0.09845234882874365], [-7.722166513153496, -2.4683655406788114], [-11.237021544993514, -2.4627943088443267]]}