{"room_0": [[4.759170199170132, 0.9281694580035182], [8.42505570569629, 2.555264016104461], [8.733211692549498, 1.9040710043254876], [8.069547130505745, 1.5707963733683403], [8.069839880552463, 1.5702134072092147], [7.100142015960879, -1.1752993714341624], [4.95787041374315, -0.3951171287786597], [5.137201957598725, 0.0939220795797819], [5.139167755011455, 0.0947943990311817], [5.138266561132108, 0.0968252658123099], [5.138500005035114, 0.0974618700541985], [5.137883797717501, 0.0976878343689496], [4.91361252314252, 0.6030897150685401], [4.910015468587259, 0.6014935278744833], [4.759170199170132, 0.9281694580035182]], "corridor_1": [[1.7380159570714735, -1.4583159512893094], [2.9769946443401096, -0.890493708256427], [3.3749142638603615, -0.7081808731668122], [3.374801939356983, -0.7079357829692103], [4.379513134727786, -0.2474780120503457], [7.080429973207854, -1.2311102247398882], [6.77840232840906, -2.0862433425671565], [6.834210535540711, -2.105954450708124], [6.876723465004856, -2.1214021067320648], [6.292169202736323, -3.7322179888990217], [3.801161114358509, -2.837588322679027], [3.7995538785563117, -2.8420635122847013], [2.0890259728466187, -2.222033236131308], [1.7380159570714735, -1.4583159512893094]], "balcony_2": [[2.698650625313741, -9.47831441204257], [2.988256924695312, -8.682627643959892], [3.717889851238466, -8.94819231116214], [3.8213541530091444, -8.663926478327555], [4.176160617191117, -8.793141514669164], [4.175453192799717, -8.795084003361614], [4.30348736099733, -8.841712070679295], [4.3684348191121405, -8.663375410924006], [6.081079503117673, -9.286727097776266], [6.013724953630019, -9.471673294650016], [6.1687905629533635, -9.528145795482965], [6.170356348054712, -9.523846368023081], [6.488847931085678, -9.639836085320725], [6.385321807603626, -9.924104378416468], [6.605625990852337, -10.004335760644304], [6.565302783501187, -10.121679080395788], [6.5664267899984825, -10.122065327752269], [6.568171237934189, -10.213272782701468], [6.567374654670397, -10.213931330330015], [6.568202997218405, -10.214933298573206], [6.568212875135044, -10.215449759751683], [6.568623471313083, -10.21544190662547], [6.631689519852818, -10.291726987009463], [6.635909452397582, -10.288238303909667], [6.729660047219975, -10.320945108366177], [6.528548896378011, -10.873628378753002], [2.698650625313741, -9.47831441204257]], "kitchen_3": [[6.853933498841501, -2.0501126779742744], [8.116528407053599, 1.5246816794479425], [8.490058220399048, 1.712258382821764], [8.530895704865204, 1.613127947590522], [8.540456490273487, 1.6170665808133489], [8.579010434509142, 1.5997973988239078], [8.583246053650354, 1.591362822467877], [8.59012677696697, 1.5948181380824433], [8.727544936272201, 1.5332654422754803], [8.730993188127078, 1.5307518964974616], [8.731525664878417, 1.5314823840666758], [8.732562842685814, 1.5310178087121553], [8.734755861288006, 1.5359137856581615], [8.875168383944809, 1.7285411672372355], [9.993513671931906, 1.226035602232157], [9.96152488270812, 1.0059257486918707], [9.953916667497948, 0.9907436796860853], [9.958951752083417, 0.9882204394667813], [9.95832738037637, 0.9839242354425775], [9.971281535336681, 0.9820415949068071], [10.138952385822192, 0.8980164258419396], [10.050652080659026, 0.6499586497216949], [10.074066460546563, 0.6416239104459773], [10.073301002405069, 0.6395644473284268], [10.371407510459447, 0.5287646705914391], [9.155095964911242, -2.8881605201033462], [8.974124158642455, -2.822253382312775], [8.976135044412521, -2.8167121230239136], [8.920498361695016, -2.7965219446298146], [8.91851050371785, -2.8019997478173], [6.853933498841501, -2.0501126779742744]], "shaft_4": [[6.253601338662536, -4.012001142554089], [6.33678747182447, -3.7827708501372985], [8.357695810710156, -4.5187544660340055], [8.360863219013018, -4.510057204690606], [8.361542088683612, -4.510303561933457], [8.953933967116255, -2.877890101217522], [9.135246920792822, -2.9439214796269813], [8.467979527631593, -4.818443490839359], [6.253601338662536, -4.012001142554089]], "shaft_5": [[4.536093691857493, -0.2112002035783114], [4.665278391939237, 0.1463943321104875], [5.011906764137226, 0.0211712712603944], [4.8810038363908905, -0.3358025370308368], [4.536093691857493, -0.2112002035783114]], "bathroom_6": [[6.3569776633506745, -3.727134131232548], [6.932337119929473, -2.1416557412275434], [8.898320312191638, -2.8576364667220435], [8.322960855612843, -4.4431148567270515], [6.3569776633506745, -3.727134131232548]], "living_room_7": [[3.6182057746447054, -8.170918621938496], [5.33191879951854, -3.448557780311342], [6.272518471923258, -3.7863681531062614], [6.183944560075039, -4.0304451758227895], [6.188221139281003, -4.0319971176868155], [6.1820529840816345, -4.048934011401167], [8.448130483513173, -4.87420445036299], [6.855275048946458, -9.348936174670522], [6.25899846531644, -9.131781448921531], [6.214474842182183, -9.254037106963311], [4.288772020371063, -8.553138599781635], [4.333147616694605, -8.431289402712197], [3.6182057746447054, -8.170918621938496]]}