{"kitchen_0": [[-9.45583408652246, -0.11206425198096648], [-9.3253168902949, -0.09495948922405217], [-9.451128732969487, 0.8650426570476912], [-9.442774784103927, 0.8661374730379121], [-9.449030839609524, 0.913874050015814], [-6.607060357347458, 1.2552011806709495], [-6.438569656170111, -0.09441543508176276], [-6.514970364142383, -0.107063256441569], [-6.288899872113618, -1.4726696443944687], [-9.116075933055768, -1.900787657850763], [-9.169517245551026, -1.4930058973711762], [-9.273077898918501, -1.5065779051831867], [-9.45583408652246, -0.11206425198096648]], "room_1": [[-5.030677325704829, -0.7337763005384765], [-1.8948243596790624, 0.24655503843093163], [-0.46156457121962124, -4.338111165804586], [-0.9218706820669322, -4.48201220672445], [-0.892825575218118, -4.574920778387721], [-2.8893462974619384, -5.199073713529314], [-2.9191915281153014, -5.103605731077115], [-3.598217661049935, -5.315883093985068], [-5.030677325704829, -0.7337763005384765]], "balcony_2": [[-9.70954842231266, -4.731554036767758], [-9.01965145860798, -4.4659311953233445], [-8.9314285166914, -4.684287883453909], [-8.925206780014179, -4.681774106943584], [-8.867651185090583, -4.784003168604901], [-8.916525085657959, -4.861041162023366], [-8.922084835467297, -4.857513984752726], [-9.106013521690253, -5.147433486863637], [-8.6713935781106, -5.42316200683854], [-8.56394407796504, -5.253793616165076], [-7.073194728066981, -6.224019191235328], [-7.188399394109837, -6.405611742706668], [-6.753779450530181, -6.681340262681568], [-6.576697007663629, -6.402212222772555], [-6.5492283089186, -6.419638720940638], [-6.490449273465915, -6.326987655775389], [-6.335398189013018, -6.342972390313124], [-6.335082459560668, -6.339909831228104], [-5.998023400637125, -6.335699182977491], [-5.934747415841376, -7.062818659375406], [-6.220624610298246, -7.08290001846092], [-6.220429710815303, -7.078893509810383], [-6.650128731887585, -7.057990493160691], [-6.650203244117609, -7.059522225773035], [-7.012165577191672, -7.005062261196162], [-7.0123630259064464, -7.006374582972713], [-7.3954272001624535, -6.903639985483631], [-7.395824445533323, -6.905121185329525], [-7.738040099128467, -6.775232522465558], [-7.739038802097559, -6.777863789750777], [-8.074080449140189, -6.613699114094864], [-8.074755212839067, -6.615076230944961], [-8.38559251334918, -6.421781660618212], [-8.386293317412889, -6.422908624727853], [-8.697399183218867, -6.176929561836943], [-8.698350314059425, -6.178132519438975], [-8.922962707225432, -5.960441916684426], [-9.19059920227135, -5.65069151997959], [-9.191759592288259, -5.65169414247924], [-9.40200708311908, -5.352063351495527], [-9.403093417182045, -5.352825619652926], [-9.592945296109905, -5.004617602532132], [-9.594291717143147, -5.005351705569458], [-9.70954842231266, -4.731554036767758]], "living_room_3": [[-9.107490291150185, -1.9663000490634075], [-4.904972970391171, -1.329914720347991], [-3.926776440044602, -4.458938927885971], [-4.370155129168261, -4.597548112910983], [-4.352790512215879, -4.653093501913105], [-4.350803975384653, -4.65247247014511], [-4.09486979891987, -5.4711466412862375], [-4.686902279748209, -5.656228021354698], [-4.688649910138221, -5.653368012513019], [-4.700063874680854, -5.660342603295588], [-4.7304523199590145, -5.66984264860112], [-4.728071883830211, -5.677457112607536], [-5.0907305466726775, -5.899062476601101], [-5.0874063468256425, -5.904502551921583], [-5.637067795651287, -6.076186603498607], [-5.974829091095023, -6.1354355385879735], [-6.352688012237326, -6.1401558716072575], [-6.788436710807508, -6.095249228176241], [-6.809147149731917, -6.082110257549113], [-6.880391405945701, -6.1944097564142435], [-6.937545276651374, -6.15815060076962], [-6.931185425047292, -6.148378703503832], [-8.48848038960998, -5.134843193560354], [-8.487464891887644, -5.133242504727631], [-8.578515745274458, -5.075478664347862], [-8.51025119794903, -4.967875962567977], [-8.552458536827457, -4.941099080252878], [-8.760703592252424, -4.571218504090558], [-8.763397580808281, -4.572735236334109], [-8.905042525672, -4.222156119621772], [-8.979545219587436, -3.9310379609282227], [-9.0317429709936, -3.5327451427387273], [-9.034604753162876, -3.2731263293976025], [-9.032597093342552, -3.2733139023317714], [-8.991352030522796, -2.8318533271327477], [-8.994089845309604, -2.8315975368103152], [-9.107490291150185, -1.9663000490634075]], "shaft_4": [[-4.267953855497879, 3.827206947201754], [-3.7437542161908564, 3.5515430804082744], [-4.136335506716003, 2.805014442884156], [-4.267953855497879, 3.827206947201754]], "storeroom_5": [[-0.6584183791199308, 2.257549493074401], [0.8903362188091652, 1.4264405073011914], [-0.5557151586831977, 0.9743754715759148], [-0.6584183791199308, 2.257549493074401]], "bathroom_6": [[-4.1217015375133474, 2.6913621005944126], [-3.522917582805724, 3.830003652465695], [-2.653434673342818, 3.3487263836209094], [-3.2074419334013644, 2.295231744391581], [-4.0356434418188805, 2.0230058936606974], [-4.1217015375133474, 2.6913621005944126]], "shaft_7": [[-4.299231660044982, -4.636349916728719], [-3.9094118230922197, -4.514484316888092], [-3.6534776466274375, -5.3331584880292215], [-4.043297483580199, -5.455024087869846], [-4.299231660044982, -4.636349916728719]], "shaft_8": [[-7.229507562159158, 2.511866714966614], [-6.636397213477826, 2.587079820116995], [-6.580609050199528, 2.1955923902493883], [-7.174276905543701, 2.1242915280864842], [-7.229507562159158, 2.511866714966614]], "corridor_9": [[-6.530015188024621, 1.2749510471319603], [-4.847989948587767, 1.661967494877497], [-4.852546571742846, 1.6817711884881779], [-3.1571991358958256, 2.239023733088966], [-3.1592762436106474, 2.2453429850554674], [-2.595807894227374, 3.316828736682529], [-2.480913961105643, 3.2532325029465294], [-2.4877217643109226, 3.240546300900283], [-1.4268733428512967, 2.671262660485363], [-1.328937688218213, 2.8537637500062174], [-1.044107460855984, 2.7009151568868717], [-1.1426000817629451, 2.517376172105192], [-0.7451262538120098, 2.3040795849884095], [-0.6366731373103958, 0.9490663628748022], [-1.7799926788717524, 0.5916414487630837], [-1.7813992281347866, 0.5961406741810795], [-1.9842837319827034, 0.5327148568777127], [-1.9177006335724085, 0.31973094181017325], [-3.108982358932699, -0.05268792526200139], [-3.1678639334358323, 0.1356605980485277], [-4.264230463447955, -0.20708585084833553], [-4.20534888894482, -0.39543437415886595], [-5.0860054979373, -0.6707455198086594], [-5.08441410403181, -0.675836020438676], [-5.107222191270185, -0.6829662918334054], [-4.9249158247755815, -1.2661221467696344], [-6.202300098609006, -1.4595558792099257], [-6.415328688488291, -0.1727306923176113], [-6.3502953070721855, -0.16461170511277112], [-6.530015188024621, 1.2749510471319603]], "bathroom_10": [[-6.01392758451879, 3.620012685365854], [-4.67908030161512, 3.7892864288976447], [-4.679669560334079, 3.793933164909486], [-4.341395971360183, 3.8368300846372505], [-4.1049147026316835, 2.000236763546461], [-5.013224447975495, 1.7016797207974892], [-5.011134384933239, 1.6953210544194066], [-5.663812399212283, 1.5451466571003412], [-5.823184730911329, 2.9444480336393957], [-5.871663908887204, 2.938926535724505], [-5.871970056301431, 2.941614533657294], [-5.935833529545901, 2.934340853510887], [-6.01392758451879, 3.620012685365854]],