{"room_0": [[-3.925915227383438, -1.1087726045193325], [-0.0319681305939632, -0.8040215378359594], [0.2761834896988304, -5.019934943623525], [-2.8925444123729775, -5.267928350873959], [-2.9893619837233736, -4.03084490115536], [-3.054494348529513, -4.035942340118167], [-3.0548907575334034, -4.030877236633444], [-3.6933128651971003, -4.080841916036812], [-3.925915227383438, -1.1087726045193325]], "bathroom_1": [[-2.526845508040285, 2.782262328198252], [-0.3067981628253946, 2.956009371936892], [-0.1976243957420358, 1.4623707930784953], [-2.409996235832658, 1.2892244555938994], [-2.526845508040285, 2.782262328198252]], "living_dining_2": [[-9.77129548412055, 0.4118981933046815], [-7.073076559872105, 0.6034850952985646], [-7.071624064710861, 0.5849258844062586], [-5.824362934705542, 0.6825399891575081], [-5.824056747036469, 0.6786276859192153], [-4.248478296650855, 0.8019368119713501], [-3.8652851914731983, -4.0943009458001765], [-6.250415688495925, -4.28096785345951], [-6.23263792374045, -4.508122679233807], [-6.244657448916518, -4.50906336050846], [-6.166384982370772, -5.509187321291915], [-9.307148658191412, -5.75499217087395], [-9.77129548412055, 0.4118981933046815]], "bathroom_3": [[-2.3711679219994295, 0.7930969060840827], [-0.8423354604860123, 0.9127475617929193], [-0.8490097273781245, 0.998027795495041], [-0.1675824591067894, 1.0513581776782104], [-0.0431475207943599, -0.6510729959149248], [-2.2446588027406698, -0.8233693560893549], [-2.3711679219994295, 0.7930969060840827]], "balcony_4": [[-6.002723402472032, -4.53121121972997], [-3.239624344343646, -4.314963447383313], [-3.157040619336126, -5.370174376535539], [-3.1464766067251517, -5.369347607698771], [-3.127249667377601, -5.61501921589802], [-3.129408610473792, -5.6151881807542745], [-3.032127668328293, -6.858192336122763], [-5.804999575622093, -7.075204958667346], [-5.901593963781972, -5.840973225092808], [-5.887995046563802, -5.839908936229873], [-5.915415438218819, -5.489545750827744], [-5.927646575786357, -5.4905029934732665], [-6.002723402472032, -4.53121121972997]], "kitchen_5": [[-7.434420817344854, 6.095258250894462], [-4.644903029177069, 6.313573626102636], [-4.366487708657074, 2.7561306913189956], [-7.179565744863318, 2.5359714259544894], [-7.434420817344854, 6.095258250894462]], "room_6": [[-4.456097068889507, 6.320055421127952], [-0.5863604694359594, 6.580798182798722], [-0.5084180395837166, 5.584891255407408], [-0.4990035478391626, 5.58562805956271], [-0.3153626708796295, 3.0731829382661378], [-4.178326961110299, 2.7708566716925116], [-4.456097068889507, 6.320055421127952]], "corridor_7": [[-7.171174811155517, 2.4187842752169537], [-2.6494208345744212, 2.7726692442189833], [-2.367234129274806, -0.8329624400686271], [-3.937880589059052, -0.9558855748991864], [-4.122122558641429, 1.398260352693109], [-4.294094884917529, 1.3848013229297447], [-4.249293826141065, 0.8123572141878501], [-5.804602774367401, 0.6906344354205238], [-5.816496987665989, 0.8426123689079539], [-7.051396240251014, 0.7459657388646033], [-7.171174811155517, 2.4187842752169537]]}