{"balcony_0": [[-11.179307224573726, 0.30405341379603], [-10.562017441635465, 1.2486965500767209], [-8.095145915676142, -0.3840069108769661], [-8.702959873789226, -1.3141491220992627], [-11.179307224573726, 0.30405341379603]], "room_1": [[-10.925470938234831, 1.9713218214769483], [-8.080291011885459, 6.325321779351437], [-4.8426609109729375, 4.209648774945235], [-7.7002297357033225, -0.1633100060706276], [-10.925470938234831, 1.9713218214769483]], "balcony_2": [[-0.2005677341518481, 6.485521105869873], [-0.1360865858421594, 6.623354536981438], [-0.01534865154348, 6.748397324644888], [0.1259901510318464, 6.827923950381155], [0.2407595010246277, 6.863100936791817], [0.3706656753192821, 6.875999005488195], [0.4949251604134437, 6.856122068474223], [0.6396890840208354, 6.795339707045393], [0.7676936590682377, 6.669872081247318], [0.828239463120628, 6.570668727150453], [0.8695521044164787, 6.413842686635565], [0.8746489658902679, 6.293911681162321], [0.8543697009037432, 6.164951510149827], [0.8037987672997069, 6.049720902517391], [0.6914170516037235, 5.902641631456715], [-0.2005677341518481, 6.485521105869873]], "kitchen_3": [[-2.4428339610080476, 4.533339496626898], [-1.092500138926316, 6.599765366573237], [1.2164142673960132, 5.090974143769891], [-0.1170277900812513, 3.013510122689368], [-2.4428339610080476, 4.533339496626898]], "corridor_4": [[-5.1675735175134925, 3.33186084086379], [-3.936068673740028, 5.216441843370649], [-0.2493726545979076, 2.80732066521246], [-1.4654722040729506, 0.9126728656175338], [-5.1675735175134925, 3.33186084086379]], "room_5": [[-7.9563398827526965, 6.515005112213624], [-5.863616321914829, 9.717515509305523], [-2.6259862210023135, 7.601842504899324], [-4.109546536325298, 5.331539143554943], [-4.718709781840175, 4.399332107807421], [-7.9563398827526965, 6.515005112213624]], "bathroom_6": [[-3.8883465513320816, 5.477929171653667], [-2.53801272925035, 7.544355041600005], [-1.1897199798701132, 6.663294981311957], [-2.540053801951845, 4.596869111365621], [-3.8883465513320816, 5.477929171653667]]}