{"shaft_0": [[6.4969371596263965, 4.717861050811859], [6.829267566579881, 4.890492726199309], [7.271128027006389, 4.0365905174816845], [6.938797620052904, 3.8639588420942346], [6.4969371596263965, 4.717861050811859]], "bathroom_1": [[2.6569513367226207, 3.4398217610540307], [6.1128968064541365, 5.221534765576706], [7.123594620011291, 3.2683455290709666], [3.6774730833588887, 1.4734265324582516], [3.6170887588435967, 1.590309190371844], [3.6146520154229815, 1.5890503115261936], [2.6569513367226207, 3.4398217610540307]], "shaft_2": [[6.210316677146066, 5.27175958886485], [6.543177586027872, 5.4433660610289], [6.767675911053763, 5.009519557976841], [6.435345504100278, 4.836887882589391], [6.210316677146066, 5.27175958886485]], "kitchen_3": [[4.752290858677872, 1.8243114409307388], [7.638108486557789, 3.3273950745025296], [7.638156989151044, 3.327301342487072], [7.696052462951089, 3.3572599495134163], [8.389858721666117, 2.016468568978901], [5.445712290257889, 0.4929897859707495], [4.752290858677872, 1.8243114409307388]], "living_dining_4": [[2.264946646149662, -1.1940907748376155], [5.450374762656589, 0.48189102099305], [8.39537363700754, 2.005810909349467], [10.531429573212618, -2.1221503934321966], [10.27808046803686, -2.253248487708966], [10.290986664208388, -2.2781899124437572], [9.320395887031095, -2.778970610796147], [9.314164611670725, -2.7669285742939245], [8.700380821588665, -3.0845372949637984], [8.705145460158798, -3.0937450330692826], [7.729639570823556, -3.59706170575485], [7.722888081460992, -3.5840143476063915], [6.222913771180719, -4.360191446812777], [6.229266312937623, -4.372467832511457], [5.1677966657395284, -4.920137894604608], [5.162725753758744, -4.910338278371864], [4.611410973791889, -5.195621768716659], [4.328943882064182, -4.64974972285966], [4.11137120453712, -4.762334937521082], [2.264946646149662, -1.1940907748376155]], "shaft_5": [[7.007551702307721, 3.7310905093199658], [7.339882109261206, 3.9037221847074157], [7.552945546238204, 3.4919737805709303], [7.220803962608285, 3.3189772011753327], [7.007551702307721, 3.7310905093199658]], "corridor_6": [[1.5598107955342275, 0.1685952181686474], [3.763433170412471, 1.3070382598402226], [3.7625275062091443, 1.3087913048583069], [4.741647970685152, 1.8187680723542776], [5.435089257756273, 0.4874082962113171], [2.259431602460589, -1.18343286717435], [1.5598107955342275, 0.1685952181686474]], "room_7": [[7.908416358132646, 3.3335117462658523], [10.857120457637874, 4.869349918918655], [13.649304378448798, -0.5265889139537769], [12.860398497308397, -0.9348163576997983], [12.87072267995987, -0.9547680011683859], [11.900392218756958, -1.4554143883172195], [11.883392963644935, -1.4225630635512516], [11.350934120952699, -1.6980893556584995], [11.061554811738143, -1.138859342054264], [10.62702483280034, -1.3637113386908872], [10.916404142014896, -1.9229413522951226], [10.689246774652224, -2.04048626306761], [7.908416358132646, 3.3335117462658523]]}