{"room_0": [[7.961374093244174, 1.8706700184439962], [7.961374093244174, -1.748919325881531], [4.062688324188815, -1.748919325881531], [4.062688324188815, 1.8706700184439962]], "corridor_1": [[3.824430947958256, 7.075581834569124], [3.824430947958256, 4.471697787169123], [3.1268907635543366, 4.471697787169123], [3.1268907635543366, 4.4622830725380025], [3.0181635972758416, 4.4622830725380025], [3.0181635972758416, 3.8610761279786248], [3.1364421336081767, 3.8610761279786248], [3.1364421336081767, 3.8595558334991926], [3.8390886650787057, 3.8595558334991926], [3.8390886650787057, 0.6350032724684245], [2.2583790509917385, 0.6350032724684245], [2.2583790509917385, 1.7569761029493218], [2.5506948629161794, 1.7569761029493218], [2.5506948629161794, 1.7603580767090312], [2.6542868866951386, 1.7603580767090312], [2.6542868866951386, 3.0000917226276167], [2.5291557869020926, 3.0000917226276167], [2.5291557869020926, 2.996185240009323], [1.5204491867748633, 2.996185240009323], [1.5204491867748633, 7.075581834569124]], "bathroom_2": [[-0.6095221940982962, 4.569366001003843], [-0.6095221940982962, 4.372026377559119], [0.30459852912572094, 4.372026377559119], [0.30459852912572094, 4.572848525069229], [1.320469044235693, 4.572848525069229], [1.320469044235693, 2.9935004631465256], [-1.2499741324645188, 2.9935004631465256], [-1.2499741324645188, 4.569366001003843]], "living_dining_3": [[7.918715658839407, 7.075581834569122], [7.918715658839407, 2.1280657801747456], [4.044977073053666, 2.1280657801747456], [4.044977073053666, 7.075581834569122]], "balcony_4": [[9.392624492203913, 6.259233000935965], [9.392624492203913, 3.723509706492554], [8.432995913325932, 3.723509706492554], [8.432995913325932, 6.259233000935965]], "room_5": [[2.5304711270605824, 2.8672529220467187], [2.5304711270605824, 1.8806450558984409], [2.1070207713627527, 1.8806450558984409], [2.1070207713627527, 1.8712704374632763], [2.0979310739780725, 1.8712704374632763], [2.0979310739780725, 0.6194428532765874], [-1.236069327763667, 0.6194428532765874], [-1.236069327763667, 2.8672529220467187]], "kitchen_6": [[1.3148988114198672, 7.075581834569118], [1.3148988114198672, 4.724800504930889], [-1.2600120999426268, 4.724800504930889], [-1.2600120999426268, 7.075581834569118]]}