{"shaft_0": [[3.3198499418398946, -3.9311949524265444], [4.5221540207218, -4.0414218968468845], [3.862109995807625, -4.5836094705964285], [3.3198499418398946, -3.9311949524265444]], "room_1": [[-4.149302684372094, -3.688701741588318], [-1.713053771312655, -1.6637920709999685], [-1.4876407263986309, -1.9349954207778621], [-1.4898347568355348, -1.9368190084356902], [-1.37184675288524, -2.0787750426001352], [-0.6982794087552264, -1.518933631646532], [-0.5742754480228349, -1.668127701356111], [-0.5736770760854952, -1.6676303592676112], [-0.5718534884276636, -1.669824389704516], [-0.398059683516415, -1.5253741431116108], [0.7517483449868081, -2.9087536589267957], [-2.530266058614327, -5.636628741492325], [-4.149302684372094, -3.688701741588318]], "living_room_2": [[-2.4122780546640357, -5.778584775656769], [0.8697363489370993, -3.05070969309124], [1.1917219324863666, -3.4381032836975747], [1.3336779666508107, -3.3201152797472817], [1.2675397039907885, -3.2405417200682924], [2.0477413110348337, -2.592070305409722], [3.767572136917707, -4.661266794054006], [-0.4567783953388602, -8.131323758889945], [-2.4122780546640357, -5.778584775656769]], "kitchen_3": [[2.2413982932658136, -2.6336671195616024], [3.0344981398480364, -1.9744752198842708], [3.4146885363894235, -2.4318973230936773], [3.5087748155668415, -2.353696686223296], [3.5076222450125414, -2.352309983003435], [4.025812342747152, -1.9216117343633812], [3.663660464812434, -1.48589248634155], [4.49705068850874, -0.7932128860386278], [4.497405932857667, -0.7936402945652947], [4.664892503015192, -0.6544323615057142], [4.237266966179526, -0.1399391648735655], [5.4213689003138015, 0.8442375522664864], [7.273238117998574, -1.3838195478815312], [7.225406635571286, -1.8229971212858977], [6.957530962155769, -2.0456443387794767], [6.955205000149512, -2.042812777528834], [4.64356448836455, -3.941690296537981], [3.2201050093033636, -3.8111878790222757], [2.2413982932658136, -2.6336671195616024]], "bathroom_4": [[1.5053703626291295, 0.0566784489153465], [2.258274811769862, 0.682461591155735], [2.2735029528605715, 0.6641400123124761], [2.3338370074476558, 0.714287191422251], [2.3383415251693833, 0.7136923879489325], [2.3389850728204813, 0.7185660511489314], [2.8721788251507583, 1.1617347190150635], [4.382709859874108, -0.6556449127479933], [3.502932148576747, -1.3868798805809561], [3.50583725791909, -1.3903751325323892], [3.460731411404524, -1.427865252822567], [3.867391459100464, -1.9171340402525114], [3.440694695481472, -2.2717868010723468], [1.5053703626291295, 0.0566784489153465]], "balcony_5": [[-3.459842995417713, -6.745312782274812], [-2.8070098599341318, -6.202704790851989], [-1.3403001892307422, -7.967361206358495], [-1.9931333247143233, -8.509969197781318], [-3.459842995417713, -6.745312782274812]], "corridor_6": [[-0.2561036493519708, -1.4073861391613178], [1.4112840834517115, -0.0215221879550347], [2.927120100452388, -1.845284453716367], [2.1101429486737295, -2.5243221852135402], [2.113679603525277, -2.52857727454572], [2.043470629544295, -2.5869320795962594], [2.0435451769330903, -2.5870217705081853], [1.2633435698890452, -3.2354931851667557], [-0.2561036493519708, -1.4073861391613178]]}