{"bathroom_0": [[-3.6206783454458367, 2.7340477471617133], [-3.0701707671561724, 3.5262861014451126], [-3.0678716455353205, 3.5246617518081766], [-2.880157867431619, 3.7903538146234133], [-2.065856832007787, 3.215042974496958], [-2.8141709577922187, 2.138140176282365], [-3.620271002434156, 1.991625522444668], [-3.6206783454458367, 2.7340477471617133]], "kitchen_1": [[-9.398011344535334, 3.5582518717169025], [-9.140775113992442, 3.605105056346642], [-9.142617669284176, 3.6152211665226726], [-9.139432106822273, 3.615222914337547], [-9.13959759058815, 3.916833159495277], [-5.347200395006919, 3.91453158497758], [-5.345973264155248, 1.6779663542265162], [-6.37174944531729, 1.4915239354512215], [-9.139860242274837, 1.493203879018278], [-9.140188292456243, 2.0911072148111467], [-9.145154794826674, 2.0911044898522673], [-9.397237480076496, 2.147808690709562], [-9.398011344535334, 3.5582518717169025]], "room_2": [[-9.544461363081586, -3.8509798534724604], [-9.51900570438816, -3.8228604146458203], [-9.511909083484209, -3.8259125223952335], [-9.403066333232793, -3.572836353368772], [-9.399077323527312, -3.573518011028834], [-9.352447697998663, -3.3006449257614037], [-9.145500090062114, -3.300531380316409], [-9.146663869397473, -1.1794304445952557], [-5.293379114927488, -0.4859992578168999], [-4.413540295330694, -5.349313742831399], [-5.866396475861496, -5.610767502332317], [-5.821697479183198, -5.859152584694703], [-6.121648051242751, -5.912515939570527], [-6.124096639128972, -5.905959686065168], [-6.339479553323761, -5.986399527838541], [-6.340078302914614, -5.98553884820001], [-6.343443625069645, -5.987880004157706], [-6.387447466445257, -6.0043142791367945], [-6.38324440795725, -6.015568241920919], [-6.570847462477889, -6.14607818674641], [-6.564126155726877, -6.155739808154236], [-6.585009825405393, -6.184177018288789], [-6.894948824056101, -6.179361271554491], [-7.679963919699507, -5.962191336348958], [-8.309774841474974, -5.636273124309447], [-8.891095921825395, -5.114050460902801], [-9.303508072925016, -4.514623501435611], [-9.544461363081586, -3.8509798534724604]], "shaft_3": [[-3.621326670186748, 3.9156825922013034], [-3.116355888688201, 3.558916295825376], [-3.6207326730086677, 2.833065010017014], [-3.621326670186748, 3.9156825922013034]], "bathroom_4": [[-5.2889533405804805, 3.914496235321601], [-3.908084464200099, 3.9136581974120044], [-3.908082537341849, 3.9168331594952788], [-3.679574260407858, 3.9166944797103955], [-3.6785122293940775, 1.9810397480561943], [-5.192045231858096, 1.7059439142301929], [-5.192876870054198, 3.2216853459004184], [-5.240088478006646, 3.2216594424213323], [-5.240088830338401, 3.222301601284439], [-5.288573541224203, 3.22227499929504], [-5.2889533405804805, 3.914496235321601]], "shaft_5": [[-9.139827643787998, 1.433789968802016], [-8.467948839852848, 1.433382211108301], [-8.4677260255112, 1.027281420177578], [-9.13960440346326, 1.0269127822881816], [-9.139827643787998, 1.433789968802016]], "shaft_6": [[-5.2885341087146465, 3.1504054185501467], [-5.251084807373168, 3.1504259657680045], [-5.250286458818019, 1.69535813984172], [-5.2877320371953225, 1.6885521286149854], [-5.2885341087146465, 3.1504054185501467]], "shaft_7": [[1.200193734574003, 0.6887389624021947], [1.606214523771953, 0.7618058379772816], [1.7618902975294701, -0.09869295864065286], [1.3558695083315242, -0.17175983421573315], [1.200193734574003, 0.6887389624021947]], "room_8": [[-9.396294758072608, 0.4296062241250742], [-9.155097778592047, 0.4735380084926497], [-9.13930078941605, 0.47354667578860576], [-9.13958020505638, 0.9828088341309908], [-8.434442884007042, 0.9831957201244927], [-8.434467082413923, 1.0272996682816817], [-8.4352562281918, 1.0272992353029702], [-8.435479021947007, 1.4333625054441423], [-6.408187128397721, 1.4321321587474514], [-6.187406564522657, -0.591303147972138], [-9.146694363477549, -1.1238520202213325], [-9.14680193289717, -0.9277962992761242], [-9.170582294462378, -0.9278093467897572], [-9.395577756827752, -0.8771982233906956], [-9.396294758072608, 0.4296062241250742]], "balcony_9": [[-10.636428857616854, -4.67350072698513], [-9.899607230318189, -4.3730131553079605], [-9.75816619944284, -4.762575969083166], [-9.7551274669182, -4.761472677275933], [-9.280561118947272, -5.451238636574605], [-9.281144371266132, -5.451887893858663], [-9.278447705995022, -5.454310410033965], [-9.278163445851654, -5.454723572432274], [-9.278063971623435, -5.45465513310069], [-8.59397166539846, -6.069201066920007], [-8.591811229997031, -6.066796141340195], [-7.844466877793165, -6.453536235274203], [-7.841913285612913, -6.448601622277835], [-7.226874442010402, -6.618748599775861], [-7.388814962143568, -7.415014627924281], [-7.785148256875415, -7.3184472754824075], [-7.784770300114099, -7.31736034655337], [-8.196982223923234, -7.174022286869965], [-8.196307426763095, -7.17260462114556], [-8.586149625677766, -6.98704295861625], [-8.585558061199238, -6.986055883503626], [-8.972669083543385, -6.754056183439857], [-9.30937276078371, -6.507894092039942], [-9.30860797104462, -6.507034230152668], [-9.63470594607979, -6.216991853658875], [-9.633540421475995, -6.215939865202941], [-9.922825466488021, -5.895433650929695], [-9.921901471242716, -5.894747721926882], [-10.18885630918705, -5.535140532325227], [-10.191081813276321, -5.536792638013537], [-10.407862636692027, -5.172474483609035], [-10.406822019220593, -5.171983178115118], [-10.591872887273539, -4.780033222782187], [-10.589473224153576, -4.778964824104593], [-10.636428857616854, -4.67350072698513]], "dining_10": [[-5.240827989502314, -0.4765422382629083], [-4.888645791765008, -0.4131640726456691], [-4.887249755294437, -0.4209216211253084], [-3.085019706191656, -0.09659507859630789], [-3.086415742662226, -0.08883753011666862], [-1.7558603874570087, 0.15060716131547514], [-0.8751195421116718, -4.717693276570217], [-1.5993817675917112, -4.84803039063134], [-1.5884933992168508, -4.9085352895454335], [-1.6002609512939254, -5.091634580490256], [-2.981734770122239, -5.340242480174307], [-3.077950372642624, -5.105909467100319], [-3.091190216059937, -5.1113456602126774], [-4.360989169905517, -5.339856723277411], [-5.240827989502314, -0.4765422382629083]], "room_11": [[-1.703309262031833, 0.1600641808694654], [-0.10821119415659108, 0.4471155712323225], [-0.1092858106992034, 0.4530870412491026], [1.1602028402845979, 0.6815422626889847], [1.3158786140421128, -0.17895653392894673], [1.3146927148266938, -0.17916994652437035], [1.3222204531493333, -0.22100036873113282], [1.7694567224422548, -0.14051641886826216], [2.4862591062072097, -4.102646002391978], [1.6940387071623397, -4.245212764649143], [1.693190384447687, -4.2451582440572215], [1.6766886562639018, -4.501919778658997], [0.29609533595150417, -4.7503692251869065], [0.21664680893665822, -4.55687240936917], [0.2104322389436255, -4.522339050809125], [0.20301564795129057, -4.523673729095669], [0.1995492556192613, -4.515231333700497], [0.1602395151214271, -4.531371656044769], [-0.8225684166864959, -4.708236257016226], [-1.703309262031833, 0.1600641808694654]], "corridor_12": [[-6.354704378310602, 1.434234706027959], [-2.782070180459688, 2.0835874337273697], [-2.7823084325199714, 2.084898258217627], [-2.0196717104757607, 3.1824127801166915], [0.9826984607356253, 1.0612118600279807], [-0.2022824656234179, 0.8479645184912175], [-0.13914723672220553, 0.4971322807240268], [-3.096104758586395, -0.03499723845071445], [-3.137455445023657, 0.1947818263989971], [-4.939685494126434, -0.12954471613000473], [-4.898334807689175, -0.3593237809797145], [-6.134728761158151, -0.5818233316513868], [-6.354704378310602, 1.434234706027959]]}